ts_code,name,market,industry_ids,overlay_total,overlay_known,overlay_optionality,overlay_unknown,overlay_inactive,overlay_na,realtime_dps,industry_l0_known,effective_dps,spec_total,spec_coverage_pct,realtime_by_source,overlay_known_dp_ids,overlay_opt_dp_ids,realtime_dp_ids,industry_l0_dp_ids
00005.HK,汇丰控股,HK,FINANCIAL_HIGH_DIVIDEND,59,1,5,51,2,0,32,0,38,250,15.20,"{""derive:l10_val_expansion_compression"": 1, ""derive:bootstrap_l11_subscore"": 11, ""derive:l11_long_score"": 1, ""derive:l11_mid_score"": 1, ""derive:l11_mode"": 1, ""derive:l11_short_score"": 1, ""derive:l11_trade_signal"": 1, ""futu:snapshot"": 3, ""derive:l6_path_second_derivative"": 1, ""derive:l6_path_tag"": 1, ""derive:l6_sens_cashflow"": 1, ""derive:l6_sens_growth_margin"": 1, ""derive:l6_sens_rates"": 1, ""derive:l6_sens_risk_narrative"": 1, ""derive:l7_env_risk_appetite"": 1, ""futu"": 1, ""derive:l7_mood_fomo"": 1, ""derive:l8_industry_demand_supply"": 1, ""derive:l8_industry_price_war"": 1, ""derive:l8_val_priced_in"": 1}",company,L2.newbiz.commercialization;L2.newbiz.revenue_contrib;L2.newbiz.tam;L2.newbiz.uncertainty;L2.newbiz.valuation_contrib,L10.val.expansion_compression;L11.long.business_model;L11.long.compete_moat;L11.long.industry_space;L11.long.margin;L11.long.score;L11.mid.eps_upward;L11.mid.margin_guidance;L11.mid.orders_revenue;L11.mid.score;L11.mode;L11.short.event_impact;L11.short.flow_boost;L11.short.score;L11.short.sentiment_shift;L11.short.technical;L11.trade.signal;L6.mult.pb;L6.mult.pe;L6.path.second_derivative;L6.path.tag;L6.sens.cashflow;L6.sens.growth_margin;L6.sens.rates;L6.sens.risk_narrative;L7.env.risk_appetite;L7.market.l2_quote;L7.mood.fomo;L7.trade.volume_turnover;L8.industry.demand_supply;L8.industry.price_war;L8.val.priced_in,
000063.SZ,中兴通讯,A,AI_COMPUTE,59,1,5,51,2,0,99,0,105,250,42.00,"{""tushare:stock_company"": 1, ""derive:l10_val_expansion_compression"": 1, ""derived:pe_pb_history"": 1, ""derive:bootstrap_l11_subscore"": 11, ""derive:l11_long_score"": 1, ""derive:l11_mid_score"": 1, ""derive:l11_mode"": 1, ""derive:l11_short_score"": 1, ""derive:l11_trade_signal"": 1, ""tushare:cashflow+income.derived"": 1, ""tushare:income.derived"": 5, ""tushare:balancesheet+income.derived"": 2, ""tushare:balancesheet"": 4, ""tushare:balancesheet.derived"": 1, ""tushare:cashflow"": 5, ""tushare:fina_indicator"": 16, ""tushare:income"": 5, ""tushare:report_rc"": 1, ""tushare:daily_basic+cashflow"": 1, ""tushare:daily_basic"": 4, ""derive:l6_path_second_derivative"": 1, ""derive:l6_path_tag"": 1, ""derived:turnover_history"": 1, ""derived:price_history"": 1, ""derive:l6_sens_cashflow"": 1, ""derive:l6_sens_growth_margin"": 1, ""derive:l6_sens_rates"": 1, ""derive:l6_sens_risk_narrative"": 1, ""tushare:daily_basic.history"": 1, ""derive:l7_env_risk_appetite"": 1, ""tushare:moneyflow"": 1, ""derive:l7_mood_fomo"": 1, ""akshare:stock_hot_rank_em+keyword"": 1, ""akshare:stock_hot_keyword_em"": 1, ""tushare:margin_detail"": 1, ""tushare:cashflow+income+balancesheet.derived"": 1, ""tushare:balancesheet+fina_indicator.derived"": 2, ""tushare:stk_holdertrade|alias→L8.gov.insider_sell"": 1, ""tushare:stk_managers|alias→L8.gov.management_change"": 1, ""tushare:stk_managers"": 2, ""derive:l8_industry_demand_supply"": 1, ""derive:l8_industry_price_war"": 1, ""derived:from_quantile"": 1, ""derive:l8_val_priced_in"": 1, ""tushare:dividend"": 1, ""tushare:forecast"": 1, ""tushare:irm_qa_sz"": 1, ""tushare:stk_holdertrade"": 3, ""akshare:stock_individual_notice_report"": 1, ""akshare:em_news"": 1, ""akshare:xq_hot"": 1}",company,L2.newbiz.commercialization;L2.newbiz.revenue_contrib;L2.newbiz.tam;L2.newbiz.uncertainty;L2.newbiz.valuation_contrib,L1.company.main_business;L10.val.expansion_compression;L10.val.historical_quantile;L11.long.business_model;L11.long.compete_moat;L11.long.industry_space;L11.long.margin;L11.long.score;L11.mid.eps_upward;L11.mid.margin_guidance;L11.mid.orders_revenue;L11.mid.score;L11.mode;L11.short.event_impact;L11.short.flow_boost;L11.short.score;L11.short.sentiment_shift;L11.short.technical;L11.trade.signal;L4.cost.labor;L4.cost.raw_material;L4.eff.cycle;L4.eff.turnover;L5.bs.ar_ap;L5.bs.cash_debt;L5.bs.goodwill_ppe;L5.bs.inventory;L5.bs.leverage;L5.cf.buyback_dividend;L5.cf.capex;L5.cf.fcf;L5.cf.icf_fcf;L5.cf.ocf;L5.fina.asset_turnover;L5.fina.bps;L5.fina.cfps;L5.fina.debt_ratio;L5.fina.eps;L5.fina.gross_margin;L5.fina.net_margin;L5.fina.net_profit_yoy;L5.fina.ocf_quality;L5.fina.profit_yoy_q;L5.fina.revenue_yoy;L5.fina.revenue_yoy_q;L5.fina.roa;L5.fina.roe;L5.fina.total_revenue_yoy;L5.fina.working_capital;L5.is.eps;L5.is.gross_margin;L5.is.gross_profit;L5.is.margins;L5.is.net_profit;L5.is.operating_profit;L5.is.revenue;L5.is.revenue_growth;L5.is.sga_rd;L5.surprise.sell_side;L6.mult.mcap_fcf;L6.mult.pb;L6.mult.pe;L6.mult.ps;L6.path.second_derivative;L6.path.tag;L6.priced.crowdedness;L6.priced.run_up;L6.sens.cashflow;L6.sens.growth_margin;L6.sens.rates;L6.sens.risk_narrative;L6.state.historical_percentile;L7.env.risk_appetite;L7.flow.active_inflow;L7.mood.fomo;L7.mood.media_social;L7.mood.theme;L7.trade.margin_short;L7.trade.volume_turnover;L8.fin.cash_ar;L8.fin.debt_pressure;L8.gov.insider_sell;L8.gov.management_change;L8.gov.management_table;L8.industry.demand_supply;L8.industry.price_war;L8.op.inventory_glut;L8.val.overvalued;L8.val.priced_in;L9.company.buyback_dividend;L9.company.earnings_guidance;L9.company.mgmt_litigation;L9.disclosure.qa_recent;L9.event.holder_trade_signal;L9.event.intraday_announcement;L9.event.intraday_news;L9.event.major_holder_decrease;L9.event.major_holder_increase;L9.media.social_buzz,
00027.HK,银河娱乐,HK,DOMESTIC_CONSUMPTION,59,1,5,51,2,0,32,0,38,250,15.20,"{""derive:l10_val_expansion_compression"": 1, ""derive:bootstrap_l11_subscore"": 11, ""derive:l11_long_score"": 1, ""derive:l11_mid_score"": 1, ""derive:l11_mode"": 1, ""derive:l11_short_score"": 1, ""derive:l11_trade_signal"": 1, ""futu:snapshot"": 3, ""derive:l6_path_second_derivative"": 1, ""derive:l6_path_tag"": 1, ""derive:l6_sens_cashflow"": 1, ""derive:l6_sens_growth_margin"": 1, ""derive:l6_sens_rates"": 1, ""derive:l6_sens_risk_narrative"": 1, ""derive:l7_env_risk_appetite"": 1, ""futu"": 1, ""derive:l7_mood_fomo"": 1, ""derive:l8_industry_demand_supply"": 1, ""derive:l8_industry_price_war"": 1, ""derive:l8_val_priced_in"": 1}",company,L2.newbiz.commercialization;L2.newbiz.revenue_contrib;L2.newbiz.tam;L2.newbiz.uncertainty;L2.newbiz.valuation_contrib,L10.val.expansion_compression;L11.long.business_model;L11.long.compete_moat;L11.long.industry_space;L11.long.margin;L11.long.score;L11.mid.eps_upward;L11.mid.margin_guidance;L11.mid.orders_revenue;L11.mid.score;L11.mode;L11.short.event_impact;L11.short.flow_boost;L11.short.score;L11.short.sentiment_shift;L11.short.technical;L11.trade.signal;L6.mult.pb;L6.mult.pe;L6.path.second_derivative;L6.path.tag;L6.sens.cashflow;L6.sens.growth_margin;L6.sens.rates;L6.sens.risk_narrative;L7.env.risk_appetite;L7.market.l2_quote;L7.mood.fomo;L7.trade.volume_turnover;L8.industry.demand_supply;L8.industry.price_war;L8.val.priced_in,
000333.SZ,美的集团,A,EXPORT_MFG,59,1,5,51,2,0,96,0,102,250,40.80,"{""derive:l10_val_expansion_compression"": 1, ""derived:pe_pb_history"": 1, ""derive:bootstrap_l11_subscore"": 11, ""derive:l11_long_score"": 1, ""derive:l11_mid_score"": 1, ""derive:l11_mode"": 1, ""derive:l11_short_score"": 1, ""derive:l11_trade_signal"": 1, ""tushare:cashflow+income.derived"": 1, ""tushare:income.derived"": 5, ""tushare:balancesheet+income.derived"": 2, ""tushare:balancesheet"": 4, ""tushare:balancesheet.derived"": 1, ""tushare:cashflow"": 5, ""tushare:fina_indicator"": 16, ""tushare:income"": 5, ""tushare:report_rc"": 1, ""tushare:daily_basic+cashflow"": 1, ""tushare:daily_basic"": 4, ""derive:l6_path_second_derivative"": 1, ""derive:l6_path_tag"": 1, ""derived:turnover_history"": 1, ""derived:price_history"": 1, ""derive:l6_sens_cashflow"": 1, ""derive:l6_sens_growth_margin"": 1, ""derive:l6_sens_rates"": 1, ""derive:l6_sens_risk_narrative"": 1, ""tushare:daily_basic.history"": 1, ""derive:l7_env_risk_appetite"": 1, ""tushare:moneyflow"": 1, ""derive:l7_mood_fomo"": 1, ""akshare:stock_hot_rank_em+keyword"": 1, ""akshare:stock_hot_keyword_em"": 1, ""tushare:margin_detail"": 1, ""tushare:cashflow+income+balancesheet.derived"": 1, ""tushare:balancesheet+fina_indicator.derived"": 2, ""tushare:stk_holdertrade|alias→L8.gov.insider_sell"": 1, ""tushare:stk_managers|alias→L8.gov.management_change"": 1, ""derive:l8_industry_demand_supply"": 1, ""derive:l8_industry_price_war"": 1, ""derived:from_quantile"": 1, ""derive:l8_val_priced_in"": 1, ""tushare:dividend"": 1, ""tushare:forecast"": 1, ""tushare:stk_managers"": 1, ""tushare:stk_holdertrade"": 3, ""akshare:stock_individual_notice_report"": 1, ""akshare:em_news"": 1, ""akshare:xq_hot"": 1}",company,L2.newbiz.commercialization;L2.newbiz.revenue_contrib;L2.newbiz.tam;L2.newbiz.uncertainty;L2.newbiz.valuation_contrib,L10.val.expansion_compression;L10.val.historical_quantile;L11.long.business_model;L11.long.compete_moat;L11.long.industry_space;L11.long.margin;L11.long.score;L11.mid.eps_upward;L11.mid.margin_guidance;L11.mid.orders_revenue;L11.mid.score;L11.mode;L11.short.event_impact;L11.short.flow_boost;L11.short.score;L11.short.sentiment_shift;L11.short.technical;L11.trade.signal;L4.cost.labor;L4.cost.raw_material;L4.eff.cycle;L4.eff.turnover;L5.bs.ar_ap;L5.bs.cash_debt;L5.bs.goodwill_ppe;L5.bs.inventory;L5.bs.leverage;L5.cf.buyback_dividend;L5.cf.capex;L5.cf.fcf;L5.cf.icf_fcf;L5.cf.ocf;L5.fina.asset_turnover;L5.fina.bps;L5.fina.cfps;L5.fina.debt_ratio;L5.fina.eps;L5.fina.gross_margin;L5.fina.net_margin;L5.fina.net_profit_yoy;L5.fina.ocf_quality;L5.fina.profit_yoy_q;L5.fina.revenue_yoy;L5.fina.revenue_yoy_q;L5.fina.roa;L5.fina.roe;L5.fina.total_revenue_yoy;L5.fina.working_capital;L5.is.eps;L5.is.gross_margin;L5.is.gross_profit;L5.is.margins;L5.is.net_profit;L5.is.operating_profit;L5.is.revenue;L5.is.revenue_growth;L5.is.sga_rd;L5.surprise.sell_side;L6.mult.mcap_fcf;L6.mult.pb;L6.mult.pe;L6.mult.ps;L6.path.second_derivative;L6.path.tag;L6.priced.crowdedness;L6.priced.run_up;L6.sens.cashflow;L6.sens.growth_margin;L6.sens.rates;L6.sens.risk_narrative;L6.state.historical_percentile;L7.env.risk_appetite;L7.flow.active_inflow;L7.mood.fomo;L7.mood.media_social;L7.mood.theme;L7.trade.margin_short;L7.trade.volume_turnover;L8.fin.cash_ar;L8.fin.debt_pressure;L8.gov.insider_sell;L8.gov.management_change;L8.industry.demand_supply;L8.industry.price_war;L8.op.inventory_glut;L8.val.overvalued;L8.val.priced_in;L9.company.buyback_dividend;L9.company.earnings_guidance;L9.company.mgmt_litigation;L9.event.holder_trade_signal;L9.event.intraday_announcement;L9.event.intraday_news;L9.event.major_holder_decrease;L9.event.major_holder_increase;L9.media.social_buzz,
000400.SZ,许继电气,A,STORAGE_GRID,59,1,5,51,2,0,96,0,102,250,40.80,"{""derive:l10_val_expansion_compression"": 1, ""derived:pe_pb_history"": 1, ""derive:bootstrap_l11_subscore"": 11, ""derive:l11_long_score"": 1, ""derive:l11_mid_score"": 1, ""derive:l11_mode"": 1, ""derive:l11_short_score"": 1, ""derive:l11_trade_signal"": 1, ""tushare:cashflow+income.derived"": 1, ""tushare:income.derived"": 5, ""tushare:balancesheet+income.derived"": 2, ""tushare:balancesheet"": 4, ""tushare:balancesheet.derived"": 1, ""tushare:cashflow"": 5, ""tushare:fina_indicator"": 16, ""tushare:income"": 5, ""tushare:report_rc"": 1, ""tushare:daily_basic+cashflow"": 1, ""tushare:daily_basic"": 4, ""derive:l6_path_second_derivative"": 1, ""derive:l6_path_tag"": 1, ""derived:turnover_history"": 1, ""derived:price_history"": 1, ""derive:l6_sens_cashflow"": 1, ""derive:l6_sens_growth_margin"": 1, ""derive:l6_sens_rates"": 1, ""derive:l6_sens_risk_narrative"": 1, ""tushare:daily_basic.history"": 1, ""derive:l7_env_risk_appetite"": 1, ""tushare:moneyflow"": 1, ""derive:l7_mood_fomo"": 1, ""akshare:stock_hot_rank_em+keyword"": 1, ""akshare:stock_hot_keyword_em"": 1, ""tushare:margin_detail"": 1, ""tushare:cashflow+income+balancesheet.derived"": 1, ""tushare:balancesheet+fina_indicator.derived"": 2, ""tushare:stk_holdertrade|alias→L8.gov.insider_sell"": 1, ""tushare:stk_managers|alias→L8.gov.management_change"": 1, ""derive:l8_industry_demand_supply"": 1, ""derive:l8_industry_price_war"": 1, ""derived:from_quantile"": 1, ""derive:l8_val_priced_in"": 1, ""tushare:dividend"": 1, ""tushare:forecast"": 1, ""tushare:stk_managers"": 1, ""tushare:stk_holdertrade"": 3, ""akshare:stock_individual_notice_report"": 1, ""akshare:em_news"": 1, ""akshare:xq_hot"": 1}",company,L2.newbiz.commercialization;L2.newbiz.revenue_contrib;L2.newbiz.tam;L2.newbiz.uncertainty;L2.newbiz.valuation_contrib,L10.val.expansion_compression;L10.val.historical_quantile;L11.long.business_model;L11.long.compete_moat;L11.long.industry_space;L11.long.margin;L11.long.score;L11.mid.eps_upward;L11.mid.margin_guidance;L11.mid.orders_revenue;L11.mid.score;L11.mode;L11.short.event_impact;L11.short.flow_boost;L11.short.score;L11.short.sentiment_shift;L11.short.technical;L11.trade.signal;L4.cost.labor;L4.cost.raw_material;L4.eff.cycle;L4.eff.turnover;L5.bs.ar_ap;L5.bs.cash_debt;L5.bs.goodwill_ppe;L5.bs.inventory;L5.bs.leverage;L5.cf.buyback_dividend;L5.cf.capex;L5.cf.fcf;L5.cf.icf_fcf;L5.cf.ocf;L5.fina.asset_turnover;L5.fina.bps;L5.fina.cfps;L5.fina.debt_ratio;L5.fina.eps;L5.fina.gross_margin;L5.fina.net_margin;L5.fina.net_profit_yoy;L5.fina.ocf_quality;L5.fina.profit_yoy_q;L5.fina.revenue_yoy;L5.fina.revenue_yoy_q;L5.fina.roa;L5.fina.roe;L5.fina.total_revenue_yoy;L5.fina.working_capital;L5.is.eps;L5.is.gross_margin;L5.is.gross_profit;L5.is.margins;L5.is.net_profit;L5.is.operating_profit;L5.is.revenue;L5.is.revenue_growth;L5.is.sga_rd;L5.surprise.sell_side;L6.mult.mcap_fcf;L6.mult.pb;L6.mult.pe;L6.mult.ps;L6.path.second_derivative;L6.path.tag;L6.priced.crowdedness;L6.priced.run_up;L6.sens.cashflow;L6.sens.growth_margin;L6.sens.rates;L6.sens.risk_narrative;L6.state.historical_percentile;L7.env.risk_appetite;L7.flow.active_inflow;L7.mood.fomo;L7.mood.media_social;L7.mood.theme;L7.trade.margin_short;L7.trade.volume_turnover;L8.fin.cash_ar;L8.fin.debt_pressure;L8.gov.insider_sell;L8.gov.management_change;L8.industry.demand_supply;L8.industry.price_war;L8.op.inventory_glut;L8.val.overvalued;L8.val.priced_in;L9.company.buyback_dividend;L9.company.earnings_guidance;L9.company.mgmt_litigation;L9.event.holder_trade_signal;L9.event.intraday_announcement;L9.event.intraday_news;L9.event.major_holder_decrease;L9.event.major_holder_increase;L9.media.social_buzz,
000425.SZ,徐工机械,A,EXPORT_MFG,59,1,5,51,2,0,95,0,101,250,40.40,"{""derive:l10_val_expansion_compression"": 1, ""derived:pe_pb_history"": 1, ""derive:bootstrap_l11_subscore"": 11, ""derive:l11_long_score"": 1, ""derive:l11_mid_score"": 1, ""derive:l11_mode"": 1, ""derive:l11_short_score"": 1, ""derive:l11_trade_signal"": 1, ""tushare:cashflow+income.derived"": 1, ""tushare:income.derived"": 5, ""tushare:balancesheet+income.derived"": 2, ""tushare:balancesheet"": 3, ""tushare:balancesheet.derived"": 1, ""tushare:cashflow"": 5, ""tushare:fina_indicator"": 16, ""tushare:income"": 5, ""tushare:report_rc"": 1, ""tushare:daily_basic+cashflow"": 1, ""tushare:daily_basic"": 4, ""derive:l6_path_second_derivative"": 1, ""derive:l6_path_tag"": 1, ""derived:turnover_history"": 1, ""derived:price_history"": 1, ""derive:l6_sens_cashflow"": 1, ""derive:l6_sens_growth_margin"": 1, ""derive:l6_sens_rates"": 1, ""derive:l6_sens_risk_narrative"": 1, ""tushare:daily_basic.history"": 1, ""derive:l7_env_risk_appetite"": 1, ""tushare:moneyflow"": 1, ""derive:l7_mood_fomo"": 1, ""akshare:stock_hot_rank_em+keyword"": 1, ""akshare:stock_hot_keyword_em"": 1, ""tushare:margin_detail"": 1, ""tushare:cashflow+income+balancesheet.derived"": 1, ""tushare:balancesheet+fina_indicator.derived"": 2, ""tushare:stk_holdertrade|alias→L8.gov.insider_sell"": 1, ""tushare:stk_managers|alias→L8.gov.management_change"": 1, ""derive:l8_industry_demand_supply"": 1, ""derive:l8_industry_price_war"": 1, ""derived:from_quantile"": 1, ""derive:l8_val_priced_in"": 1, ""tushare:dividend"": 1, ""tushare:forecast"": 1, ""tushare:stk_managers"": 1, ""tushare:stk_holdertrade"": 3, ""akshare:stock_individual_notice_report"": 1, ""akshare:em_news"": 1, ""akshare:xq_hot"": 1}",company,L2.newbiz.commercialization;L2.newbiz.revenue_contrib;L2.newbiz.tam;L2.newbiz.uncertainty;L2.newbiz.valuation_contrib,L10.val.expansion_compression;L10.val.historical_quantile;L11.long.business_model;L11.long.compete_moat;L11.long.industry_space;L11.long.margin;L11.long.score;L11.mid.eps_upward;L11.mid.margin_guidance;L11.mid.orders_revenue;L11.mid.score;L11.mode;L11.short.event_impact;L11.short.flow_boost;L11.short.score;L11.short.sentiment_shift;L11.short.technical;L11.trade.signal;L4.cost.labor;L4.cost.raw_material;L4.eff.cycle;L4.eff.turnover;L5.bs.ar_ap;L5.bs.cash_debt;L5.bs.inventory;L5.bs.leverage;L5.cf.buyback_dividend;L5.cf.capex;L5.cf.fcf;L5.cf.icf_fcf;L5.cf.ocf;L5.fina.asset_turnover;L5.fina.bps;L5.fina.cfps;L5.fina.debt_ratio;L5.fina.eps;L5.fina.gross_margin;L5.fina.net_margin;L5.fina.net_profit_yoy;L5.fina.ocf_quality;L5.fina.profit_yoy_q;L5.fina.revenue_yoy;L5.fina.revenue_yoy_q;L5.fina.roa;L5.fina.roe;L5.fina.total_revenue_yoy;L5.fina.working_capital;L5.is.eps;L5.is.gross_margin;L5.is.gross_profit;L5.is.margins;L5.is.net_profit;L5.is.operating_profit;L5.is.revenue;L5.is.revenue_growth;L5.is.sga_rd;L5.surprise.sell_side;L6.mult.mcap_fcf;L6.mult.pb;L6.mult.pe;L6.mult.ps;L6.path.second_derivative;L6.path.tag;L6.priced.crowdedness;L6.priced.run_up;L6.sens.cashflow;L6.sens.growth_margin;L6.sens.rates;L6.sens.risk_narrative;L6.state.historical_percentile;L7.env.risk_appetite;L7.flow.active_inflow;L7.mood.fomo;L7.mood.media_social;L7.mood.theme;L7.trade.margin_short;L7.trade.volume_turnover;L8.fin.cash_ar;L8.fin.debt_pressure;L8.gov.insider_sell;L8.gov.management_change;L8.industry.demand_supply;L8.industry.price_war;L8.op.inventory_glut;L8.val.overvalued;L8.val.priced_in;L9.company.buyback_dividend;L9.company.earnings_guidance;L9.company.mgmt_litigation;L9.event.holder_trade_signal;L9.event.intraday_announcement;L9.event.intraday_news;L9.event.major_holder_decrease;L9.event.major_holder_increase;L9.media.social_buzz,
000651.SZ,格力电器,A,EXPORT_MFG,59,1,5,51,2,0,96,0,102,250,40.80,"{""derive:l10_val_expansion_compression"": 1, ""derived:pe_pb_history"": 1, ""derive:bootstrap_l11_subscore"": 11, ""derive:l11_long_score"": 1, ""derive:l11_mid_score"": 1, ""derive:l11_mode"": 1, ""derive:l11_short_score"": 1, ""derive:l11_trade_signal"": 1, ""tushare:cashflow+income.derived"": 1, ""tushare:income.derived"": 5, ""tushare:balancesheet+income.derived"": 2, ""tushare:balancesheet"": 4, ""tushare:balancesheet.derived"": 1, ""tushare:cashflow"": 5, ""tushare:fina_indicator"": 16, ""tushare:income"": 5, ""tushare:report_rc"": 1, ""tushare:daily_basic+cashflow"": 1, ""tushare:daily_basic"": 4, ""derive:l6_path_second_derivative"": 1, ""derive:l6_path_tag"": 1, ""derived:turnover_history"": 1, ""derived:price_history"": 1, ""derive:l6_sens_cashflow"": 1, ""derive:l6_sens_growth_margin"": 1, ""derive:l6_sens_rates"": 1, ""derive:l6_sens_risk_narrative"": 1, ""tushare:daily_basic.history"": 1, ""derive:l7_env_risk_appetite"": 1, ""tushare:moneyflow"": 1, ""derive:l7_mood_fomo"": 1, ""akshare:stock_hot_rank_em+keyword"": 1, ""akshare:stock_hot_keyword_em"": 1, ""tushare:margin_detail"": 1, ""tushare:cashflow+income+balancesheet.derived"": 1, ""tushare:balancesheet+fina_indicator.derived"": 2, ""tushare:stk_holdertrade|alias→L8.gov.insider_sell"": 1, ""tushare:stk_managers|alias→L8.gov.management_change"": 1, ""derive:l8_industry_demand_supply"": 1, ""derive:l8_industry_price_war"": 1, ""derived:from_quantile"": 1, ""derive:l8_val_priced_in"": 1, ""tushare:dividend"": 1, ""tushare:forecast"": 1, ""tushare:stk_managers"": 1, ""tushare:stk_holdertrade"": 3, ""akshare:stock_individual_notice_report"": 1, ""akshare:em_news"": 1, ""akshare:xq_hot"": 1}",company,L2.newbiz.commercialization;L2.newbiz.revenue_contrib;L2.newbiz.tam;L2.newbiz.uncertainty;L2.newbiz.valuation_contrib,L10.val.expansion_compression;L10.val.historical_quantile;L11.long.business_model;L11.long.compete_moat;L11.long.industry_space;L11.long.margin;L11.long.score;L11.mid.eps_upward;L11.mid.margin_guidance;L11.mid.orders_revenue;L11.mid.score;L11.mode;L11.short.event_impact;L11.short.flow_boost;L11.short.score;L11.short.sentiment_shift;L11.short.technical;L11.trade.signal;L4.cost.labor;L4.cost.raw_material;L4.eff.cycle;L4.eff.turnover;L5.bs.ar_ap;L5.bs.cash_debt;L5.bs.goodwill_ppe;L5.bs.inventory;L5.bs.leverage;L5.cf.buyback_dividend;L5.cf.capex;L5.cf.fcf;L5.cf.icf_fcf;L5.cf.ocf;L5.fina.asset_turnover;L5.fina.bps;L5.fina.cfps;L5.fina.debt_ratio;L5.fina.eps;L5.fina.gross_margin;L5.fina.net_margin;L5.fina.net_profit_yoy;L5.fina.ocf_quality;L5.fina.profit_yoy_q;L5.fina.revenue_yoy;L5.fina.revenue_yoy_q;L5.fina.roa;L5.fina.roe;L5.fina.total_revenue_yoy;L5.fina.working_capital;L5.is.eps;L5.is.gross_margin;L5.is.gross_profit;L5.is.margins;L5.is.net_profit;L5.is.operating_profit;L5.is.revenue;L5.is.revenue_growth;L5.is.sga_rd;L5.surprise.sell_side;L6.mult.mcap_fcf;L6.mult.pb;L6.mult.pe;L6.mult.ps;L6.path.second_derivative;L6.path.tag;L6.priced.crowdedness;L6.priced.run_up;L6.sens.cashflow;L6.sens.growth_margin;L6.sens.rates;L6.sens.risk_narrative;L6.state.historical_percentile;L7.env.risk_appetite;L7.flow.active_inflow;L7.mood.fomo;L7.mood.media_social;L7.mood.theme;L7.trade.margin_short;L7.trade.volume_turnover;L8.fin.cash_ar;L8.fin.debt_pressure;L8.gov.insider_sell;L8.gov.management_change;L8.industry.demand_supply;L8.industry.price_war;L8.op.inventory_glut;L8.val.overvalued;L8.val.priced_in;L9.company.buyback_dividend;L9.company.earnings_guidance;L9.company.mgmt_litigation;L9.event.holder_trade_signal;L9.event.intraday_announcement;L9.event.intraday_news;L9.event.major_holder_decrease;L9.event.major_holder_increase;L9.media.social_buzz,
000725.SZ,京东方A,A,CONSUMER_ELECTRONICS,59,1,5,51,2,0,96,0,102,250,40.80,"{""derive:l10_val_expansion_compression"": 1, ""derived:pe_pb_history"": 1, ""derive:bootstrap_l11_subscore"": 11, ""derive:l11_long_score"": 1, ""derive:l11_mid_score"": 1, ""derive:l11_mode"": 1, ""derive:l11_short_score"": 1, ""derive:l11_trade_signal"": 1, ""tushare:cashflow+income.derived"": 1, ""tushare:income.derived"": 5, ""tushare:balancesheet+income.derived"": 2, ""tushare:balancesheet"": 4, ""tushare:balancesheet.derived"": 1, ""tushare:cashflow"": 5, ""tushare:fina_indicator"": 16, ""tushare:income"": 5, ""tushare:report_rc"": 1, ""tushare:daily_basic+cashflow"": 1, ""tushare:daily_basic"": 4, ""derive:l6_path_second_derivative"": 1, ""derive:l6_path_tag"": 1, ""derived:turnover_history"": 1, ""derived:price_history"": 1, ""derive:l6_sens_cashflow"": 1, ""derive:l6_sens_growth_margin"": 1, ""derive:l6_sens_rates"": 1, ""derive:l6_sens_risk_narrative"": 1, ""tushare:daily_basic.history"": 1, ""derive:l7_env_risk_appetite"": 1, ""tushare:moneyflow"": 1, ""derive:l7_mood_fomo"": 1, ""akshare:stock_hot_rank_em+keyword"": 1, ""akshare:stock_hot_keyword_em"": 1, ""tushare:margin_detail"": 1, ""tushare:cashflow+income+balancesheet.derived"": 1, ""tushare:balancesheet+fina_indicator.derived"": 2, ""tushare:stk_holdertrade|alias→L8.gov.insider_sell"": 1, ""tushare:stk_managers|alias→L8.gov.management_change"": 1, ""derive:l8_industry_demand_supply"": 1, ""derive:l8_industry_price_war"": 1, ""derived:from_quantile"": 1, ""derive:l8_val_priced_in"": 1, ""tushare:dividend"": 1, ""tushare:forecast"": 1, ""tushare:stk_managers"": 1, ""tushare:stk_holdertrade"": 3, ""akshare:stock_individual_notice_report"": 1, ""akshare:em_news"": 1, ""akshare:xq_hot"": 1}",company,L2.newbiz.commercialization;L2.newbiz.revenue_contrib;L2.newbiz.tam;L2.newbiz.uncertainty;L2.newbiz.valuation_contrib,L10.val.expansion_compression;L10.val.historical_quantile;L11.long.business_model;L11.long.compete_moat;L11.long.industry_space;L11.long.margin;L11.long.score;L11.mid.eps_upward;L11.mid.margin_guidance;L11.mid.orders_revenue;L11.mid.score;L11.mode;L11.short.event_impact;L11.short.flow_boost;L11.short.score;L11.short.sentiment_shift;L11.short.technical;L11.trade.signal;L4.cost.labor;L4.cost.raw_material;L4.eff.cycle;L4.eff.turnover;L5.bs.ar_ap;L5.bs.cash_debt;L5.bs.goodwill_ppe;L5.bs.inventory;L5.bs.leverage;L5.cf.buyback_dividend;L5.cf.capex;L5.cf.fcf;L5.cf.icf_fcf;L5.cf.ocf;L5.fina.asset_turnover;L5.fina.bps;L5.fina.cfps;L5.fina.debt_ratio;L5.fina.eps;L5.fina.gross_margin;L5.fina.net_margin;L5.fina.net_profit_yoy;L5.fina.ocf_quality;L5.fina.profit_yoy_q;L5.fina.revenue_yoy;L5.fina.revenue_yoy_q;L5.fina.roa;L5.fina.roe;L5.fina.total_revenue_yoy;L5.fina.working_capital;L5.is.eps;L5.is.gross_margin;L5.is.gross_profit;L5.is.margins;L5.is.net_profit;L5.is.operating_profit;L5.is.revenue;L5.is.revenue_growth;L5.is.sga_rd;L5.surprise.sell_side;L6.mult.mcap_fcf;L6.mult.pb;L6.mult.pe;L6.mult.ps;L6.path.second_derivative;L6.path.tag;L6.priced.crowdedness;L6.priced.run_up;L6.sens.cashflow;L6.sens.growth_margin;L6.sens.rates;L6.sens.risk_narrative;L6.state.historical_percentile;L7.env.risk_appetite;L7.flow.active_inflow;L7.mood.fomo;L7.mood.media_social;L7.mood.theme;L7.trade.margin_short;L7.trade.volume_turnover;L8.fin.cash_ar;L8.fin.debt_pressure;L8.gov.insider_sell;L8.gov.management_change;L8.industry.demand_supply;L8.industry.price_war;L8.op.inventory_glut;L8.val.overvalued;L8.val.priced_in;L9.company.buyback_dividend;L9.company.earnings_guidance;L9.company.mgmt_litigation;L9.event.holder_trade_signal;L9.event.intraday_announcement;L9.event.intraday_news;L9.event.major_holder_decrease;L9.event.major_holder_increase;L9.media.social_buzz,
000786.SZ,北新建材,A,ANTI_INVOLUTION_CYCLICAL,59,1,5,51,2,0,96,0,102,250,40.80,"{""derive:l10_val_expansion_compression"": 1, ""derived:pe_pb_history"": 1, ""derive:bootstrap_l11_subscore"": 11, ""derive:l11_long_score"": 1, ""derive:l11_mid_score"": 1, ""derive:l11_mode"": 1, ""derive:l11_short_score"": 1, ""derive:l11_trade_signal"": 1, ""tushare:cashflow+income.derived"": 1, ""tushare:income.derived"": 5, ""tushare:balancesheet+income.derived"": 2, ""tushare:balancesheet"": 4, ""tushare:balancesheet.derived"": 1, ""tushare:cashflow"": 5, ""tushare:fina_indicator"": 16, ""tushare:income"": 5, ""tushare:report_rc"": 1, ""tushare:daily_basic+cashflow"": 1, ""tushare:daily_basic"": 4, ""derive:l6_path_second_derivative"": 1, ""derive:l6_path_tag"": 1, ""derived:turnover_history"": 1, ""derived:price_history"": 1, ""derive:l6_sens_cashflow"": 1, ""derive:l6_sens_growth_margin"": 1, ""derive:l6_sens_rates"": 1, ""derive:l6_sens_risk_narrative"": 1, ""tushare:daily_basic.history"": 1, ""derive:l7_env_risk_appetite"": 1, ""tushare:moneyflow"": 1, ""derive:l7_mood_fomo"": 1, ""akshare:stock_hot_rank_em+keyword"": 1, ""akshare:stock_hot_keyword_em"": 1, ""tushare:margin_detail"": 1, ""tushare:cashflow+income+balancesheet.derived"": 1, ""tushare:balancesheet+fina_indicator.derived"": 2, ""tushare:stk_holdertrade|alias→L8.gov.insider_sell"": 1, ""tushare:stk_managers|alias→L8.gov.management_change"": 1, ""derive:l8_industry_demand_supply"": 1, ""derive:l8_industry_price_war"": 1, ""derived:from_quantile"": 1, ""derive:l8_val_priced_in"": 1, ""tushare:dividend"": 1, ""tushare:forecast"": 1, ""tushare:stk_managers"": 1, ""tushare:stk_holdertrade"": 3, ""akshare:stock_individual_notice_report"": 1, ""akshare:em_news"": 1, ""akshare:xq_hot"": 1}",company,L2.newbiz.commercialization;L2.newbiz.revenue_contrib;L2.newbiz.tam;L2.newbiz.uncertainty;L2.newbiz.valuation_contrib,L10.val.expansion_compression;L10.val.historical_quantile;L11.long.business_model;L11.long.compete_moat;L11.long.industry_space;L11.long.margin;L11.long.score;L11.mid.eps_upward;L11.mid.margin_guidance;L11.mid.orders_revenue;L11.mid.score;L11.mode;L11.short.event_impact;L11.short.flow_boost;L11.short.score;L11.short.sentiment_shift;L11.short.technical;L11.trade.signal;L4.cost.labor;L4.cost.raw_material;L4.eff.cycle;L4.eff.turnover;L5.bs.ar_ap;L5.bs.cash_debt;L5.bs.goodwill_ppe;L5.bs.inventory;L5.bs.leverage;L5.cf.buyback_dividend;L5.cf.capex;L5.cf.fcf;L5.cf.icf_fcf;L5.cf.ocf;L5.fina.asset_turnover;L5.fina.bps;L5.fina.cfps;L5.fina.debt_ratio;L5.fina.eps;L5.fina.gross_margin;L5.fina.net_margin;L5.fina.net_profit_yoy;L5.fina.ocf_quality;L5.fina.profit_yoy_q;L5.fina.revenue_yoy;L5.fina.revenue_yoy_q;L5.fina.roa;L5.fina.roe;L5.fina.total_revenue_yoy;L5.fina.working_capital;L5.is.eps;L5.is.gross_margin;L5.is.gross_profit;L5.is.margins;L5.is.net_profit;L5.is.operating_profit;L5.is.revenue;L5.is.revenue_growth;L5.is.sga_rd;L5.surprise.sell_side;L6.mult.mcap_fcf;L6.mult.pb;L6.mult.pe;L6.mult.ps;L6.path.second_derivative;L6.path.tag;L6.priced.crowdedness;L6.priced.run_up;L6.sens.cashflow;L6.sens.growth_margin;L6.sens.rates;L6.sens.risk_narrative;L6.state.historical_percentile;L7.env.risk_appetite;L7.flow.active_inflow;L7.mood.fomo;L7.mood.media_social;L7.mood.theme;L7.trade.margin_short;L7.trade.volume_turnover;L8.fin.cash_ar;L8.fin.debt_pressure;L8.gov.insider_sell;L8.gov.management_change;L8.industry.demand_supply;L8.industry.price_war;L8.op.inventory_glut;L8.val.overvalued;L8.val.priced_in;L9.company.buyback_dividend;L9.company.earnings_guidance;L9.company.mgmt_litigation;L9.event.holder_trade_signal;L9.event.intraday_announcement;L9.event.intraday_news;L9.event.major_holder_decrease;L9.event.major_holder_increase;L9.media.social_buzz,
000932.SZ,华菱钢铁,A,ANTI_INVOLUTION_CYCLICAL,59,1,5,51,2,0,96,0,102,250,40.80,"{""derive:l10_val_expansion_compression"": 1, ""derived:pe_pb_history"": 1, ""derive:bootstrap_l11_subscore"": 11, ""derive:l11_long_score"": 1, ""derive:l11_mid_score"": 1, ""derive:l11_mode"": 1, ""derive:l11_short_score"": 1, ""derive:l11_trade_signal"": 1, ""tushare:cashflow+income.derived"": 1, ""tushare:income.derived"": 5, ""tushare:balancesheet+income.derived"": 2, ""tushare:balancesheet"": 4, ""tushare:balancesheet.derived"": 1, ""tushare:cashflow"": 5, ""tushare:fina_indicator"": 16, ""tushare:income"": 5, ""tushare:report_rc"": 1, ""tushare:daily_basic+cashflow"": 1, ""tushare:daily_basic"": 4, ""derive:l6_path_second_derivative"": 1, ""derive:l6_path_tag"": 1, ""derived:turnover_history"": 1, ""derived:price_history"": 1, ""derive:l6_sens_cashflow"": 1, ""derive:l6_sens_growth_margin"": 1, ""derive:l6_sens_rates"": 1, ""derive:l6_sens_risk_narrative"": 1, ""tushare:daily_basic.history"": 1, ""derive:l7_env_risk_appetite"": 1, ""tushare:moneyflow"": 1, ""derive:l7_mood_fomo"": 1, ""akshare:stock_hot_rank_em+keyword"": 1, ""akshare:stock_hot_keyword_em"": 1, ""tushare:margin_detail"": 1, ""tushare:cashflow+income+balancesheet.derived"": 1, ""tushare:balancesheet+fina_indicator.derived"": 2, ""tushare:stk_holdertrade|alias→L8.gov.insider_sell"": 1, ""tushare:stk_managers|alias→L8.gov.management_change"": 1, ""derive:l8_industry_demand_supply"": 1, ""derive:l8_industry_price_war"": 1, ""derived:from_quantile"": 1, ""derive:l8_val_priced_in"": 1, ""tushare:dividend"": 1, ""tushare:forecast"": 1, ""tushare:stk_managers"": 1, ""tushare:stk_holdertrade"": 3, ""akshare:stock_individual_notice_report"": 1, ""akshare:em_news"": 1, ""akshare:xq_hot"": 1}",company,L2.newbiz.commercialization;L2.newbiz.revenue_contrib;L2.newbiz.tam;L2.newbiz.uncertainty;L2.newbiz.valuation_contrib,L10.val.expansion_compression;L10.val.historical_quantile;L11.long.business_model;L11.long.compete_moat;L11.long.industry_space;L11.long.margin;L11.long.score;L11.mid.eps_upward;L11.mid.margin_guidance;L11.mid.orders_revenue;L11.mid.score;L11.mode;L11.short.event_impact;L11.short.flow_boost;L11.short.score;L11.short.sentiment_shift;L11.short.technical;L11.trade.signal;L4.cost.labor;L4.cost.raw_material;L4.eff.cycle;L4.eff.turnover;L5.bs.ar_ap;L5.bs.cash_debt;L5.bs.goodwill_ppe;L5.bs.inventory;L5.bs.leverage;L5.cf.buyback_dividend;L5.cf.capex;L5.cf.fcf;L5.cf.icf_fcf;L5.cf.ocf;L5.fina.asset_turnover;L5.fina.bps;L5.fina.cfps;L5.fina.debt_ratio;L5.fina.eps;L5.fina.gross_margin;L5.fina.net_margin;L5.fina.net_profit_yoy;L5.fina.ocf_quality;L5.fina.profit_yoy_q;L5.fina.revenue_yoy;L5.fina.revenue_yoy_q;L5.fina.roa;L5.fina.roe;L5.fina.total_revenue_yoy;L5.fina.working_capital;L5.is.eps;L5.is.gross_margin;L5.is.gross_profit;L5.is.margins;L5.is.net_profit;L5.is.operating_profit;L5.is.revenue;L5.is.revenue_growth;L5.is.sga_rd;L5.surprise.sell_side;L6.mult.mcap_fcf;L6.mult.pb;L6.mult.pe;L6.mult.ps;L6.path.second_derivative;L6.path.tag;L6.priced.crowdedness;L6.priced.run_up;L6.sens.cashflow;L6.sens.growth_margin;L6.sens.rates;L6.sens.risk_narrative;L6.state.historical_percentile;L7.env.risk_appetite;L7.flow.active_inflow;L7.mood.fomo;L7.mood.media_social;L7.mood.theme;L7.trade.margin_short;L7.trade.volume_turnover;L8.fin.cash_ar;L8.fin.debt_pressure;L8.gov.insider_sell;L8.gov.management_change;L8.industry.demand_supply;L8.industry.price_war;L8.op.inventory_glut;L8.val.overvalued;L8.val.priced_in;L9.company.buyback_dividend;L9.company.earnings_guidance;L9.company.mgmt_litigation;L9.event.holder_trade_signal;L9.event.intraday_announcement;L9.event.intraday_news;L9.event.major_holder_decrease;L9.event.major_holder_increase;L9.media.social_buzz,
000977.SZ,浪潮信息,A,AI_COMPUTE,59,1,5,51,2,0,97,0,103,250,41.20,"{""derive:l10_val_expansion_compression"": 1, ""derived:pe_pb_history"": 1, ""derive:bootstrap_l11_subscore"": 11, ""derive:l11_long_score"": 1, ""derive:l11_mid_score"": 1, ""derive:l11_mode"": 1, ""derive:l11_short_score"": 1, ""derive:l11_trade_signal"": 1, ""tushare:cashflow+income.derived"": 1, ""tushare:income.derived"": 5, ""tushare:balancesheet+income.derived"": 2, ""tushare:balancesheet"": 4, ""tushare:balancesheet.derived"": 1, ""tushare:cashflow"": 5, ""tushare:fina_indicator"": 16, ""tushare:income"": 5, ""tushare:report_rc"": 1, ""tushare:daily_basic+cashflow"": 1, ""tushare:daily_basic"": 4, ""derive:l6_path_second_derivative"": 1, ""derive:l6_path_tag"": 1, ""derived:turnover_history"": 1, ""derived:price_history"": 1, ""derive:l6_sens_cashflow"": 1, ""derive:l6_sens_growth_margin"": 1, ""derive:l6_sens_rates"": 1, ""derive:l6_sens_risk_narrative"": 1, ""tushare:daily_basic.history"": 1, ""derive:l7_env_risk_appetite"": 1, ""tushare:moneyflow"": 1, ""tushare:block_trade"": 1, ""derive:l7_mood_fomo"": 1, ""akshare:stock_hot_rank_em+keyword"": 1, ""akshare:stock_hot_keyword_em"": 1, ""tushare:margin_detail"": 1, ""tushare:cashflow+income+balancesheet.derived"": 1, ""tushare:balancesheet+fina_indicator.derived"": 2, ""tushare:stk_holdertrade|alias→L8.gov.insider_sell"": 1, ""tushare:stk_managers|alias→L8.gov.management_change"": 1, ""derive:l8_industry_demand_supply"": 1, ""derive:l8_industry_price_war"": 1, ""derived:from_quantile"": 1, ""derive:l8_val_priced_in"": 1, ""tushare:dividend"": 1, ""tushare:forecast"": 1, ""tushare:stk_managers"": 1, ""tushare:stk_holdertrade"": 3, ""akshare:stock_individual_notice_report"": 1, ""akshare:em_news"": 1, ""akshare:xq_hot"": 1}",company,L2.newbiz.commercialization;L2.newbiz.revenue_contrib;L2.newbiz.tam;L2.newbiz.uncertainty;L2.newbiz.valuation_contrib,L10.val.expansion_compression;L10.val.historical_quantile;L11.long.business_model;L11.long.compete_moat;L11.long.industry_space;L11.long.margin;L11.long.score;L11.mid.eps_upward;L11.mid.margin_guidance;L11.mid.orders_revenue;L11.mid.score;L11.mode;L11.short.event_impact;L11.short.flow_boost;L11.short.score;L11.short.sentiment_shift;L11.short.technical;L11.trade.signal;L4.cost.labor;L4.cost.raw_material;L4.eff.cycle;L4.eff.turnover;L5.bs.ar_ap;L5.bs.cash_debt;L5.bs.goodwill_ppe;L5.bs.inventory;L5.bs.leverage;L5.cf.buyback_dividend;L5.cf.capex;L5.cf.fcf;L5.cf.icf_fcf;L5.cf.ocf;L5.fina.asset_turnover;L5.fina.bps;L5.fina.cfps;L5.fina.debt_ratio;L5.fina.eps;L5.fina.gross_margin;L5.fina.net_margin;L5.fina.net_profit_yoy;L5.fina.ocf_quality;L5.fina.profit_yoy_q;L5.fina.revenue_yoy;L5.fina.revenue_yoy_q;L5.fina.roa;L5.fina.roe;L5.fina.total_revenue_yoy;L5.fina.working_capital;L5.is.eps;L5.is.gross_margin;L5.is.gross_profit;L5.is.margins;L5.is.net_profit;L5.is.operating_profit;L5.is.revenue;L5.is.revenue_growth;L5.is.sga_rd;L5.surprise.sell_side;L6.mult.mcap_fcf;L6.mult.pb;L6.mult.pe;L6.mult.ps;L6.path.second_derivative;L6.path.tag;L6.priced.crowdedness;L6.priced.run_up;L6.sens.cashflow;L6.sens.growth_margin;L6.sens.rates;L6.sens.risk_narrative;L6.state.historical_percentile;L7.env.risk_appetite;L7.flow.active_inflow;L7.flow.block_trade;L7.mood.fomo;L7.mood.media_social;L7.mood.theme;L7.trade.margin_short;L7.trade.volume_turnover;L8.fin.cash_ar;L8.fin.debt_pressure;L8.gov.insider_sell;L8.gov.management_change;L8.industry.demand_supply;L8.industry.price_war;L8.op.inventory_glut;L8.val.overvalued;L8.val.priced_in;L9.company.buyback_dividend;L9.company.earnings_guidance;L9.company.mgmt_litigation;L9.event.holder_trade_signal;L9.event.intraday_announcement;L9.event.intraday_news;L9.event.major_holder_decrease;L9.event.major_holder_increase;L9.media.social_buzz,
00175.HK,吉利汽车,HK,EXPORT_MFG,59,1,5,51,2,0,32,0,38,250,15.20,"{""derive:l10_val_expansion_compression"": 1, ""derive:bootstrap_l11_subscore"": 11, ""derive:l11_long_score"": 1, ""derive:l11_mid_score"": 1, ""derive:l11_mode"": 1, ""derive:l11_short_score"": 1, ""derive:l11_trade_signal"": 1, ""futu:snapshot"": 3, ""derive:l6_path_second_derivative"": 1, ""derive:l6_path_tag"": 1, ""derive:l6_sens_cashflow"": 1, ""derive:l6_sens_growth_margin"": 1, ""derive:l6_sens_rates"": 1, ""derive:l6_sens_risk_narrative"": 1, ""derive:l7_env_risk_appetite"": 1, ""futu"": 1, ""derive:l7_mood_fomo"": 1, ""derive:l8_industry_demand_supply"": 1, ""derive:l8_industry_price_war"": 1, ""derive:l8_val_priced_in"": 1}",company,L2.newbiz.commercialization;L2.newbiz.revenue_contrib;L2.newbiz.tam;L2.newbiz.uncertainty;L2.newbiz.valuation_contrib,L10.val.expansion_compression;L11.long.business_model;L11.long.compete_moat;L11.long.industry_space;L11.long.margin;L11.long.score;L11.mid.eps_upward;L11.mid.margin_guidance;L11.mid.orders_revenue;L11.mid.score;L11.mode;L11.short.event_impact;L11.short.flow_boost;L11.short.score;L11.short.sentiment_shift;L11.short.technical;L11.trade.signal;L6.mult.pb;L6.mult.pe;L6.path.second_derivative;L6.path.tag;L6.sens.cashflow;L6.sens.growth_margin;L6.sens.rates;L6.sens.risk_narrative;L7.env.risk_appetite;L7.market.l2_quote;L7.mood.fomo;L7.trade.volume_turnover;L8.industry.demand_supply;L8.industry.price_war;L8.val.priced_in,
002008.SZ,大族激光,A,ROBOTICS,59,1,5,51,2,0,98,0,104,250,41.60,"{""derive:l10_val_expansion_compression"": 1, ""derived:pe_pb_history"": 1, ""derive:bootstrap_l11_subscore"": 11, ""derive:l11_long_score"": 1, ""derive:l11_mid_score"": 1, ""derive:l11_mode"": 1, ""derive:l11_short_score"": 1, ""derive:l11_trade_signal"": 1, ""tushare:cashflow+income.derived"": 1, ""tushare:income.derived"": 5, ""tushare:balancesheet+income.derived"": 2, ""tushare:balancesheet"": 4, ""tushare:balancesheet.derived"": 1, ""tushare:cashflow"": 5, ""tushare:fina_indicator"": 16, ""tushare:income"": 5, ""tushare:report_rc"": 1, ""tushare:daily_basic+cashflow"": 1, ""tushare:daily_basic"": 4, ""derive:l6_path_second_derivative"": 1, ""derive:l6_path_tag"": 1, ""derived:turnover_history"": 1, ""derived:price_history"": 1, ""derive:l6_sens_cashflow"": 1, ""derive:l6_sens_growth_margin"": 1, ""derive:l6_sens_rates"": 1, ""derive:l6_sens_risk_narrative"": 1, ""tushare:daily_basic.history"": 1, ""derive:l7_env_risk_appetite"": 1, ""tushare:moneyflow"": 1, ""tushare:top_list|alias→L7.flow.institutional"": 1, ""derive:l7_mood_fomo"": 1, ""akshare:stock_hot_rank_em+keyword"": 1, ""akshare:stock_hot_keyword_em"": 1, ""tushare:margin_detail"": 1, ""tushare:cashflow+income+balancesheet.derived"": 1, ""tushare:balancesheet+fina_indicator.derived"": 2, ""tushare:stk_holdertrade|alias→L8.gov.insider_sell"": 1, ""tushare:stk_managers|alias→L8.gov.management_change"": 1, ""derive:l8_industry_demand_supply"": 1, ""derive:l8_industry_price_war"": 1, ""derived:from_quantile"": 1, ""derive:l8_val_priced_in"": 1, ""tushare:top_list"": 1, ""tushare:dividend"": 1, ""tushare:forecast"": 1, ""tushare:stk_managers"": 1, ""tushare:stk_holdertrade"": 3, ""akshare:stock_individual_notice_report"": 1, ""akshare:em_news"": 1, ""akshare:xq_hot"": 1}",company,L2.newbiz.commercialization;L2.newbiz.revenue_contrib;L2.newbiz.tam;L2.newbiz.uncertainty;L2.newbiz.valuation_contrib,L10.val.expansion_compression;L10.val.historical_quantile;L11.long.business_model;L11.long.compete_moat;L11.long.industry_space;L11.long.margin;L11.long.score;L11.mid.eps_upward;L11.mid.margin_guidance;L11.mid.orders_revenue;L11.mid.score;L11.mode;L11.short.event_impact;L11.short.flow_boost;L11.short.score;L11.short.sentiment_shift;L11.short.technical;L11.trade.signal;L4.cost.labor;L4.cost.raw_material;L4.eff.cycle;L4.eff.turnover;L5.bs.ar_ap;L5.bs.cash_debt;L5.bs.goodwill_ppe;L5.bs.inventory;L5.bs.leverage;L5.cf.buyback_dividend;L5.cf.capex;L5.cf.fcf;L5.cf.icf_fcf;L5.cf.ocf;L5.fina.asset_turnover;L5.fina.bps;L5.fina.cfps;L5.fina.debt_ratio;L5.fina.eps;L5.fina.gross_margin;L5.fina.net_margin;L5.fina.net_profit_yoy;L5.fina.ocf_quality;L5.fina.profit_yoy_q;L5.fina.revenue_yoy;L5.fina.revenue_yoy_q;L5.fina.roa;L5.fina.roe;L5.fina.total_revenue_yoy;L5.fina.working_capital;L5.is.eps;L5.is.gross_margin;L5.is.gross_profit;L5.is.margins;L5.is.net_profit;L5.is.operating_profit;L5.is.revenue;L5.is.revenue_growth;L5.is.sga_rd;L5.surprise.sell_side;L6.mult.mcap_fcf;L6.mult.pb;L6.mult.pe;L6.mult.ps;L6.path.second_derivative;L6.path.tag;L6.priced.crowdedness;L6.priced.run_up;L6.sens.cashflow;L6.sens.growth_margin;L6.sens.rates;L6.sens.risk_narrative;L6.state.historical_percentile;L7.env.risk_appetite;L7.flow.active_inflow;L7.flow.institutional;L7.mood.fomo;L7.mood.media_social;L7.mood.theme;L7.trade.margin_short;L7.trade.volume_turnover;L8.fin.cash_ar;L8.fin.debt_pressure;L8.gov.insider_sell;L8.gov.management_change;L8.industry.demand_supply;L8.industry.price_war;L8.op.inventory_glut;L8.val.overvalued;L8.val.priced_in;L9.capital.inst_buy_sell;L9.company.buyback_dividend;L9.company.earnings_guidance;L9.company.mgmt_litigation;L9.event.holder_trade_signal;L9.event.intraday_announcement;L9.event.intraday_news;L9.event.major_holder_decrease;L9.event.major_holder_increase;L9.media.social_buzz,
002050.SZ,三花智控,A,ROBOTICS|EXPORT_MFG,59,1,5,51,2,0,96,0,102,250,40.80,"{""derive:l10_val_expansion_compression"": 1, ""derived:pe_pb_history"": 1, ""derive:bootstrap_l11_subscore"": 11, ""derive:l11_long_score"": 1, ""derive:l11_mid_score"": 1, ""derive:l11_mode"": 1, ""derive:l11_short_score"": 1, ""derive:l11_trade_signal"": 1, ""tushare:cashflow+income.derived"": 1, ""tushare:income.derived"": 5, ""tushare:balancesheet+income.derived"": 2, ""tushare:balancesheet"": 4, ""tushare:balancesheet.derived"": 1, ""tushare:cashflow"": 5, ""tushare:fina_indicator"": 16, ""tushare:income"": 5, ""tushare:report_rc"": 1, ""tushare:daily_basic+cashflow"": 1, ""tushare:daily_basic"": 4, ""derive:l6_path_second_derivative"": 1, ""derive:l6_path_tag"": 1, ""derived:turnover_history"": 1, ""derived:price_history"": 1, ""derive:l6_sens_cashflow"": 1, ""derive:l6_sens_growth_margin"": 1, ""derive:l6_sens_rates"": 1, ""derive:l6_sens_risk_narrative"": 1, ""tushare:daily_basic.history"": 1, ""derive:l7_env_risk_appetite"": 1, ""tushare:moneyflow"": 1, ""derive:l7_mood_fomo"": 1, ""akshare:stock_hot_rank_em+keyword"": 1, ""akshare:stock_hot_keyword_em"": 1, ""tushare:margin_detail"": 1, ""tushare:cashflow+income+balancesheet.derived"": 1, ""tushare:balancesheet+fina_indicator.derived"": 2, ""tushare:stk_holdertrade|alias→L8.gov.insider_sell"": 1, ""tushare:stk_managers|alias→L8.gov.management_change"": 1, ""derive:l8_industry_demand_supply"": 1, ""derive:l8_industry_price_war"": 1, ""derived:from_quantile"": 1, ""derive:l8_val_priced_in"": 1, ""tushare:dividend"": 1, ""tushare:forecast"": 1, ""tushare:stk_managers"": 1, ""tushare:stk_holdertrade"": 3, ""akshare:stock_individual_notice_report"": 1, ""akshare:em_news"": 1, ""akshare:xq_hot"": 1}",company,L2.newbiz.commercialization;L2.newbiz.revenue_contrib;L2.newbiz.tam;L2.newbiz.uncertainty;L2.newbiz.valuation_contrib,L10.val.expansion_compression;L10.val.historical_quantile;L11.long.business_model;L11.long.compete_moat;L11.long.industry_space;L11.long.margin;L11.long.score;L11.mid.eps_upward;L11.mid.margin_guidance;L11.mid.orders_revenue;L11.mid.score;L11.mode;L11.short.event_impact;L11.short.flow_boost;L11.short.score;L11.short.sentiment_shift;L11.short.technical;L11.trade.signal;L4.cost.labor;L4.cost.raw_material;L4.eff.cycle;L4.eff.turnover;L5.bs.ar_ap;L5.bs.cash_debt;L5.bs.goodwill_ppe;L5.bs.inventory;L5.bs.leverage;L5.cf.buyback_dividend;L5.cf.capex;L5.cf.fcf;L5.cf.icf_fcf;L5.cf.ocf;L5.fina.asset_turnover;L5.fina.bps;L5.fina.cfps;L5.fina.debt_ratio;L5.fina.eps;L5.fina.gross_margin;L5.fina.net_margin;L5.fina.net_profit_yoy;L5.fina.ocf_quality;L5.fina.profit_yoy_q;L5.fina.revenue_yoy;L5.fina.revenue_yoy_q;L5.fina.roa;L5.fina.roe;L5.fina.total_revenue_yoy;L5.fina.working_capital;L5.is.eps;L5.is.gross_margin;L5.is.gross_profit;L5.is.margins;L5.is.net_profit;L5.is.operating_profit;L5.is.revenue;L5.is.revenue_growth;L5.is.sga_rd;L5.surprise.sell_side;L6.mult.mcap_fcf;L6.mult.pb;L6.mult.pe;L6.mult.ps;L6.path.second_derivative;L6.path.tag;L6.priced.crowdedness;L6.priced.run_up;L6.sens.cashflow;L6.sens.growth_margin;L6.sens.rates;L6.sens.risk_narrative;L6.state.historical_percentile;L7.env.risk_appetite;L7.flow.active_inflow;L7.mood.fomo;L7.mood.media_social;L7.mood.theme;L7.trade.margin_short;L7.trade.volume_turnover;L8.fin.cash_ar;L8.fin.debt_pressure;L8.gov.insider_sell;L8.gov.management_change;L8.industry.demand_supply;L8.industry.price_war;L8.op.inventory_glut;L8.val.overvalued;L8.val.priced_in;L9.company.buyback_dividend;L9.company.earnings_guidance;L9.company.mgmt_litigation;L9.event.holder_trade_signal;L9.event.intraday_announcement;L9.event.intraday_news;L9.event.major_holder_decrease;L9.event.major_holder_increase;L9.media.social_buzz,
002074.SZ,国轩高科,A,STORAGE_GRID,59,1,5,51,2,0,96,0,102,250,40.80,"{""derive:l10_val_expansion_compression"": 1, ""derived:pe_pb_history"": 1, ""derive:bootstrap_l11_subscore"": 11, ""derive:l11_long_score"": 1, ""derive:l11_mid_score"": 1, ""derive:l11_mode"": 1, ""derive:l11_short_score"": 1, ""derive:l11_trade_signal"": 1, ""tushare:cashflow+income.derived"": 1, ""tushare:income.derived"": 5, ""tushare:balancesheet+income.derived"": 2, ""tushare:balancesheet"": 4, ""tushare:balancesheet.derived"": 1, ""tushare:cashflow"": 5, ""tushare:fina_indicator"": 16, ""tushare:income"": 5, ""tushare:report_rc"": 1, ""tushare:daily_basic+cashflow"": 1, ""tushare:daily_basic"": 4, ""derive:l6_path_second_derivative"": 1, ""derive:l6_path_tag"": 1, ""derived:turnover_history"": 1, ""derived:price_history"": 1, ""derive:l6_sens_cashflow"": 1, ""derive:l6_sens_growth_margin"": 1, ""derive:l6_sens_rates"": 1, ""derive:l6_sens_risk_narrative"": 1, ""tushare:daily_basic.history"": 1, ""derive:l7_env_risk_appetite"": 1, ""tushare:moneyflow"": 1, ""derive:l7_mood_fomo"": 1, ""akshare:stock_hot_rank_em+keyword"": 1, ""akshare:stock_hot_keyword_em"": 1, ""tushare:margin_detail"": 1, ""tushare:cashflow+income+balancesheet.derived"": 1, ""tushare:balancesheet+fina_indicator.derived"": 2, ""tushare:stk_holdertrade|alias→L8.gov.insider_sell"": 1, ""tushare:stk_managers|alias→L8.gov.management_change"": 1, ""derive:l8_industry_demand_supply"": 1, ""derive:l8_industry_price_war"": 1, ""derived:from_quantile"": 1, ""derive:l8_val_priced_in"": 1, ""tushare:dividend"": 1, ""tushare:forecast"": 1, ""tushare:stk_managers"": 1, ""tushare:stk_holdertrade"": 3, ""akshare:stock_individual_notice_report"": 1, ""akshare:em_news"": 1, ""akshare:xq_hot"": 1}",company,L2.newbiz.commercialization;L2.newbiz.revenue_contrib;L2.newbiz.tam;L2.newbiz.uncertainty;L2.newbiz.valuation_contrib,L10.val.expansion_compression;L10.val.historical_quantile;L11.long.business_model;L11.long.compete_moat;L11.long.industry_space;L11.long.margin;L11.long.score;L11.mid.eps_upward;L11.mid.margin_guidance;L11.mid.orders_revenue;L11.mid.score;L11.mode;L11.short.event_impact;L11.short.flow_boost;L11.short.score;L11.short.sentiment_shift;L11.short.technical;L11.trade.signal;L4.cost.labor;L4.cost.raw_material;L4.eff.cycle;L4.eff.turnover;L5.bs.ar_ap;L5.bs.cash_debt;L5.bs.goodwill_ppe;L5.bs.inventory;L5.bs.leverage;L5.cf.buyback_dividend;L5.cf.capex;L5.cf.fcf;L5.cf.icf_fcf;L5.cf.ocf;L5.fina.asset_turnover;L5.fina.bps;L5.fina.cfps;L5.fina.debt_ratio;L5.fina.eps;L5.fina.gross_margin;L5.fina.net_margin;L5.fina.net_profit_yoy;L5.fina.ocf_quality;L5.fina.profit_yoy_q;L5.fina.revenue_yoy;L5.fina.revenue_yoy_q;L5.fina.roa;L5.fina.roe;L5.fina.total_revenue_yoy;L5.fina.working_capital;L5.is.eps;L5.is.gross_margin;L5.is.gross_profit;L5.is.margins;L5.is.net_profit;L5.is.operating_profit;L5.is.revenue;L5.is.revenue_growth;L5.is.sga_rd;L5.surprise.sell_side;L6.mult.mcap_fcf;L6.mult.pb;L6.mult.pe;L6.mult.ps;L6.path.second_derivative;L6.path.tag;L6.priced.crowdedness;L6.priced.run_up;L6.sens.cashflow;L6.sens.growth_margin;L6.sens.rates;L6.sens.risk_narrative;L6.state.historical_percentile;L7.env.risk_appetite;L7.flow.active_inflow;L7.mood.fomo;L7.mood.media_social;L7.mood.theme;L7.trade.margin_short;L7.trade.volume_turnover;L8.fin.cash_ar;L8.fin.debt_pressure;L8.gov.insider_sell;L8.gov.management_change;L8.industry.demand_supply;L8.industry.price_war;L8.op.inventory_glut;L8.val.overvalued;L8.val.priced_in;L9.company.buyback_dividend;L9.company.earnings_guidance;L9.company.mgmt_litigation;L9.event.holder_trade_signal;L9.event.intraday_announcement;L9.event.intraday_news;L9.event.major_holder_decrease;L9.event.major_holder_increase;L9.media.social_buzz,
002126.SZ,银轮股份,A,EXPORT_MFG,59,1,5,51,2,0,96,0,102,250,40.80,"{""derive:l10_val_expansion_compression"": 1, ""derived:pe_pb_history"": 1, ""derive:bootstrap_l11_subscore"": 11, ""derive:l11_long_score"": 1, ""derive:l11_mid_score"": 1, ""derive:l11_mode"": 1, ""derive:l11_short_score"": 1, ""derive:l11_trade_signal"": 1, ""tushare:cashflow+income.derived"": 1, ""tushare:income.derived"": 5, ""tushare:balancesheet+income.derived"": 2, ""tushare:balancesheet"": 4, ""tushare:balancesheet.derived"": 1, ""tushare:cashflow"": 5, ""tushare:fina_indicator"": 16, ""tushare:income"": 5, ""tushare:report_rc"": 1, ""tushare:daily_basic+cashflow"": 1, ""tushare:daily_basic"": 4, ""derive:l6_path_second_derivative"": 1, ""derive:l6_path_tag"": 1, ""derived:turnover_history"": 1, ""derived:price_history"": 1, ""derive:l6_sens_cashflow"": 1, ""derive:l6_sens_growth_margin"": 1, ""derive:l6_sens_rates"": 1, ""derive:l6_sens_risk_narrative"": 1, ""tushare:daily_basic.history"": 1, ""derive:l7_env_risk_appetite"": 1, ""tushare:moneyflow"": 1, ""derive:l7_mood_fomo"": 1, ""akshare:stock_hot_rank_em+keyword"": 1, ""akshare:stock_hot_keyword_em"": 1, ""tushare:margin_detail"": 1, ""tushare:cashflow+income+balancesheet.derived"": 1, ""tushare:balancesheet+fina_indicator.derived"": 2, ""tushare:stk_holdertrade|alias→L8.gov.insider_sell"": 1, ""tushare:stk_managers|alias→L8.gov.management_change"": 1, ""derive:l8_industry_demand_supply"": 1, ""derive:l8_industry_price_war"": 1, ""derived:from_quantile"": 1, ""derive:l8_val_priced_in"": 1, ""tushare:dividend"": 1, ""tushare:forecast"": 1, ""tushare:stk_managers"": 1, ""tushare:stk_holdertrade"": 3, ""akshare:stock_individual_notice_report"": 1, ""akshare:em_news"": 1, ""akshare:xq_hot"": 1}",company,L2.newbiz.commercialization;L2.newbiz.revenue_contrib;L2.newbiz.tam;L2.newbiz.uncertainty;L2.newbiz.valuation_contrib,L10.val.expansion_compression;L10.val.historical_quantile;L11.long.business_model;L11.long.compete_moat;L11.long.industry_space;L11.long.margin;L11.long.score;L11.mid.eps_upward;L11.mid.margin_guidance;L11.mid.orders_revenue;L11.mid.score;L11.mode;L11.short.event_impact;L11.short.flow_boost;L11.short.score;L11.short.sentiment_shift;L11.short.technical;L11.trade.signal;L4.cost.labor;L4.cost.raw_material;L4.eff.cycle;L4.eff.turnover;L5.bs.ar_ap;L5.bs.cash_debt;L5.bs.goodwill_ppe;L5.bs.inventory;L5.bs.leverage;L5.cf.buyback_dividend;L5.cf.capex;L5.cf.fcf;L5.cf.icf_fcf;L5.cf.ocf;L5.fina.asset_turnover;L5.fina.bps;L5.fina.cfps;L5.fina.debt_ratio;L5.fina.eps;L5.fina.gross_margin;L5.fina.net_margin;L5.fina.net_profit_yoy;L5.fina.ocf_quality;L5.fina.profit_yoy_q;L5.fina.revenue_yoy;L5.fina.revenue_yoy_q;L5.fina.roa;L5.fina.roe;L5.fina.total_revenue_yoy;L5.fina.working_capital;L5.is.eps;L5.is.gross_margin;L5.is.gross_profit;L5.is.margins;L5.is.net_profit;L5.is.operating_profit;L5.is.revenue;L5.is.revenue_growth;L5.is.sga_rd;L5.surprise.sell_side;L6.mult.mcap_fcf;L6.mult.pb;L6.mult.pe;L6.mult.ps;L6.path.second_derivative;L6.path.tag;L6.priced.crowdedness;L6.priced.run_up;L6.sens.cashflow;L6.sens.growth_margin;L6.sens.rates;L6.sens.risk_narrative;L6.state.historical_percentile;L7.env.risk_appetite;L7.flow.active_inflow;L7.mood.fomo;L7.mood.media_social;L7.mood.theme;L7.trade.margin_short;L7.trade.volume_turnover;L8.fin.cash_ar;L8.fin.debt_pressure;L8.gov.insider_sell;L8.gov.management_change;L8.industry.demand_supply;L8.industry.price_war;L8.op.inventory_glut;L8.val.overvalued;L8.val.priced_in;L9.company.buyback_dividend;L9.company.earnings_guidance;L9.company.mgmt_litigation;L9.event.holder_trade_signal;L9.event.intraday_announcement;L9.event.intraday_news;L9.event.major_holder_decrease;L9.event.major_holder_increase;L9.media.social_buzz,
002156.SZ,通富微电,A,SEMI_EQUIPMENT,59,1,5,51,2,0,96,0,102,250,40.80,"{""derive:l10_val_expansion_compression"": 1, ""derived:pe_pb_history"": 1, ""derive:bootstrap_l11_subscore"": 11, ""derive:l11_long_score"": 1, ""derive:l11_mid_score"": 1, ""derive:l11_mode"": 1, ""derive:l11_short_score"": 1, ""derive:l11_trade_signal"": 1, ""tushare:cashflow+income.derived"": 1, ""tushare:income.derived"": 5, ""tushare:balancesheet+income.derived"": 2, ""tushare:balancesheet"": 4, ""tushare:balancesheet.derived"": 1, ""tushare:cashflow"": 5, ""tushare:fina_indicator"": 16, ""tushare:income"": 5, ""tushare:report_rc"": 1, ""tushare:daily_basic+cashflow"": 1, ""tushare:daily_basic"": 4, ""derive:l6_path_second_derivative"": 1, ""derive:l6_path_tag"": 1, ""derived:turnover_history"": 1, ""derived:price_history"": 1, ""derive:l6_sens_cashflow"": 1, ""derive:l6_sens_growth_margin"": 1, ""derive:l6_sens_rates"": 1, ""derive:l6_sens_risk_narrative"": 1, ""tushare:daily_basic.history"": 1, ""derive:l7_env_risk_appetite"": 1, ""tushare:moneyflow"": 1, ""derive:l7_mood_fomo"": 1, ""akshare:stock_hot_rank_em+keyword"": 1, ""akshare:stock_hot_keyword_em"": 1, ""tushare:margin_detail"": 1, ""tushare:cashflow+income+balancesheet.derived"": 1, ""tushare:balancesheet+fina_indicator.derived"": 2, ""tushare:stk_holdertrade|alias→L8.gov.insider_sell"": 1, ""tushare:stk_managers|alias→L8.gov.management_change"": 1, ""derive:l8_industry_demand_supply"": 1, ""derive:l8_industry_price_war"": 1, ""derived:from_quantile"": 1, ""derive:l8_val_priced_in"": 1, ""tushare:dividend"": 1, ""tushare:forecast"": 1, ""tushare:stk_managers"": 1, ""tushare:stk_holdertrade"": 3, ""akshare:stock_individual_notice_report"": 1, ""akshare:em_news"": 1, ""akshare:xq_hot"": 1}",company,L2.newbiz.commercialization;L2.newbiz.revenue_contrib;L2.newbiz.tam;L2.newbiz.uncertainty;L2.newbiz.valuation_contrib,L10.val.expansion_compression;L10.val.historical_quantile;L11.long.business_model;L11.long.compete_moat;L11.long.industry_space;L11.long.margin;L11.long.score;L11.mid.eps_upward;L11.mid.margin_guidance;L11.mid.orders_revenue;L11.mid.score;L11.mode;L11.short.event_impact;L11.short.flow_boost;L11.short.score;L11.short.sentiment_shift;L11.short.technical;L11.trade.signal;L4.cost.labor;L4.cost.raw_material;L4.eff.cycle;L4.eff.turnover;L5.bs.ar_ap;L5.bs.cash_debt;L5.bs.goodwill_ppe;L5.bs.inventory;L5.bs.leverage;L5.cf.buyback_dividend;L5.cf.capex;L5.cf.fcf;L5.cf.icf_fcf;L5.cf.ocf;L5.fina.asset_turnover;L5.fina.bps;L5.fina.cfps;L5.fina.debt_ratio;L5.fina.eps;L5.fina.gross_margin;L5.fina.net_margin;L5.fina.net_profit_yoy;L5.fina.ocf_quality;L5.fina.profit_yoy_q;L5.fina.revenue_yoy;L5.fina.revenue_yoy_q;L5.fina.roa;L5.fina.roe;L5.fina.total_revenue_yoy;L5.fina.working_capital;L5.is.eps;L5.is.gross_margin;L5.is.gross_profit;L5.is.margins;L5.is.net_profit;L5.is.operating_profit;L5.is.revenue;L5.is.revenue_growth;L5.is.sga_rd;L5.surprise.sell_side;L6.mult.mcap_fcf;L6.mult.pb;L6.mult.pe;L6.mult.ps;L6.path.second_derivative;L6.path.tag;L6.priced.crowdedness;L6.priced.run_up;L6.sens.cashflow;L6.sens.growth_margin;L6.sens.rates;L6.sens.risk_narrative;L6.state.historical_percentile;L7.env.risk_appetite;L7.flow.active_inflow;L7.mood.fomo;L7.mood.media_social;L7.mood.theme;L7.trade.margin_short;L7.trade.volume_turnover;L8.fin.cash_ar;L8.fin.debt_pressure;L8.gov.insider_sell;L8.gov.management_change;L8.industry.demand_supply;L8.industry.price_war;L8.op.inventory_glut;L8.val.overvalued;L8.val.priced_in;L9.company.buyback_dividend;L9.company.earnings_guidance;L9.company.mgmt_litigation;L9.event.holder_trade_signal;L9.event.intraday_announcement;L9.event.intraday_news;L9.event.major_holder_decrease;L9.event.major_holder_increase;L9.media.social_buzz,
002230.SZ,科大讯飞,A,HK_CN_INTERNET,59,1,5,51,2,0,96,0,102,250,40.80,"{""derive:l10_val_expansion_compression"": 1, ""derived:pe_pb_history"": 1, ""derive:bootstrap_l11_subscore"": 11, ""derive:l11_long_score"": 1, ""derive:l11_mid_score"": 1, ""derive:l11_mode"": 1, ""derive:l11_short_score"": 1, ""derive:l11_trade_signal"": 1, ""tushare:cashflow+income.derived"": 1, ""tushare:income.derived"": 5, ""tushare:balancesheet+income.derived"": 2, ""tushare:balancesheet"": 4, ""tushare:balancesheet.derived"": 1, ""tushare:cashflow"": 5, ""tushare:fina_indicator"": 16, ""tushare:income"": 5, ""tushare:report_rc"": 1, ""tushare:daily_basic+cashflow"": 1, ""tushare:daily_basic"": 4, ""derive:l6_path_second_derivative"": 1, ""derive:l6_path_tag"": 1, ""derived:turnover_history"": 1, ""derived:price_history"": 1, ""derive:l6_sens_cashflow"": 1, ""derive:l6_sens_growth_margin"": 1, ""derive:l6_sens_rates"": 1, ""derive:l6_sens_risk_narrative"": 1, ""tushare:daily_basic.history"": 1, ""derive:l7_env_risk_appetite"": 1, ""tushare:moneyflow"": 1, ""derive:l7_mood_fomo"": 1, ""akshare:stock_hot_rank_em+keyword"": 1, ""akshare:stock_hot_keyword_em"": 1, ""tushare:margin_detail"": 1, ""tushare:cashflow+income+balancesheet.derived"": 1, ""tushare:balancesheet+fina_indicator.derived"": 2, ""tushare:stk_holdertrade|alias→L8.gov.insider_sell"": 1, ""tushare:stk_managers|alias→L8.gov.management_change"": 1, ""derive:l8_industry_demand_supply"": 1, ""derive:l8_industry_price_war"": 1, ""derived:from_quantile"": 1, ""derive:l8_val_priced_in"": 1, ""tushare:dividend"": 1, ""tushare:forecast"": 1, ""tushare:stk_managers"": 1, ""tushare:stk_holdertrade"": 3, ""akshare:stock_individual_notice_report"": 1, ""akshare:em_news"": 1, ""akshare:xq_hot"": 1}",company,L2.newbiz.commercialization;L2.newbiz.revenue_contrib;L2.newbiz.tam;L2.newbiz.uncertainty;L2.newbiz.valuation_contrib,L10.val.expansion_compression;L10.val.historical_quantile;L11.long.business_model;L11.long.compete_moat;L11.long.industry_space;L11.long.margin;L11.long.score;L11.mid.eps_upward;L11.mid.margin_guidance;L11.mid.orders_revenue;L11.mid.score;L11.mode;L11.short.event_impact;L11.short.flow_boost;L11.short.score;L11.short.sentiment_shift;L11.short.technical;L11.trade.signal;L4.cost.labor;L4.cost.raw_material;L4.eff.cycle;L4.eff.turnover;L5.bs.ar_ap;L5.bs.cash_debt;L5.bs.goodwill_ppe;L5.bs.inventory;L5.bs.leverage;L5.cf.buyback_dividend;L5.cf.capex;L5.cf.fcf;L5.cf.icf_fcf;L5.cf.ocf;L5.fina.asset_turnover;L5.fina.bps;L5.fina.cfps;L5.fina.debt_ratio;L5.fina.eps;L5.fina.gross_margin;L5.fina.net_margin;L5.fina.net_profit_yoy;L5.fina.ocf_quality;L5.fina.profit_yoy_q;L5.fina.revenue_yoy;L5.fina.revenue_yoy_q;L5.fina.roa;L5.fina.roe;L5.fina.total_revenue_yoy;L5.fina.working_capital;L5.is.eps;L5.is.gross_margin;L5.is.gross_profit;L5.is.margins;L5.is.net_profit;L5.is.operating_profit;L5.is.revenue;L5.is.revenue_growth;L5.is.sga_rd;L5.surprise.sell_side;L6.mult.mcap_fcf;L6.mult.pb;L6.mult.pe;L6.mult.ps;L6.path.second_derivative;L6.path.tag;L6.priced.crowdedness;L6.priced.run_up;L6.sens.cashflow;L6.sens.growth_margin;L6.sens.rates;L6.sens.risk_narrative;L6.state.historical_percentile;L7.env.risk_appetite;L7.flow.active_inflow;L7.mood.fomo;L7.mood.media_social;L7.mood.theme;L7.trade.margin_short;L7.trade.volume_turnover;L8.fin.cash_ar;L8.fin.debt_pressure;L8.gov.insider_sell;L8.gov.management_change;L8.industry.demand_supply;L8.industry.price_war;L8.op.inventory_glut;L8.val.overvalued;L8.val.priced_in;L9.company.buyback_dividend;L9.company.earnings_guidance;L9.company.mgmt_litigation;L9.event.holder_trade_signal;L9.event.intraday_announcement;L9.event.intraday_news;L9.event.major_holder_decrease;L9.event.major_holder_increase;L9.media.social_buzz,
002241.SZ,歌尔股份,A,CONSUMER_ELECTRONICS,59,1,5,51,2,0,96,0,102,250,40.80,"{""derive:l10_val_expansion_compression"": 1, ""derived:pe_pb_history"": 1, ""derive:bootstrap_l11_subscore"": 11, ""derive:l11_long_score"": 1, ""derive:l11_mid_score"": 1, ""derive:l11_mode"": 1, ""derive:l11_short_score"": 1, ""derive:l11_trade_signal"": 1, ""tushare:cashflow+income.derived"": 1, ""tushare:income.derived"": 5, ""tushare:balancesheet+income.derived"": 2, ""tushare:balancesheet"": 4, ""tushare:balancesheet.derived"": 1, ""tushare:cashflow"": 5, ""tushare:fina_indicator"": 16, ""tushare:income"": 5, ""tushare:report_rc"": 1, ""tushare:daily_basic+cashflow"": 1, ""tushare:daily_basic"": 4, ""derive:l6_path_second_derivative"": 1, ""derive:l6_path_tag"": 1, ""derived:turnover_history"": 1, ""derived:price_history"": 1, ""derive:l6_sens_cashflow"": 1, ""derive:l6_sens_growth_margin"": 1, ""derive:l6_sens_rates"": 1, ""derive:l6_sens_risk_narrative"": 1, ""tushare:daily_basic.history"": 1, ""derive:l7_env_risk_appetite"": 1, ""tushare:moneyflow"": 1, ""derive:l7_mood_fomo"": 1, ""akshare:stock_hot_rank_em+keyword"": 1, ""akshare:stock_hot_keyword_em"": 1, ""tushare:margin_detail"": 1, ""tushare:cashflow+income+balancesheet.derived"": 1, ""tushare:balancesheet+fina_indicator.derived"": 2, ""tushare:stk_holdertrade|alias→L8.gov.insider_sell"": 1, ""tushare:stk_managers|alias→L8.gov.management_change"": 1, ""derive:l8_industry_demand_supply"": 1, ""derive:l8_industry_price_war"": 1, ""derived:from_quantile"": 1, ""derive:l8_val_priced_in"": 1, ""tushare:dividend"": 1, ""tushare:forecast"": 1, ""tushare:stk_managers"": 1, ""tushare:stk_holdertrade"": 3, ""akshare:stock_individual_notice_report"": 1, ""akshare:em_news"": 1, ""akshare:xq_hot"": 1}",company,L2.newbiz.commercialization;L2.newbiz.revenue_contrib;L2.newbiz.tam;L2.newbiz.uncertainty;L2.newbiz.valuation_contrib,L10.val.expansion_compression;L10.val.historical_quantile;L11.long.business_model;L11.long.compete_moat;L11.long.industry_space;L11.long.margin;L11.long.score;L11.mid.eps_upward;L11.mid.margin_guidance;L11.mid.orders_revenue;L11.mid.score;L11.mode;L11.short.event_impact;L11.short.flow_boost;L11.short.score;L11.short.sentiment_shift;L11.short.technical;L11.trade.signal;L4.cost.labor;L4.cost.raw_material;L4.eff.cycle;L4.eff.turnover;L5.bs.ar_ap;L5.bs.cash_debt;L5.bs.goodwill_ppe;L5.bs.inventory;L5.bs.leverage;L5.cf.buyback_dividend;L5.cf.capex;L5.cf.fcf;L5.cf.icf_fcf;L5.cf.ocf;L5.fina.asset_turnover;L5.fina.bps;L5.fina.cfps;L5.fina.debt_ratio;L5.fina.eps;L5.fina.gross_margin;L5.fina.net_margin;L5.fina.net_profit_yoy;L5.fina.ocf_quality;L5.fina.profit_yoy_q;L5.fina.revenue_yoy;L5.fina.revenue_yoy_q;L5.fina.roa;L5.fina.roe;L5.fina.total_revenue_yoy;L5.fina.working_capital;L5.is.eps;L5.is.gross_margin;L5.is.gross_profit;L5.is.margins;L5.is.net_profit;L5.is.operating_profit;L5.is.revenue;L5.is.revenue_growth;L5.is.sga_rd;L5.surprise.sell_side;L6.mult.mcap_fcf;L6.mult.pb;L6.mult.pe;L6.mult.ps;L6.path.second_derivative;L6.path.tag;L6.priced.crowdedness;L6.priced.run_up;L6.sens.cashflow;L6.sens.growth_margin;L6.sens.rates;L6.sens.risk_narrative;L6.state.historical_percentile;L7.env.risk_appetite;L7.flow.active_inflow;L7.mood.fomo;L7.mood.media_social;L7.mood.theme;L7.trade.margin_short;L7.trade.volume_turnover;L8.fin.cash_ar;L8.fin.debt_pressure;L8.gov.insider_sell;L8.gov.management_change;L8.industry.demand_supply;L8.industry.price_war;L8.op.inventory_glut;L8.val.overvalued;L8.val.priced_in;L9.company.buyback_dividend;L9.company.earnings_guidance;L9.company.mgmt_litigation;L9.event.holder_trade_signal;L9.event.intraday_announcement;L9.event.intraday_news;L9.event.major_holder_decrease;L9.event.major_holder_increase;L9.media.social_buzz,
002371.SZ,北方华创,A,SEMI_EQUIPMENT,59,1,5,51,2,0,96,0,102,250,40.80,"{""derive:l10_val_expansion_compression"": 1, ""derived:pe_pb_history"": 1, ""derive:bootstrap_l11_subscore"": 11, ""derive:l11_long_score"": 1, ""derive:l11_mid_score"": 1, ""derive:l11_mode"": 1, ""derive:l11_short_score"": 1, ""derive:l11_trade_signal"": 1, ""tushare:cashflow+income.derived"": 1, ""tushare:income.derived"": 5, ""tushare:balancesheet+income.derived"": 2, ""tushare:balancesheet"": 4, ""tushare:balancesheet.derived"": 1, ""tushare:cashflow"": 5, ""tushare:fina_indicator"": 16, ""tushare:income"": 5, ""tushare:report_rc"": 1, ""tushare:daily_basic+cashflow"": 1, ""tushare:daily_basic"": 4, ""derive:l6_path_second_derivative"": 1, ""derive:l6_path_tag"": 1, ""derived:turnover_history"": 1, ""derived:price_history"": 1, ""derive:l6_sens_cashflow"": 1, ""derive:l6_sens_growth_margin"": 1, ""derive:l6_sens_rates"": 1, ""derive:l6_sens_risk_narrative"": 1, ""tushare:daily_basic.history"": 1, ""derive:l7_env_risk_appetite"": 1, ""tushare:moneyflow"": 1, ""derive:l7_mood_fomo"": 1, ""akshare:stock_hot_rank_em+keyword"": 1, ""akshare:stock_hot_keyword_em"": 1, ""tushare:margin_detail"": 1, ""tushare:cashflow+income+balancesheet.derived"": 1, ""tushare:balancesheet+fina_indicator.derived"": 2, ""tushare:stk_holdertrade|alias→L8.gov.insider_sell"": 1, ""tushare:stk_managers|alias→L8.gov.management_change"": 1, ""derive:l8_industry_demand_supply"": 1, ""derive:l8_industry_price_war"": 1, ""derived:from_quantile"": 1, ""derive:l8_val_priced_in"": 1, ""tushare:dividend"": 1, ""tushare:forecast"": 1, ""tushare:stk_managers"": 1, ""tushare:stk_holdertrade"": 3, ""akshare:stock_individual_notice_report"": 1, ""akshare:em_news"": 1, ""akshare:xq_hot"": 1}",company,L2.newbiz.commercialization;L2.newbiz.revenue_contrib;L2.newbiz.tam;L2.newbiz.uncertainty;L2.newbiz.valuation_contrib,L10.val.expansion_compression;L10.val.historical_quantile;L11.long.business_model;L11.long.compete_moat;L11.long.industry_space;L11.long.margin;L11.long.score;L11.mid.eps_upward;L11.mid.margin_guidance;L11.mid.orders_revenue;L11.mid.score;L11.mode;L11.short.event_impact;L11.short.flow_boost;L11.short.score;L11.short.sentiment_shift;L11.short.technical;L11.trade.signal;L4.cost.labor;L4.cost.raw_material;L4.eff.cycle;L4.eff.turnover;L5.bs.ar_ap;L5.bs.cash_debt;L5.bs.goodwill_ppe;L5.bs.inventory;L5.bs.leverage;L5.cf.buyback_dividend;L5.cf.capex;L5.cf.fcf;L5.cf.icf_fcf;L5.cf.ocf;L5.fina.asset_turnover;L5.fina.bps;L5.fina.cfps;L5.fina.debt_ratio;L5.fina.eps;L5.fina.gross_margin;L5.fina.net_margin;L5.fina.net_profit_yoy;L5.fina.ocf_quality;L5.fina.profit_yoy_q;L5.fina.revenue_yoy;L5.fina.revenue_yoy_q;L5.fina.roa;L5.fina.roe;L5.fina.total_revenue_yoy;L5.fina.working_capital;L5.is.eps;L5.is.gross_margin;L5.is.gross_profit;L5.is.margins;L5.is.net_profit;L5.is.operating_profit;L5.is.revenue;L5.is.revenue_growth;L5.is.sga_rd;L5.surprise.sell_side;L6.mult.mcap_fcf;L6.mult.pb;L6.mult.pe;L6.mult.ps;L6.path.second_derivative;L6.path.tag;L6.priced.crowdedness;L6.priced.run_up;L6.sens.cashflow;L6.sens.growth_margin;L6.sens.rates;L6.sens.risk_narrative;L6.state.historical_percentile;L7.env.risk_appetite;L7.flow.active_inflow;L7.mood.fomo;L7.mood.media_social;L7.mood.theme;L7.trade.margin_short;L7.trade.volume_turnover;L8.fin.cash_ar;L8.fin.debt_pressure;L8.gov.insider_sell;L8.gov.management_change;L8.industry.demand_supply;L8.industry.price_war;L8.op.inventory_glut;L8.val.overvalued;L8.val.priced_in;L9.company.buyback_dividend;L9.company.earnings_guidance;L9.company.mgmt_litigation;L9.event.holder_trade_signal;L9.event.intraday_announcement;L9.event.intraday_news;L9.event.major_holder_decrease;L9.event.major_holder_increase;L9.media.social_buzz,
002384.SZ,东山精密,A,CONSUMER_ELECTRONICS,59,1,5,51,2,0,97,0,103,250,41.20,"{""derive:l10_val_expansion_compression"": 1, ""derived:pe_pb_history"": 1, ""derive:bootstrap_l11_subscore"": 11, ""derive:l11_long_score"": 1, ""derive:l11_mid_score"": 1, ""derive:l11_mode"": 1, ""derive:l11_short_score"": 1, ""derive:l11_trade_signal"": 1, ""tushare:cashflow+income.derived"": 1, ""tushare:income.derived"": 5, ""tushare:balancesheet+income.derived"": 2, ""tushare:balancesheet"": 4, ""tushare:balancesheet.derived"": 1, ""tushare:cashflow"": 5, ""tushare:fina_indicator"": 16, ""tushare:income"": 5, ""tushare:report_rc"": 1, ""tushare:daily_basic+cashflow"": 1, ""tushare:daily_basic"": 4, ""derive:l6_path_second_derivative"": 1, ""derive:l6_path_tag"": 1, ""derived:turnover_history"": 1, ""derived:price_history"": 1, ""derive:l6_sens_cashflow"": 1, ""derive:l6_sens_growth_margin"": 1, ""derive:l6_sens_rates"": 1, ""derive:l6_sens_risk_narrative"": 1, ""tushare:daily_basic.history"": 1, ""derive:l7_env_risk_appetite"": 1, ""tushare:moneyflow"": 1, ""derive:l7_mood_fomo"": 1, ""akshare:stock_hot_rank_em+keyword"": 1, ""akshare:stock_hot_keyword_em"": 1, ""tushare:margin_detail"": 1, ""tushare:cashflow+income+balancesheet.derived"": 1, ""tushare:balancesheet+fina_indicator.derived"": 2, ""tushare:stk_holdertrade|alias→L8.gov.insider_sell"": 1, ""tushare:stk_managers|alias→L8.gov.management_change"": 1, ""derive:l8_industry_demand_supply"": 1, ""derive:l8_industry_price_war"": 1, ""derived:from_quantile"": 1, ""derive:l8_val_priced_in"": 1, ""tushare:top_list"": 1, ""tushare:dividend"": 1, ""tushare:forecast"": 1, ""tushare:stk_managers"": 1, ""tushare:stk_holdertrade"": 3, ""akshare:stock_individual_notice_report"": 1, ""akshare:em_news"": 1, ""akshare:xq_hot"": 1}",company,L2.newbiz.commercialization;L2.newbiz.revenue_contrib;L2.newbiz.tam;L2.newbiz.uncertainty;L2.newbiz.valuation_contrib,L10.val.expansion_compression;L10.val.historical_quantile;L11.long.business_model;L11.long.compete_moat;L11.long.industry_space;L11.long.margin;L11.long.score;L11.mid.eps_upward;L11.mid.margin_guidance;L11.mid.orders_revenue;L11.mid.score;L11.mode;L11.short.event_impact;L11.short.flow_boost;L11.short.score;L11.short.sentiment_shift;L11.short.technical;L11.trade.signal;L4.cost.labor;L4.cost.raw_material;L4.eff.cycle;L4.eff.turnover;L5.bs.ar_ap;L5.bs.cash_debt;L5.bs.goodwill_ppe;L5.bs.inventory;L5.bs.leverage;L5.cf.buyback_dividend;L5.cf.capex;L5.cf.fcf;L5.cf.icf_fcf;L5.cf.ocf;L5.fina.asset_turnover;L5.fina.bps;L5.fina.cfps;L5.fina.debt_ratio;L5.fina.eps;L5.fina.gross_margin;L5.fina.net_margin;L5.fina.net_profit_yoy;L5.fina.ocf_quality;L5.fina.profit_yoy_q;L5.fina.revenue_yoy;L5.fina.revenue_yoy_q;L5.fina.roa;L5.fina.roe;L5.fina.total_revenue_yoy;L5.fina.working_capital;L5.is.eps;L5.is.gross_margin;L5.is.gross_profit;L5.is.margins;L5.is.net_profit;L5.is.operating_profit;L5.is.revenue;L5.is.revenue_growth;L5.is.sga_rd;L5.surprise.sell_side;L6.mult.mcap_fcf;L6.mult.pb;L6.mult.pe;L6.mult.ps;L6.path.second_derivative;L6.path.tag;L6.priced.crowdedness;L6.priced.run_up;L6.sens.cashflow;L6.sens.growth_margin;L6.sens.rates;L6.sens.risk_narrative;L6.state.historical_percentile;L7.env.risk_appetite;L7.flow.active_inflow;L7.mood.fomo;L7.mood.media_social;L7.mood.theme;L7.trade.margin_short;L7.trade.volume_turnover;L8.fin.cash_ar;L8.fin.debt_pressure;L8.gov.insider_sell;L8.gov.management_change;L8.industry.demand_supply;L8.industry.price_war;L8.op.inventory_glut;L8.val.overvalued;L8.val.priced_in;L9.capital.inst_buy_sell;L9.company.buyback_dividend;L9.company.earnings_guidance;L9.company.mgmt_litigation;L9.event.holder_trade_signal;L9.event.intraday_announcement;L9.event.intraday_news;L9.event.major_holder_decrease;L9.event.major_holder_increase;L9.media.social_buzz,
002409.SZ,雅克科技,A,SEMI_EQUIPMENT,59,1,5,51,2,0,96,0,102,250,40.80,"{""derive:l10_val_expansion_compression"": 1, ""derived:pe_pb_history"": 1, ""derive:bootstrap_l11_subscore"": 11, ""derive:l11_long_score"": 1, ""derive:l11_mid_score"": 1, ""derive:l11_mode"": 1, ""derive:l11_short_score"": 1, ""derive:l11_trade_signal"": 1, ""tushare:cashflow+income.derived"": 1, ""tushare:income.derived"": 5, ""tushare:balancesheet+income.derived"": 2, ""tushare:balancesheet"": 4, ""tushare:balancesheet.derived"": 1, ""tushare:cashflow"": 5, ""tushare:fina_indicator"": 16, ""tushare:income"": 5, ""tushare:report_rc"": 1, ""tushare:daily_basic+cashflow"": 1, ""tushare:daily_basic"": 4, ""derive:l6_path_second_derivative"": 1, ""derive:l6_path_tag"": 1, ""derived:turnover_history"": 1, ""derived:price_history"": 1, ""derive:l6_sens_cashflow"": 1, ""derive:l6_sens_growth_margin"": 1, ""derive:l6_sens_rates"": 1, ""derive:l6_sens_risk_narrative"": 1, ""tushare:daily_basic.history"": 1, ""derive:l7_env_risk_appetite"": 1, ""tushare:moneyflow"": 1, ""derive:l7_mood_fomo"": 1, ""akshare:stock_hot_rank_em+keyword"": 1, ""akshare:stock_hot_keyword_em"": 1, ""tushare:margin_detail"": 1, ""tushare:cashflow+income+balancesheet.derived"": 1, ""tushare:balancesheet+fina_indicator.derived"": 2, ""tushare:stk_holdertrade|alias→L8.gov.insider_sell"": 1, ""tushare:stk_managers|alias→L8.gov.management_change"": 1, ""derive:l8_industry_demand_supply"": 1, ""derive:l8_industry_price_war"": 1, ""derived:from_quantile"": 1, ""derive:l8_val_priced_in"": 1, ""tushare:dividend"": 1, ""tushare:forecast"": 1, ""tushare:stk_managers"": 1, ""tushare:stk_holdertrade"": 3, ""akshare:stock_individual_notice_report"": 1, ""akshare:em_news"": 1, ""akshare:xq_hot"": 1}",company,L2.newbiz.commercialization;L2.newbiz.revenue_contrib;L2.newbiz.tam;L2.newbiz.uncertainty;L2.newbiz.valuation_contrib,L10.val.expansion_compression;L10.val.historical_quantile;L11.long.business_model;L11.long.compete_moat;L11.long.industry_space;L11.long.margin;L11.long.score;L11.mid.eps_upward;L11.mid.margin_guidance;L11.mid.orders_revenue;L11.mid.score;L11.mode;L11.short.event_impact;L11.short.flow_boost;L11.short.score;L11.short.sentiment_shift;L11.short.technical;L11.trade.signal;L4.cost.labor;L4.cost.raw_material;L4.eff.cycle;L4.eff.turnover;L5.bs.ar_ap;L5.bs.cash_debt;L5.bs.goodwill_ppe;L5.bs.inventory;L5.bs.leverage;L5.cf.buyback_dividend;L5.cf.capex;L5.cf.fcf;L5.cf.icf_fcf;L5.cf.ocf;L5.fina.asset_turnover;L5.fina.bps;L5.fina.cfps;L5.fina.debt_ratio;L5.fina.eps;L5.fina.gross_margin;L5.fina.net_margin;L5.fina.net_profit_yoy;L5.fina.ocf_quality;L5.fina.profit_yoy_q;L5.fina.revenue_yoy;L5.fina.revenue_yoy_q;L5.fina.roa;L5.fina.roe;L5.fina.total_revenue_yoy;L5.fina.working_capital;L5.is.eps;L5.is.gross_margin;L5.is.gross_profit;L5.is.margins;L5.is.net_profit;L5.is.operating_profit;L5.is.revenue;L5.is.revenue_growth;L5.is.sga_rd;L5.surprise.sell_side;L6.mult.mcap_fcf;L6.mult.pb;L6.mult.pe;L6.mult.ps;L6.path.second_derivative;L6.path.tag;L6.priced.crowdedness;L6.priced.run_up;L6.sens.cashflow;L6.sens.growth_margin;L6.sens.rates;L6.sens.risk_narrative;L6.state.historical_percentile;L7.env.risk_appetite;L7.flow.active_inflow;L7.mood.fomo;L7.mood.media_social;L7.mood.theme;L7.trade.margin_short;L7.trade.volume_turnover;L8.fin.cash_ar;L8.fin.debt_pressure;L8.gov.insider_sell;L8.gov.management_change;L8.industry.demand_supply;L8.industry.price_war;L8.op.inventory_glut;L8.val.overvalued;L8.val.priced_in;L9.company.buyback_dividend;L9.company.earnings_guidance;L9.company.mgmt_litigation;L9.event.holder_trade_signal;L9.event.intraday_announcement;L9.event.intraday_news;L9.event.major_holder_decrease;L9.event.major_holder_increase;L9.media.social_buzz,
002460.SZ,赣锋锂业,A,NONFERROUS_METALS,59,1,5,51,2,0,96,0,102,250,40.80,"{""derive:l10_val_expansion_compression"": 1, ""derived:pe_pb_history"": 1, ""derive:bootstrap_l11_subscore"": 11, ""derive:l11_long_score"": 1, ""derive:l11_mid_score"": 1, ""derive:l11_mode"": 1, ""derive:l11_short_score"": 1, ""derive:l11_trade_signal"": 1, ""tushare:cashflow+income.derived"": 1, ""tushare:income.derived"": 5, ""tushare:balancesheet+income.derived"": 2, ""tushare:balancesheet"": 4, ""tushare:balancesheet.derived"": 1, ""tushare:cashflow"": 5, ""tushare:fina_indicator"": 16, ""tushare:income"": 5, ""tushare:report_rc"": 1, ""tushare:daily_basic+cashflow"": 1, ""tushare:daily_basic"": 4, ""derive:l6_path_second_derivative"": 1, ""derive:l6_path_tag"": 1, ""derived:turnover_history"": 1, ""derived:price_history"": 1, ""derive:l6_sens_cashflow"": 1, ""derive:l6_sens_growth_margin"": 1, ""derive:l6_sens_rates"": 1, ""derive:l6_sens_risk_narrative"": 1, ""tushare:daily_basic.history"": 1, ""derive:l7_env_risk_appetite"": 1, ""tushare:moneyflow"": 1, ""derive:l7_mood_fomo"": 1, ""akshare:stock_hot_rank_em+keyword"": 1, ""akshare:stock_hot_keyword_em"": 1, ""tushare:margin_detail"": 1, ""tushare:cashflow+income+balancesheet.derived"": 1, ""tushare:balancesheet+fina_indicator.derived"": 2, ""tushare:stk_holdertrade|alias→L8.gov.insider_sell"": 1, ""tushare:stk_managers|alias→L8.gov.management_change"": 1, ""derive:l8_industry_demand_supply"": 1, ""derive:l8_industry_price_war"": 1, ""derived:from_quantile"": 1, ""derive:l8_val_priced_in"": 1, ""tushare:dividend"": 1, ""tushare:forecast"": 1, ""tushare:stk_managers"": 1, ""tushare:stk_holdertrade"": 3, ""akshare:stock_individual_notice_report"": 1, ""akshare:em_news"": 1, ""akshare:xq_hot"": 1}",company,L2.newbiz.commercialization;L2.newbiz.revenue_contrib;L2.newbiz.tam;L2.newbiz.uncertainty;L2.newbiz.valuation_contrib,L10.val.expansion_compression;L10.val.historical_quantile;L11.long.business_model;L11.long.compete_moat;L11.long.industry_space;L11.long.margin;L11.long.score;L11.mid.eps_upward;L11.mid.margin_guidance;L11.mid.orders_revenue;L11.mid.score;L11.mode;L11.short.event_impact;L11.short.flow_boost;L11.short.score;L11.short.sentiment_shift;L11.short.technical;L11.trade.signal;L4.cost.labor;L4.cost.raw_material;L4.eff.cycle;L4.eff.turnover;L5.bs.ar_ap;L5.bs.cash_debt;L5.bs.goodwill_ppe;L5.bs.inventory;L5.bs.leverage;L5.cf.buyback_dividend;L5.cf.capex;L5.cf.fcf;L5.cf.icf_fcf;L5.cf.ocf;L5.fina.asset_turnover;L5.fina.bps;L5.fina.cfps;L5.fina.debt_ratio;L5.fina.eps;L5.fina.gross_margin;L5.fina.net_margin;L5.fina.net_profit_yoy;L5.fina.ocf_quality;L5.fina.profit_yoy_q;L5.fina.revenue_yoy;L5.fina.revenue_yoy_q;L5.fina.roa;L5.fina.roe;L5.fina.total_revenue_yoy;L5.fina.working_capital;L5.is.eps;L5.is.gross_margin;L5.is.gross_profit;L5.is.margins;L5.is.net_profit;L5.is.operating_profit;L5.is.revenue;L5.is.revenue_growth;L5.is.sga_rd;L5.surprise.sell_side;L6.mult.mcap_fcf;L6.mult.pb;L6.mult.pe;L6.mult.ps;L6.path.second_derivative;L6.path.tag;L6.priced.crowdedness;L6.priced.run_up;L6.sens.cashflow;L6.sens.growth_margin;L6.sens.rates;L6.sens.risk_narrative;L6.state.historical_percentile;L7.env.risk_appetite;L7.flow.active_inflow;L7.mood.fomo;L7.mood.media_social;L7.mood.theme;L7.trade.margin_short;L7.trade.volume_turnover;L8.fin.cash_ar;L8.fin.debt_pressure;L8.gov.insider_sell;L8.gov.management_change;L8.industry.demand_supply;L8.industry.price_war;L8.op.inventory_glut;L8.val.overvalued;L8.val.priced_in;L9.company.buyback_dividend;L9.company.earnings_guidance;L9.company.mgmt_litigation;L9.event.holder_trade_signal;L9.event.intraday_announcement;L9.event.intraday_news;L9.event.major_holder_decrease;L9.event.major_holder_increase;L9.media.social_buzz,
002463.SZ,沪电股份,A,AI_COMPUTE|CONSUMER_ELECTRONICS,59,1,5,51,2,0,97,0,103,250,41.20,"{""derive:l10_val_expansion_compression"": 1, ""derived:pe_pb_history"": 1, ""derive:bootstrap_l11_subscore"": 11, ""derive:l11_long_score"": 1, ""derive:l11_mid_score"": 1, ""derive:l11_mode"": 1, ""derive:l11_short_score"": 1, ""derive:l11_trade_signal"": 1, ""tushare:cashflow+income.derived"": 1, ""tushare:income.derived"": 5, ""tushare:balancesheet+income.derived"": 2, ""tushare:balancesheet"": 4, ""tushare:balancesheet.derived"": 1, ""tushare:cashflow"": 5, ""tushare:fina_indicator"": 16, ""tushare:income"": 5, ""tushare:report_rc"": 1, ""tushare:daily_basic+cashflow"": 1, ""tushare:daily_basic"": 4, ""derive:l6_path_second_derivative"": 1, ""derive:l6_path_tag"": 1, ""derived:turnover_history"": 1, ""derived:price_history"": 1, ""derive:l6_sens_cashflow"": 1, ""derive:l6_sens_growth_margin"": 1, ""derive:l6_sens_rates"": 1, ""derive:l6_sens_risk_narrative"": 1, ""tushare:daily_basic.history"": 1, ""derive:l7_env_risk_appetite"": 1, ""tushare:moneyflow"": 1, ""tushare:block_trade"": 1, ""derive:l7_mood_fomo"": 1, ""akshare:stock_hot_rank_em+keyword"": 1, ""akshare:stock_hot_keyword_em"": 1, ""tushare:margin_detail"": 1, ""tushare:cashflow+income+balancesheet.derived"": 1, ""tushare:balancesheet+fina_indicator.derived"": 2, ""tushare:stk_holdertrade|alias→L8.gov.insider_sell"": 1, ""tushare:stk_managers|alias→L8.gov.management_change"": 1, ""derive:l8_industry_demand_supply"": 1, ""derive:l8_industry_price_war"": 1, ""derived:from_quantile"": 1, ""derive:l8_val_priced_in"": 1, ""tushare:dividend"": 1, ""tushare:forecast"": 1, ""tushare:stk_managers"": 1, ""tushare:stk_holdertrade"": 3, ""akshare:stock_individual_notice_report"": 1, ""akshare:em_news"": 1, ""akshare:xq_hot"": 1}",company,L2.newbiz.commercialization;L2.newbiz.revenue_contrib;L2.newbiz.tam;L2.newbiz.uncertainty;L2.newbiz.valuation_contrib,L10.val.expansion_compression;L10.val.historical_quantile;L11.long.business_model;L11.long.compete_moat;L11.long.industry_space;L11.long.margin;L11.long.score;L11.mid.eps_upward;L11.mid.margin_guidance;L11.mid.orders_revenue;L11.mid.score;L11.mode;L11.short.event_impact;L11.short.flow_boost;L11.short.score;L11.short.sentiment_shift;L11.short.technical;L11.trade.signal;L4.cost.labor;L4.cost.raw_material;L4.eff.cycle;L4.eff.turnover;L5.bs.ar_ap;L5.bs.cash_debt;L5.bs.goodwill_ppe;L5.bs.inventory;L5.bs.leverage;L5.cf.buyback_dividend;L5.cf.capex;L5.cf.fcf;L5.cf.icf_fcf;L5.cf.ocf;L5.fina.asset_turnover;L5.fina.bps;L5.fina.cfps;L5.fina.debt_ratio;L5.fina.eps;L5.fina.gross_margin;L5.fina.net_margin;L5.fina.net_profit_yoy;L5.fina.ocf_quality;L5.fina.profit_yoy_q;L5.fina.revenue_yoy;L5.fina.revenue_yoy_q;L5.fina.roa;L5.fina.roe;L5.fina.total_revenue_yoy;L5.fina.working_capital;L5.is.eps;L5.is.gross_margin;L5.is.gross_profit;L5.is.margins;L5.is.net_profit;L5.is.operating_profit;L5.is.revenue;L5.is.revenue_growth;L5.is.sga_rd;L5.surprise.sell_side;L6.mult.mcap_fcf;L6.mult.pb;L6.mult.pe;L6.mult.ps;L6.path.second_derivative;L6.path.tag;L6.priced.crowdedness;L6.priced.run_up;L6.sens.cashflow;L6.sens.growth_margin;L6.sens.rates;L6.sens.risk_narrative;L6.state.historical_percentile;L7.env.risk_appetite;L7.flow.active_inflow;L7.flow.block_trade;L7.mood.fomo;L7.mood.media_social;L7.mood.theme;L7.trade.margin_short;L7.trade.volume_turnover;L8.fin.cash_ar;L8.fin.debt_pressure;L8.gov.insider_sell;L8.gov.management_change;L8.industry.demand_supply;L8.industry.price_war;L8.op.inventory_glut;L8.val.overvalued;L8.val.priced_in;L9.company.buyback_dividend;L9.company.earnings_guidance;L9.company.mgmt_litigation;L9.event.holder_trade_signal;L9.event.intraday_announcement;L9.event.intraday_news;L9.event.major_holder_decrease;L9.event.major_holder_increase;L9.media.social_buzz,
002466.SZ,天齐锂业,A,NONFERROUS_METALS,59,1,5,51,2,0,96,0,102,250,40.80,"{""derive:l10_val_expansion_compression"": 1, ""derived:pe_pb_history"": 1, ""derive:bootstrap_l11_subscore"": 11, ""derive:l11_long_score"": 1, ""derive:l11_mid_score"": 1, ""derive:l11_mode"": 1, ""derive:l11_short_score"": 1, ""derive:l11_trade_signal"": 1, ""tushare:cashflow+income.derived"": 1, ""tushare:income.derived"": 5, ""tushare:balancesheet+income.derived"": 2, ""tushare:balancesheet"": 4, ""tushare:balancesheet.derived"": 1, ""tushare:cashflow"": 5, ""tushare:fina_indicator"": 16, ""tushare:income"": 5, ""tushare:report_rc"": 1, ""tushare:daily_basic+cashflow"": 1, ""tushare:daily_basic"": 4, ""derive:l6_path_second_derivative"": 1, ""derive:l6_path_tag"": 1, ""derived:turnover_history"": 1, ""derived:price_history"": 1, ""derive:l6_sens_cashflow"": 1, ""derive:l6_sens_growth_margin"": 1, ""derive:l6_sens_rates"": 1, ""derive:l6_sens_risk_narrative"": 1, ""tushare:daily_basic.history"": 1, ""derive:l7_env_risk_appetite"": 1, ""tushare:moneyflow"": 1, ""derive:l7_mood_fomo"": 1, ""akshare:stock_hot_rank_em+keyword"": 1, ""akshare:stock_hot_keyword_em"": 1, ""tushare:margin_detail"": 1, ""tushare:cashflow+income+balancesheet.derived"": 1, ""tushare:balancesheet+fina_indicator.derived"": 2, ""tushare:stk_holdertrade|alias→L8.gov.insider_sell"": 1, ""tushare:stk_managers|alias→L8.gov.management_change"": 1, ""derive:l8_industry_demand_supply"": 1, ""derive:l8_industry_price_war"": 1, ""derived:from_quantile"": 1, ""derive:l8_val_priced_in"": 1, ""tushare:dividend"": 1, ""tushare:forecast"": 1, ""tushare:stk_managers"": 1, ""tushare:stk_holdertrade"": 3, ""akshare:stock_individual_notice_report"": 1, ""akshare:em_news"": 1, ""akshare:xq_hot"": 1}",company,L2.newbiz.commercialization;L2.newbiz.revenue_contrib;L2.newbiz.tam;L2.newbiz.uncertainty;L2.newbiz.valuation_contrib,L10.val.expansion_compression;L10.val.historical_quantile;L11.long.business_model;L11.long.compete_moat;L11.long.industry_space;L11.long.margin;L11.long.score;L11.mid.eps_upward;L11.mid.margin_guidance;L11.mid.orders_revenue;L11.mid.score;L11.mode;L11.short.event_impact;L11.short.flow_boost;L11.short.score;L11.short.sentiment_shift;L11.short.technical;L11.trade.signal;L4.cost.labor;L4.cost.raw_material;L4.eff.cycle;L4.eff.turnover;L5.bs.ar_ap;L5.bs.cash_debt;L5.bs.goodwill_ppe;L5.bs.inventory;L5.bs.leverage;L5.cf.buyback_dividend;L5.cf.capex;L5.cf.fcf;L5.cf.icf_fcf;L5.cf.ocf;L5.fina.asset_turnover;L5.fina.bps;L5.fina.cfps;L5.fina.debt_ratio;L5.fina.eps;L5.fina.gross_margin;L5.fina.net_margin;L5.fina.net_profit_yoy;L5.fina.ocf_quality;L5.fina.profit_yoy_q;L5.fina.revenue_yoy;L5.fina.revenue_yoy_q;L5.fina.roa;L5.fina.roe;L5.fina.total_revenue_yoy;L5.fina.working_capital;L5.is.eps;L5.is.gross_margin;L5.is.gross_profit;L5.is.margins;L5.is.net_profit;L5.is.operating_profit;L5.is.revenue;L5.is.revenue_growth;L5.is.sga_rd;L5.surprise.sell_side;L6.mult.mcap_fcf;L6.mult.pb;L6.mult.pe;L6.mult.ps;L6.path.second_derivative;L6.path.tag;L6.priced.crowdedness;L6.priced.run_up;L6.sens.cashflow;L6.sens.growth_margin;L6.sens.rates;L6.sens.risk_narrative;L6.state.historical_percentile;L7.env.risk_appetite;L7.flow.active_inflow;L7.mood.fomo;L7.mood.media_social;L7.mood.theme;L7.trade.margin_short;L7.trade.volume_turnover;L8.fin.cash_ar;L8.fin.debt_pressure;L8.gov.insider_sell;L8.gov.management_change;L8.industry.demand_supply;L8.industry.price_war;L8.op.inventory_glut;L8.val.overvalued;L8.val.priced_in;L9.company.buyback_dividend;L9.company.earnings_guidance;L9.company.mgmt_litigation;L9.event.holder_trade_signal;L9.event.intraday_announcement;L9.event.intraday_news;L9.event.major_holder_decrease;L9.event.major_holder_increase;L9.media.social_buzz,
002472.SZ,双环传动,A,ROBOTICS,59,1,5,51,2,0,96,0,102,250,40.80,"{""derive:l10_val_expansion_compression"": 1, ""derived:pe_pb_history"": 1, ""derive:bootstrap_l11_subscore"": 11, ""derive:l11_long_score"": 1, ""derive:l11_mid_score"": 1, ""derive:l11_mode"": 1, ""derive:l11_short_score"": 1, ""derive:l11_trade_signal"": 1, ""tushare:cashflow+income.derived"": 1, ""tushare:income.derived"": 5, ""tushare:balancesheet+income.derived"": 2, ""tushare:balancesheet"": 4, ""tushare:balancesheet.derived"": 1, ""tushare:cashflow"": 5, ""tushare:fina_indicator"": 16, ""tushare:income"": 5, ""tushare:report_rc"": 1, ""tushare:daily_basic+cashflow"": 1, ""tushare:daily_basic"": 4, ""derive:l6_path_second_derivative"": 1, ""derive:l6_path_tag"": 1, ""derived:turnover_history"": 1, ""derived:price_history"": 1, ""derive:l6_sens_cashflow"": 1, ""derive:l6_sens_growth_margin"": 1, ""derive:l6_sens_rates"": 1, ""derive:l6_sens_risk_narrative"": 1, ""tushare:daily_basic.history"": 1, ""derive:l7_env_risk_appetite"": 1, ""tushare:moneyflow"": 1, ""derive:l7_mood_fomo"": 1, ""akshare:stock_hot_rank_em+keyword"": 1, ""akshare:stock_hot_keyword_em"": 1, ""tushare:margin_detail"": 1, ""tushare:cashflow+income+balancesheet.derived"": 1, ""tushare:balancesheet+fina_indicator.derived"": 2, ""tushare:stk_holdertrade|alias→L8.gov.insider_sell"": 1, ""tushare:stk_managers|alias→L8.gov.management_change"": 1, ""derive:l8_industry_demand_supply"": 1, ""derive:l8_industry_price_war"": 1, ""derived:from_quantile"": 1, ""derive:l8_val_priced_in"": 1, ""tushare:dividend"": 1, ""tushare:forecast"": 1, ""tushare:stk_managers"": 1, ""tushare:stk_holdertrade"": 3, ""akshare:stock_individual_notice_report"": 1, ""akshare:em_news"": 1, ""akshare:xq_hot"": 1}",company,L2.newbiz.commercialization;L2.newbiz.revenue_contrib;L2.newbiz.tam;L2.newbiz.uncertainty;L2.newbiz.valuation_contrib,L10.val.expansion_compression;L10.val.historical_quantile;L11.long.business_model;L11.long.compete_moat;L11.long.industry_space;L11.long.margin;L11.long.score;L11.mid.eps_upward;L11.mid.margin_guidance;L11.mid.orders_revenue;L11.mid.score;L11.mode;L11.short.event_impact;L11.short.flow_boost;L11.short.score;L11.short.sentiment_shift;L11.short.technical;L11.trade.signal;L4.cost.labor;L4.cost.raw_material;L4.eff.cycle;L4.eff.turnover;L5.bs.ar_ap;L5.bs.cash_debt;L5.bs.goodwill_ppe;L5.bs.inventory;L5.bs.leverage;L5.cf.buyback_dividend;L5.cf.capex;L5.cf.fcf;L5.cf.icf_fcf;L5.cf.ocf;L5.fina.asset_turnover;L5.fina.bps;L5.fina.cfps;L5.fina.debt_ratio;L5.fina.eps;L5.fina.gross_margin;L5.fina.net_margin;L5.fina.net_profit_yoy;L5.fina.ocf_quality;L5.fina.profit_yoy_q;L5.fina.revenue_yoy;L5.fina.revenue_yoy_q;L5.fina.roa;L5.fina.roe;L5.fina.total_revenue_yoy;L5.fina.working_capital;L5.is.eps;L5.is.gross_margin;L5.is.gross_profit;L5.is.margins;L5.is.net_profit;L5.is.operating_profit;L5.is.revenue;L5.is.revenue_growth;L5.is.sga_rd;L5.surprise.sell_side;L6.mult.mcap_fcf;L6.mult.pb;L6.mult.pe;L6.mult.ps;L6.path.second_derivative;L6.path.tag;L6.priced.crowdedness;L6.priced.run_up;L6.sens.cashflow;L6.sens.growth_margin;L6.sens.rates;L6.sens.risk_narrative;L6.state.historical_percentile;L7.env.risk_appetite;L7.flow.active_inflow;L7.mood.fomo;L7.mood.media_social;L7.mood.theme;L7.trade.margin_short;L7.trade.volume_turnover;L8.fin.cash_ar;L8.fin.debt_pressure;L8.gov.insider_sell;L8.gov.management_change;L8.industry.demand_supply;L8.industry.price_war;L8.op.inventory_glut;L8.val.overvalued;L8.val.priced_in;L9.company.buyback_dividend;L9.company.earnings_guidance;L9.company.mgmt_litigation;L9.event.holder_trade_signal;L9.event.intraday_announcement;L9.event.intraday_news;L9.event.major_holder_decrease;L9.event.major_holder_increase;L9.media.social_buzz,
002475.SZ,立讯精密,A,CONSUMER_ELECTRONICS,59,1,5,51,2,0,97,0,103,250,41.20,"{""derive:l10_val_expansion_compression"": 1, ""derived:pe_pb_history"": 1, ""derive:bootstrap_l11_subscore"": 11, ""derive:l11_long_score"": 1, ""derive:l11_mid_score"": 1, ""derive:l11_mode"": 1, ""derive:l11_short_score"": 1, ""derive:l11_trade_signal"": 1, ""tushare:cashflow+income.derived"": 1, ""tushare:income.derived"": 5, ""tushare:balancesheet+income.derived"": 2, ""tushare:balancesheet"": 4, ""tushare:balancesheet.derived"": 1, ""tushare:cashflow"": 5, ""tushare:fina_indicator"": 16, ""tushare:income"": 5, ""tushare:report_rc"": 1, ""tushare:daily_basic+cashflow"": 1, ""tushare:daily_basic"": 4, ""derive:l6_path_second_derivative"": 1, ""derive:l6_path_tag"": 1, ""derived:turnover_history"": 1, ""derived:price_history"": 1, ""derive:l6_sens_cashflow"": 1, ""derive:l6_sens_growth_margin"": 1, ""derive:l6_sens_rates"": 1, ""derive:l6_sens_risk_narrative"": 1, ""tushare:daily_basic.history"": 1, ""derive:l7_env_risk_appetite"": 1, ""tushare:moneyflow"": 1, ""tushare:block_trade"": 1, ""derive:l7_mood_fomo"": 1, ""akshare:stock_hot_rank_em+keyword"": 1, ""akshare:stock_hot_keyword_em"": 1, ""tushare:margin_detail"": 1, ""tushare:cashflow+income+balancesheet.derived"": 1, ""tushare:balancesheet+fina_indicator.derived"": 2, ""tushare:stk_holdertrade|alias→L8.gov.insider_sell"": 1, ""tushare:stk_managers|alias→L8.gov.management_change"": 1, ""derive:l8_industry_demand_supply"": 1, ""derive:l8_industry_price_war"": 1, ""derived:from_quantile"": 1, ""derive:l8_val_priced_in"": 1, ""tushare:dividend"": 1, ""tushare:forecast"": 1, ""tushare:stk_managers"": 1, ""tushare:stk_holdertrade"": 3, ""akshare:stock_individual_notice_report"": 1, ""akshare:em_news"": 1, ""akshare:xq_hot"": 1}",company,L2.newbiz.commercialization;L2.newbiz.revenue_contrib;L2.newbiz.tam;L2.newbiz.uncertainty;L2.newbiz.valuation_contrib,L10.val.expansion_compression;L10.val.historical_quantile;L11.long.business_model;L11.long.compete_moat;L11.long.industry_space;L11.long.margin;L11.long.score;L11.mid.eps_upward;L11.mid.margin_guidance;L11.mid.orders_revenue;L11.mid.score;L11.mode;L11.short.event_impact;L11.short.flow_boost;L11.short.score;L11.short.sentiment_shift;L11.short.technical;L11.trade.signal;L4.cost.labor;L4.cost.raw_material;L4.eff.cycle;L4.eff.turnover;L5.bs.ar_ap;L5.bs.cash_debt;L5.bs.goodwill_ppe;L5.bs.inventory;L5.bs.leverage;L5.cf.buyback_dividend;L5.cf.capex;L5.cf.fcf;L5.cf.icf_fcf;L5.cf.ocf;L5.fina.asset_turnover;L5.fina.bps;L5.fina.cfps;L5.fina.debt_ratio;L5.fina.eps;L5.fina.gross_margin;L5.fina.net_margin;L5.fina.net_profit_yoy;L5.fina.ocf_quality;L5.fina.profit_yoy_q;L5.fina.revenue_yoy;L5.fina.revenue_yoy_q;L5.fina.roa;L5.fina.roe;L5.fina.total_revenue_yoy;L5.fina.working_capital;L5.is.eps;L5.is.gross_margin;L5.is.gross_profit;L5.is.margins;L5.is.net_profit;L5.is.operating_profit;L5.is.revenue;L5.is.revenue_growth;L5.is.sga_rd;L5.surprise.sell_side;L6.mult.mcap_fcf;L6.mult.pb;L6.mult.pe;L6.mult.ps;L6.path.second_derivative;L6.path.tag;L6.priced.crowdedness;L6.priced.run_up;L6.sens.cashflow;L6.sens.growth_margin;L6.sens.rates;L6.sens.risk_narrative;L6.state.historical_percentile;L7.env.risk_appetite;L7.flow.active_inflow;L7.flow.block_trade;L7.mood.fomo;L7.mood.media_social;L7.mood.theme;L7.trade.margin_short;L7.trade.volume_turnover;L8.fin.cash_ar;L8.fin.debt_pressure;L8.gov.insider_sell;L8.gov.management_change;L8.industry.demand_supply;L8.industry.price_war;L8.op.inventory_glut;L8.val.overvalued;L8.val.priced_in;L9.company.buyback_dividend;L9.company.earnings_guidance;L9.company.mgmt_litigation;L9.event.holder_trade_signal;L9.event.intraday_announcement;L9.event.intraday_news;L9.event.major_holder_decrease;L9.event.major_holder_increase;L9.media.social_buzz,
002555.SZ,三七互娱,A,HK_CN_INTERNET,59,1,5,51,2,0,96,0,102,250,40.80,"{""derive:l10_val_expansion_compression"": 1, ""derived:pe_pb_history"": 1, ""derive:bootstrap_l11_subscore"": 11, ""derive:l11_long_score"": 1, ""derive:l11_mid_score"": 1, ""derive:l11_mode"": 1, ""derive:l11_short_score"": 1, ""derive:l11_trade_signal"": 1, ""tushare:cashflow+income.derived"": 1, ""tushare:income.derived"": 5, ""tushare:balancesheet+income.derived"": 2, ""tushare:balancesheet"": 4, ""tushare:balancesheet.derived"": 1, ""tushare:cashflow"": 5, ""tushare:fina_indicator"": 16, ""tushare:income"": 5, ""tushare:report_rc"": 1, ""tushare:daily_basic+cashflow"": 1, ""tushare:daily_basic"": 4, ""derive:l6_path_second_derivative"": 1, ""derive:l6_path_tag"": 1, ""derived:turnover_history"": 1, ""derived:price_history"": 1, ""derive:l6_sens_cashflow"": 1, ""derive:l6_sens_growth_margin"": 1, ""derive:l6_sens_rates"": 1, ""derive:l6_sens_risk_narrative"": 1, ""tushare:daily_basic.history"": 1, ""derive:l7_env_risk_appetite"": 1, ""tushare:moneyflow"": 1, ""derive:l7_mood_fomo"": 1, ""akshare:stock_hot_rank_em+keyword"": 1, ""akshare:stock_hot_keyword_em"": 1, ""tushare:margin_detail"": 1, ""tushare:cashflow+income+balancesheet.derived"": 1, ""tushare:balancesheet+fina_indicator.derived"": 2, ""tushare:stk_holdertrade|alias→L8.gov.insider_sell"": 1, ""tushare:stk_managers|alias→L8.gov.management_change"": 1, ""derive:l8_industry_demand_supply"": 1, ""derive:l8_industry_price_war"": 1, ""derived:from_quantile"": 1, ""derive:l8_val_priced_in"": 1, ""tushare:dividend"": 1, ""tushare:forecast"": 1, ""tushare:stk_managers"": 1, ""tushare:stk_holdertrade"": 3, ""akshare:stock_individual_notice_report"": 1, ""akshare:em_news"": 1, ""akshare:xq_hot"": 1}",company,L2.newbiz.commercialization;L2.newbiz.revenue_contrib;L2.newbiz.tam;L2.newbiz.uncertainty;L2.newbiz.valuation_contrib,L10.val.expansion_compression;L10.val.historical_quantile;L11.long.business_model;L11.long.compete_moat;L11.long.industry_space;L11.long.margin;L11.long.score;L11.mid.eps_upward;L11.mid.margin_guidance;L11.mid.orders_revenue;L11.mid.score;L11.mode;L11.short.event_impact;L11.short.flow_boost;L11.short.score;L11.short.sentiment_shift;L11.short.technical;L11.trade.signal;L4.cost.labor;L4.cost.raw_material;L4.eff.cycle;L4.eff.turnover;L5.bs.ar_ap;L5.bs.cash_debt;L5.bs.goodwill_ppe;L5.bs.inventory;L5.bs.leverage;L5.cf.buyback_dividend;L5.cf.capex;L5.cf.fcf;L5.cf.icf_fcf;L5.cf.ocf;L5.fina.asset_turnover;L5.fina.bps;L5.fina.cfps;L5.fina.debt_ratio;L5.fina.eps;L5.fina.gross_margin;L5.fina.net_margin;L5.fina.net_profit_yoy;L5.fina.ocf_quality;L5.fina.profit_yoy_q;L5.fina.revenue_yoy;L5.fina.revenue_yoy_q;L5.fina.roa;L5.fina.roe;L5.fina.total_revenue_yoy;L5.fina.working_capital;L5.is.eps;L5.is.gross_margin;L5.is.gross_profit;L5.is.margins;L5.is.net_profit;L5.is.operating_profit;L5.is.revenue;L5.is.revenue_growth;L5.is.sga_rd;L5.surprise.sell_side;L6.mult.mcap_fcf;L6.mult.pb;L6.mult.pe;L6.mult.ps;L6.path.second_derivative;L6.path.tag;L6.priced.crowdedness;L6.priced.run_up;L6.sens.cashflow;L6.sens.growth_margin;L6.sens.rates;L6.sens.risk_narrative;L6.state.historical_percentile;L7.env.risk_appetite;L7.flow.active_inflow;L7.mood.fomo;L7.mood.media_social;L7.mood.theme;L7.trade.margin_short;L7.trade.volume_turnover;L8.fin.cash_ar;L8.fin.debt_pressure;L8.gov.insider_sell;L8.gov.management_change;L8.industry.demand_supply;L8.industry.price_war;L8.op.inventory_glut;L8.val.overvalued;L8.val.priced_in;L9.company.buyback_dividend;L9.company.earnings_guidance;L9.company.mgmt_litigation;L9.event.holder_trade_signal;L9.event.intraday_announcement;L9.event.intraday_news;L9.event.major_holder_decrease;L9.event.major_holder_increase;L9.media.social_buzz,
002594.SZ,比亚迪,A,STORAGE_GRID,59,1,5,51,2,0,97,0,103,250,41.20,"{""derive:l10_val_expansion_compression"": 1, ""derived:pe_pb_history"": 1, ""derive:bootstrap_l11_subscore"": 11, ""derive:l11_long_score"": 1, ""derive:l11_mid_score"": 1, ""derive:l11_mode"": 1, ""derive:l11_short_score"": 1, ""derive:l11_trade_signal"": 1, ""tushare:cashflow+income.derived"": 1, ""tushare:income.derived"": 5, ""tushare:balancesheet+income.derived"": 2, ""tushare:balancesheet"": 4, ""tushare:balancesheet.derived"": 1, ""tushare:cashflow"": 5, ""tushare:fina_indicator"": 16, ""tushare:income"": 5, ""tushare:report_rc"": 1, ""tushare:daily_basic+cashflow"": 1, ""tushare:daily_basic"": 4, ""derive:l6_path_second_derivative"": 1, ""derive:l6_path_tag"": 1, ""derived:turnover_history"": 1, ""derived:price_history"": 1, ""derive:l6_sens_cashflow"": 1, ""derive:l6_sens_growth_margin"": 1, ""derive:l6_sens_rates"": 1, ""derive:l6_sens_risk_narrative"": 1, ""tushare:daily_basic.history"": 1, ""derive:l7_env_risk_appetite"": 1, ""tushare:moneyflow"": 1, ""tushare:block_trade"": 1, ""derive:l7_mood_fomo"": 1, ""akshare:stock_hot_rank_em+keyword"": 1, ""akshare:stock_hot_keyword_em"": 1, ""tushare:margin_detail"": 1, ""tushare:cashflow+income+balancesheet.derived"": 1, ""tushare:balancesheet+fina_indicator.derived"": 2, ""tushare:stk_holdertrade|alias→L8.gov.insider_sell"": 1, ""tushare:stk_managers|alias→L8.gov.management_change"": 1, ""derive:l8_industry_demand_supply"": 1, ""derive:l8_industry_price_war"": 1, ""derived:from_quantile"": 1, ""derive:l8_val_priced_in"": 1, ""tushare:dividend"": 1, ""tushare:forecast"": 1, ""tushare:stk_managers"": 1, ""tushare:stk_holdertrade"": 3, ""akshare:stock_individual_notice_report"": 1, ""akshare:em_news"": 1, ""akshare:xq_hot"": 1}",company,L2.newbiz.commercialization;L2.newbiz.revenue_contrib;L2.newbiz.tam;L2.newbiz.uncertainty;L2.newbiz.valuation_contrib,L10.val.expansion_compression;L10.val.historical_quantile;L11.long.business_model;L11.long.compete_moat;L11.long.industry_space;L11.long.margin;L11.long.score;L11.mid.eps_upward;L11.mid.margin_guidance;L11.mid.orders_revenue;L11.mid.score;L11.mode;L11.short.event_impact;L11.short.flow_boost;L11.short.score;L11.short.sentiment_shift;L11.short.technical;L11.trade.signal;L4.cost.labor;L4.cost.raw_material;L4.eff.cycle;L4.eff.turnover;L5.bs.ar_ap;L5.bs.cash_debt;L5.bs.goodwill_ppe;L5.bs.inventory;L5.bs.leverage;L5.cf.buyback_dividend;L5.cf.capex;L5.cf.fcf;L5.cf.icf_fcf;L5.cf.ocf;L5.fina.asset_turnover;L5.fina.bps;L5.fina.cfps;L5.fina.debt_ratio;L5.fina.eps;L5.fina.gross_margin;L5.fina.net_margin;L5.fina.net_profit_yoy;L5.fina.ocf_quality;L5.fina.profit_yoy_q;L5.fina.revenue_yoy;L5.fina.revenue_yoy_q;L5.fina.roa;L5.fina.roe;L5.fina.total_revenue_yoy;L5.fina.working_capital;L5.is.eps;L5.is.gross_margin;L5.is.gross_profit;L5.is.margins;L5.is.net_profit;L5.is.operating_profit;L5.is.revenue;L5.is.revenue_growth;L5.is.sga_rd;L5.surprise.sell_side;L6.mult.mcap_fcf;L6.mult.pb;L6.mult.pe;L6.mult.ps;L6.path.second_derivative;L6.path.tag;L6.priced.crowdedness;L6.priced.run_up;L6.sens.cashflow;L6.sens.growth_margin;L6.sens.rates;L6.sens.risk_narrative;L6.state.historical_percentile;L7.env.risk_appetite;L7.flow.active_inflow;L7.flow.block_trade;L7.mood.fomo;L7.mood.media_social;L7.mood.theme;L7.trade.margin_short;L7.trade.volume_turnover;L8.fin.cash_ar;L8.fin.debt_pressure;L8.gov.insider_sell;L8.gov.management_change;L8.industry.demand_supply;L8.industry.price_war;L8.op.inventory_glut;L8.val.overvalued;L8.val.priced_in;L9.company.buyback_dividend;L9.company.earnings_guidance;L9.company.mgmt_litigation;L9.event.holder_trade_signal;L9.event.intraday_announcement;L9.event.intraday_news;L9.event.major_holder_decrease;L9.event.major_holder_increase;L9.media.social_buzz,
002624.SZ,完美世界,A,HK_CN_INTERNET,59,1,5,51,2,0,95,0,101,250,40.40,"{""derive:l10_val_expansion_compression"": 1, ""derived:pe_pb_history"": 1, ""derive:bootstrap_l11_subscore"": 11, ""derive:l11_long_score"": 1, ""derive:l11_mid_score"": 1, ""derive:l11_mode"": 1, ""derive:l11_short_score"": 1, ""derive:l11_trade_signal"": 1, ""tushare:cashflow+income.derived"": 1, ""tushare:income.derived"": 5, ""tushare:balancesheet+income.derived"": 2, ""tushare:balancesheet"": 4, ""tushare:balancesheet.derived"": 1, ""tushare:cashflow"": 4, ""tushare:fina_indicator"": 16, ""tushare:income"": 5, ""tushare:report_rc"": 1, ""tushare:daily_basic+cashflow"": 1, ""tushare:daily_basic"": 4, ""derive:l6_path_second_derivative"": 1, ""derive:l6_path_tag"": 1, ""derived:turnover_history"": 1, ""derived:price_history"": 1, ""derive:l6_sens_cashflow"": 1, ""derive:l6_sens_growth_margin"": 1, ""derive:l6_sens_rates"": 1, ""derive:l6_sens_risk_narrative"": 1, ""tushare:daily_basic.history"": 1, ""derive:l7_env_risk_appetite"": 1, ""tushare:moneyflow"": 1, ""derive:l7_mood_fomo"": 1, ""akshare:stock_hot_rank_em+keyword"": 1, ""akshare:stock_hot_keyword_em"": 1, ""tushare:margin_detail"": 1, ""tushare:cashflow+income+balancesheet.derived"": 1, ""tushare:balancesheet+fina_indicator.derived"": 2, ""tushare:stk_holdertrade|alias→L8.gov.insider_sell"": 1, ""tushare:stk_managers|alias→L8.gov.management_change"": 1, ""derive:l8_industry_demand_supply"": 1, ""derive:l8_industry_price_war"": 1, ""derived:from_quantile"": 1, ""derive:l8_val_priced_in"": 1, ""tushare:dividend"": 1, ""tushare:forecast"": 1, ""tushare:stk_managers"": 1, ""tushare:stk_holdertrade"": 3, ""akshare:stock_individual_notice_report"": 1, ""akshare:em_news"": 1, ""akshare:xq_hot"": 1}",company,L2.newbiz.commercialization;L2.newbiz.revenue_contrib;L2.newbiz.tam;L2.newbiz.uncertainty;L2.newbiz.valuation_contrib,L10.val.expansion_compression;L10.val.historical_quantile;L11.long.business_model;L11.long.compete_moat;L11.long.industry_space;L11.long.margin;L11.long.score;L11.mid.eps_upward;L11.mid.margin_guidance;L11.mid.orders_revenue;L11.mid.score;L11.mode;L11.short.event_impact;L11.short.flow_boost;L11.short.score;L11.short.sentiment_shift;L11.short.technical;L11.trade.signal;L4.cost.labor;L4.cost.raw_material;L4.eff.cycle;L4.eff.turnover;L5.bs.ar_ap;L5.bs.cash_debt;L5.bs.goodwill_ppe;L5.bs.inventory;L5.bs.leverage;L5.cf.capex;L5.cf.fcf;L5.cf.icf_fcf;L5.cf.ocf;L5.fina.asset_turnover;L5.fina.bps;L5.fina.cfps;L5.fina.debt_ratio;L5.fina.eps;L5.fina.gross_margin;L5.fina.net_margin;L5.fina.net_profit_yoy;L5.fina.ocf_quality;L5.fina.profit_yoy_q;L5.fina.revenue_yoy;L5.fina.revenue_yoy_q;L5.fina.roa;L5.fina.roe;L5.fina.total_revenue_yoy;L5.fina.working_capital;L5.is.eps;L5.is.gross_margin;L5.is.gross_profit;L5.is.margins;L5.is.net_profit;L5.is.operating_profit;L5.is.revenue;L5.is.revenue_growth;L5.is.sga_rd;L5.surprise.sell_side;L6.mult.mcap_fcf;L6.mult.pb;L6.mult.pe;L6.mult.ps;L6.path.second_derivative;L6.path.tag;L6.priced.crowdedness;L6.priced.run_up;L6.sens.cashflow;L6.sens.growth_margin;L6.sens.rates;L6.sens.risk_narrative;L6.state.historical_percentile;L7.env.risk_appetite;L7.flow.active_inflow;L7.mood.fomo;L7.mood.media_social;L7.mood.theme;L7.trade.margin_short;L7.trade.volume_turnover;L8.fin.cash_ar;L8.fin.debt_pressure;L8.gov.insider_sell;L8.gov.management_change;L8.industry.demand_supply;L8.industry.price_war;L8.op.inventory_glut;L8.val.overvalued;L8.val.priced_in;L9.company.buyback_dividend;L9.company.earnings_guidance;L9.company.mgmt_litigation;L9.event.holder_trade_signal;L9.event.intraday_announcement;L9.event.intraday_news;L9.event.major_holder_decrease;L9.event.major_holder_increase;L9.media.social_buzz,
002648.SZ,卫星化学,A,ANTI_INVOLUTION_CYCLICAL,59,1,5,51,2,0,97,0,103,250,41.20,"{""derive:l10_val_expansion_compression"": 1, ""derived:pe_pb_history"": 1, ""derive:bootstrap_l11_subscore"": 11, ""derive:l11_long_score"": 1, ""derive:l11_mid_score"": 1, ""derive:l11_mode"": 1, ""derive:l11_short_score"": 1, ""derive:l11_trade_signal"": 1, ""tushare:cashflow+income.derived"": 1, ""tushare:income.derived"": 5, ""tushare:balancesheet+income.derived"": 2, ""tushare:balancesheet"": 4, ""tushare:balancesheet.derived"": 1, ""tushare:cashflow"": 5, ""tushare:fina_indicator"": 16, ""tushare:income"": 5, ""tushare:report_rc"": 1, ""tushare:daily_basic+cashflow"": 1, ""tushare:daily_basic"": 4, ""derive:l6_path_second_derivative"": 1, ""derive:l6_path_tag"": 1, ""derived:turnover_history"": 1, ""derived:price_history"": 1, ""derive:l6_sens_cashflow"": 1, ""derive:l6_sens_growth_margin"": 1, ""derive:l6_sens_rates"": 1, ""derive:l6_sens_risk_narrative"": 1, ""tushare:daily_basic.history"": 1, ""derive:l7_env_risk_appetite"": 1, ""tushare:moneyflow"": 1, ""derive:l7_mood_fomo"": 1, ""akshare:stock_hot_rank_em+keyword"": 1, ""akshare:stock_hot_keyword_em"": 1, ""tushare:margin_detail"": 1, ""tushare:cashflow+income+balancesheet.derived"": 1, ""tushare:balancesheet+fina_indicator.derived"": 2, ""tushare:stk_holdertrade|alias→L8.gov.insider_sell"": 1, ""tushare:stk_managers|alias→L8.gov.management_change"": 1, ""derive:l8_industry_demand_supply"": 1, ""derive:l8_industry_price_war"": 1, ""derived:from_quantile"": 1, ""derive:l8_val_priced_in"": 1, ""tushare:top_list"": 1, ""tushare:dividend"": 1, ""tushare:forecast"": 1, ""tushare:stk_managers"": 1, ""tushare:stk_holdertrade"": 3, ""akshare:stock_individual_notice_report"": 1, ""akshare:em_news"": 1, ""akshare:xq_hot"": 1}",company,L2.newbiz.commercialization;L2.newbiz.revenue_contrib;L2.newbiz.tam;L2.newbiz.uncertainty;L2.newbiz.valuation_contrib,L10.val.expansion_compression;L10.val.historical_quantile;L11.long.business_model;L11.long.compete_moat;L11.long.industry_space;L11.long.margin;L11.long.score;L11.mid.eps_upward;L11.mid.margin_guidance;L11.mid.orders_revenue;L11.mid.score;L11.mode;L11.short.event_impact;L11.short.flow_boost;L11.short.score;L11.short.sentiment_shift;L11.short.technical;L11.trade.signal;L4.cost.labor;L4.cost.raw_material;L4.eff.cycle;L4.eff.turnover;L5.bs.ar_ap;L5.bs.cash_debt;L5.bs.goodwill_ppe;L5.bs.inventory;L5.bs.leverage;L5.cf.buyback_dividend;L5.cf.capex;L5.cf.fcf;L5.cf.icf_fcf;L5.cf.ocf;L5.fina.asset_turnover;L5.fina.bps;L5.fina.cfps;L5.fina.debt_ratio;L5.fina.eps;L5.fina.gross_margin;L5.fina.net_margin;L5.fina.net_profit_yoy;L5.fina.ocf_quality;L5.fina.profit_yoy_q;L5.fina.revenue_yoy;L5.fina.revenue_yoy_q;L5.fina.roa;L5.fina.roe;L5.fina.total_revenue_yoy;L5.fina.working_capital;L5.is.eps;L5.is.gross_margin;L5.is.gross_profit;L5.is.margins;L5.is.net_profit;L5.is.operating_profit;L5.is.revenue;L5.is.revenue_growth;L5.is.sga_rd;L5.surprise.sell_side;L6.mult.mcap_fcf;L6.mult.pb;L6.mult.pe;L6.mult.ps;L6.path.second_derivative;L6.path.tag;L6.priced.crowdedness;L6.priced.run_up;L6.sens.cashflow;L6.sens.growth_margin;L6.sens.rates;L6.sens.risk_narrative;L6.state.historical_percentile;L7.env.risk_appetite;L7.flow.active_inflow;L7.mood.fomo;L7.mood.media_social;L7.mood.theme;L7.trade.margin_short;L7.trade.volume_turnover;L8.fin.cash_ar;L8.fin.debt_pressure;L8.gov.insider_sell;L8.gov.management_change;L8.industry.demand_supply;L8.industry.price_war;L8.op.inventory_glut;L8.val.overvalued;L8.val.priced_in;L9.capital.inst_buy_sell;L9.company.buyback_dividend;L9.company.earnings_guidance;L9.company.mgmt_litigation;L9.event.holder_trade_signal;L9.event.intraday_announcement;L9.event.intraday_news;L9.event.major_holder_decrease;L9.event.major_holder_increase;L9.media.social_buzz,
002747.SZ,埃斯顿,A,ROBOTICS,59,1,5,51,2,0,96,0,102,250,40.80,"{""derive:l10_val_expansion_compression"": 1, ""derived:pe_pb_history"": 1, ""derive:bootstrap_l11_subscore"": 11, ""derive:l11_long_score"": 1, ""derive:l11_mid_score"": 1, ""derive:l11_mode"": 1, ""derive:l11_short_score"": 1, ""derive:l11_trade_signal"": 1, ""tushare:cashflow+income.derived"": 1, ""tushare:income.derived"": 5, ""tushare:balancesheet+income.derived"": 2, ""tushare:balancesheet"": 4, ""tushare:balancesheet.derived"": 1, ""tushare:cashflow"": 5, ""tushare:fina_indicator"": 16, ""tushare:income"": 5, ""tushare:report_rc"": 1, ""tushare:daily_basic+cashflow"": 1, ""tushare:daily_basic"": 4, ""derive:l6_path_second_derivative"": 1, ""derive:l6_path_tag"": 1, ""derived:turnover_history"": 1, ""derived:price_history"": 1, ""derive:l6_sens_cashflow"": 1, ""derive:l6_sens_growth_margin"": 1, ""derive:l6_sens_rates"": 1, ""derive:l6_sens_risk_narrative"": 1, ""tushare:daily_basic.history"": 1, ""derive:l7_env_risk_appetite"": 1, ""tushare:moneyflow"": 1, ""derive:l7_mood_fomo"": 1, ""akshare:stock_hot_rank_em+keyword"": 1, ""akshare:stock_hot_keyword_em"": 1, ""tushare:margin_detail"": 1, ""tushare:cashflow+income+balancesheet.derived"": 1, ""tushare:balancesheet+fina_indicator.derived"": 2, ""tushare:stk_holdertrade|alias→L8.gov.insider_sell"": 1, ""tushare:stk_managers|alias→L8.gov.management_change"": 1, ""derive:l8_industry_demand_supply"": 1, ""derive:l8_industry_price_war"": 1, ""derived:from_quantile"": 1, ""derive:l8_val_priced_in"": 1, ""tushare:dividend"": 1, ""tushare:forecast"": 1, ""tushare:stk_managers"": 1, ""tushare:stk_holdertrade"": 3, ""akshare:stock_individual_notice_report"": 1, ""akshare:em_news"": 1, ""akshare:xq_hot"": 1}",company,L2.newbiz.commercialization;L2.newbiz.revenue_contrib;L2.newbiz.tam;L2.newbiz.uncertainty;L2.newbiz.valuation_contrib,L10.val.expansion_compression;L10.val.historical_quantile;L11.long.business_model;L11.long.compete_moat;L11.long.industry_space;L11.long.margin;L11.long.score;L11.mid.eps_upward;L11.mid.margin_guidance;L11.mid.orders_revenue;L11.mid.score;L11.mode;L11.short.event_impact;L11.short.flow_boost;L11.short.score;L11.short.sentiment_shift;L11.short.technical;L11.trade.signal;L4.cost.labor;L4.cost.raw_material;L4.eff.cycle;L4.eff.turnover;L5.bs.ar_ap;L5.bs.cash_debt;L5.bs.goodwill_ppe;L5.bs.inventory;L5.bs.leverage;L5.cf.buyback_dividend;L5.cf.capex;L5.cf.fcf;L5.cf.icf_fcf;L5.cf.ocf;L5.fina.asset_turnover;L5.fina.bps;L5.fina.cfps;L5.fina.debt_ratio;L5.fina.eps;L5.fina.gross_margin;L5.fina.net_margin;L5.fina.net_profit_yoy;L5.fina.ocf_quality;L5.fina.profit_yoy_q;L5.fina.revenue_yoy;L5.fina.revenue_yoy_q;L5.fina.roa;L5.fina.roe;L5.fina.total_revenue_yoy;L5.fina.working_capital;L5.is.eps;L5.is.gross_margin;L5.is.gross_profit;L5.is.margins;L5.is.net_profit;L5.is.operating_profit;L5.is.revenue;L5.is.revenue_growth;L5.is.sga_rd;L5.surprise.sell_side;L6.mult.mcap_fcf;L6.mult.pb;L6.mult.pe;L6.mult.ps;L6.path.second_derivative;L6.path.tag;L6.priced.crowdedness;L6.priced.run_up;L6.sens.cashflow;L6.sens.growth_margin;L6.sens.rates;L6.sens.risk_narrative;L6.state.historical_percentile;L7.env.risk_appetite;L7.flow.active_inflow;L7.mood.fomo;L7.mood.media_social;L7.mood.theme;L7.trade.margin_short;L7.trade.volume_turnover;L8.fin.cash_ar;L8.fin.debt_pressure;L8.gov.insider_sell;L8.gov.management_change;L8.industry.demand_supply;L8.industry.price_war;L8.op.inventory_glut;L8.val.overvalued;L8.val.priced_in;L9.company.buyback_dividend;L9.company.earnings_guidance;L9.company.mgmt_litigation;L9.event.holder_trade_signal;L9.event.intraday_announcement;L9.event.intraday_news;L9.event.major_holder_decrease;L9.event.major_holder_increase;L9.media.social_buzz,
00285.HK,比亚迪电子,HK,CONSUMER_ELECTRONICS,59,1,5,51,2,0,32,0,38,250,15.20,"{""derive:l10_val_expansion_compression"": 1, ""derive:bootstrap_l11_subscore"": 11, ""derive:l11_long_score"": 1, ""derive:l11_mid_score"": 1, ""derive:l11_mode"": 1, ""derive:l11_short_score"": 1, ""derive:l11_trade_signal"": 1, ""futu:snapshot"": 3, ""derive:l6_path_second_derivative"": 1, ""derive:l6_path_tag"": 1, ""derive:l6_sens_cashflow"": 1, ""derive:l6_sens_growth_margin"": 1, ""derive:l6_sens_rates"": 1, ""derive:l6_sens_risk_narrative"": 1, ""derive:l7_env_risk_appetite"": 1, ""futu"": 1, ""derive:l7_mood_fomo"": 1, ""derive:l8_industry_demand_supply"": 1, ""derive:l8_industry_price_war"": 1, ""derive:l8_val_priced_in"": 1}",company,L2.newbiz.commercialization;L2.newbiz.revenue_contrib;L2.newbiz.tam;L2.newbiz.uncertainty;L2.newbiz.valuation_contrib,L10.val.expansion_compression;L11.long.business_model;L11.long.compete_moat;L11.long.industry_space;L11.long.margin;L11.long.score;L11.mid.eps_upward;L11.mid.margin_guidance;L11.mid.orders_revenue;L11.mid.score;L11.mode;L11.short.event_impact;L11.short.flow_boost;L11.short.score;L11.short.sentiment_shift;L11.short.technical;L11.trade.signal;L6.mult.pb;L6.mult.pe;L6.path.second_derivative;L6.path.tag;L6.sens.cashflow;L6.sens.growth_margin;L6.sens.rates;L6.sens.risk_narrative;L7.env.risk_appetite;L7.market.l2_quote;L7.mood.fomo;L7.trade.volume_turnover;L8.industry.demand_supply;L8.industry.price_war;L8.val.priced_in,
002916.SZ,深南电路,A,AI_COMPUTE|CONSUMER_ELECTRONICS,59,1,5,51,2,0,95,0,101,250,40.40,"{""derive:l10_val_expansion_compression"": 1, ""derived:pe_pb_history"": 1, ""derive:bootstrap_l11_subscore"": 11, ""derive:l11_long_score"": 1, ""derive:l11_mid_score"": 1, ""derive:l11_mode"": 1, ""derive:l11_short_score"": 1, ""derive:l11_trade_signal"": 1, ""tushare:cashflow+income.derived"": 1, ""tushare:income.derived"": 5, ""tushare:balancesheet+income.derived"": 2, ""tushare:balancesheet"": 3, ""tushare:balancesheet.derived"": 1, ""tushare:cashflow"": 5, ""tushare:fina_indicator"": 16, ""tushare:income"": 5, ""tushare:report_rc"": 1, ""tushare:daily_basic+cashflow"": 1, ""tushare:daily_basic"": 4, ""derive:l6_path_second_derivative"": 1, ""derive:l6_path_tag"": 1, ""derived:turnover_history"": 1, ""derived:price_history"": 1, ""derive:l6_sens_cashflow"": 1, ""derive:l6_sens_growth_margin"": 1, ""derive:l6_sens_rates"": 1, ""derive:l6_sens_risk_narrative"": 1, ""tushare:daily_basic.history"": 1, ""derive:l7_env_risk_appetite"": 1, ""tushare:moneyflow"": 1, ""derive:l7_mood_fomo"": 1, ""akshare:stock_hot_rank_em+keyword"": 1, ""akshare:stock_hot_keyword_em"": 1, ""tushare:margin_detail"": 1, ""tushare:cashflow+income+balancesheet.derived"": 1, ""tushare:balancesheet+fina_indicator.derived"": 2, ""tushare:stk_holdertrade|alias→L8.gov.insider_sell"": 1, ""tushare:stk_managers|alias→L8.gov.management_change"": 1, ""derive:l8_industry_demand_supply"": 1, ""derive:l8_industry_price_war"": 1, ""derived:from_quantile"": 1, ""derive:l8_val_priced_in"": 1, ""tushare:dividend"": 1, ""tushare:forecast"": 1, ""tushare:stk_managers"": 1, ""tushare:stk_holdertrade"": 3, ""akshare:stock_individual_notice_report"": 1, ""akshare:em_news"": 1, ""akshare:xq_hot"": 1}",company,L2.newbiz.commercialization;L2.newbiz.revenue_contrib;L2.newbiz.tam;L2.newbiz.uncertainty;L2.newbiz.valuation_contrib,L10.val.expansion_compression;L10.val.historical_quantile;L11.long.business_model;L11.long.compete_moat;L11.long.industry_space;L11.long.margin;L11.long.score;L11.mid.eps_upward;L11.mid.margin_guidance;L11.mid.orders_revenue;L11.mid.score;L11.mode;L11.short.event_impact;L11.short.flow_boost;L11.short.score;L11.short.sentiment_shift;L11.short.technical;L11.trade.signal;L4.cost.labor;L4.cost.raw_material;L4.eff.cycle;L4.eff.turnover;L5.bs.ar_ap;L5.bs.cash_debt;L5.bs.inventory;L5.bs.leverage;L5.cf.buyback_dividend;L5.cf.capex;L5.cf.fcf;L5.cf.icf_fcf;L5.cf.ocf;L5.fina.asset_turnover;L5.fina.bps;L5.fina.cfps;L5.fina.debt_ratio;L5.fina.eps;L5.fina.gross_margin;L5.fina.net_margin;L5.fina.net_profit_yoy;L5.fina.ocf_quality;L5.fina.profit_yoy_q;L5.fina.revenue_yoy;L5.fina.revenue_yoy_q;L5.fina.roa;L5.fina.roe;L5.fina.total_revenue_yoy;L5.fina.working_capital;L5.is.eps;L5.is.gross_margin;L5.is.gross_profit;L5.is.margins;L5.is.net_profit;L5.is.operating_profit;L5.is.revenue;L5.is.revenue_growth;L5.is.sga_rd;L5.surprise.sell_side;L6.mult.mcap_fcf;L6.mult.pb;L6.mult.pe;L6.mult.ps;L6.path.second_derivative;L6.path.tag;L6.priced.crowdedness;L6.priced.run_up;L6.sens.cashflow;L6.sens.growth_margin;L6.sens.rates;L6.sens.risk_narrative;L6.state.historical_percentile;L7.env.risk_appetite;L7.flow.active_inflow;L7.mood.fomo;L7.mood.media_social;L7.mood.theme;L7.trade.margin_short;L7.trade.volume_turnover;L8.fin.cash_ar;L8.fin.debt_pressure;L8.gov.insider_sell;L8.gov.management_change;L8.industry.demand_supply;L8.industry.price_war;L8.op.inventory_glut;L8.val.overvalued;L8.val.priced_in;L9.company.buyback_dividend;L9.company.earnings_guidance;L9.company.mgmt_litigation;L9.event.holder_trade_signal;L9.event.intraday_announcement;L9.event.intraday_news;L9.event.major_holder_decrease;L9.event.major_holder_increase;L9.media.social_buzz,
002920.SZ,德赛西威,A,EXPORT_MFG,59,1,5,51,2,0,96,0,102,250,40.80,"{""derive:l10_val_expansion_compression"": 1, ""derived:pe_pb_history"": 1, ""derive:bootstrap_l11_subscore"": 11, ""derive:l11_long_score"": 1, ""derive:l11_mid_score"": 1, ""derive:l11_mode"": 1, ""derive:l11_short_score"": 1, ""derive:l11_trade_signal"": 1, ""tushare:cashflow+income.derived"": 1, ""tushare:income.derived"": 5, ""tushare:balancesheet+income.derived"": 2, ""tushare:balancesheet"": 4, ""tushare:balancesheet.derived"": 1, ""tushare:cashflow"": 5, ""tushare:fina_indicator"": 16, ""tushare:income"": 5, ""tushare:report_rc"": 1, ""tushare:daily_basic+cashflow"": 1, ""tushare:daily_basic"": 4, ""derive:l6_path_second_derivative"": 1, ""derive:l6_path_tag"": 1, ""derived:turnover_history"": 1, ""derived:price_history"": 1, ""derive:l6_sens_cashflow"": 1, ""derive:l6_sens_growth_margin"": 1, ""derive:l6_sens_rates"": 1, ""derive:l6_sens_risk_narrative"": 1, ""tushare:daily_basic.history"": 1, ""derive:l7_env_risk_appetite"": 1, ""tushare:moneyflow"": 1, ""derive:l7_mood_fomo"": 1, ""akshare:stock_hot_rank_em+keyword"": 1, ""akshare:stock_hot_keyword_em"": 1, ""tushare:margin_detail"": 1, ""tushare:cashflow+income+balancesheet.derived"": 1, ""tushare:balancesheet+fina_indicator.derived"": 2, ""tushare:stk_holdertrade|alias→L8.gov.insider_sell"": 1, ""tushare:stk_managers|alias→L8.gov.management_change"": 1, ""derive:l8_industry_demand_supply"": 1, ""derive:l8_industry_price_war"": 1, ""derived:from_quantile"": 1, ""derive:l8_val_priced_in"": 1, ""tushare:dividend"": 1, ""tushare:forecast"": 1, ""tushare:stk_managers"": 1, ""tushare:stk_holdertrade"": 3, ""akshare:stock_individual_notice_report"": 1, ""akshare:em_news"": 1, ""akshare:xq_hot"": 1}",company,L2.newbiz.commercialization;L2.newbiz.revenue_contrib;L2.newbiz.tam;L2.newbiz.uncertainty;L2.newbiz.valuation_contrib,L10.val.expansion_compression;L10.val.historical_quantile;L11.long.business_model;L11.long.compete_moat;L11.long.industry_space;L11.long.margin;L11.long.score;L11.mid.eps_upward;L11.mid.margin_guidance;L11.mid.orders_revenue;L11.mid.score;L11.mode;L11.short.event_impact;L11.short.flow_boost;L11.short.score;L11.short.sentiment_shift;L11.short.technical;L11.trade.signal;L4.cost.labor;L4.cost.raw_material;L4.eff.cycle;L4.eff.turnover;L5.bs.ar_ap;L5.bs.cash_debt;L5.bs.goodwill_ppe;L5.bs.inventory;L5.bs.leverage;L5.cf.buyback_dividend;L5.cf.capex;L5.cf.fcf;L5.cf.icf_fcf;L5.cf.ocf;L5.fina.asset_turnover;L5.fina.bps;L5.fina.cfps;L5.fina.debt_ratio;L5.fina.eps;L5.fina.gross_margin;L5.fina.net_margin;L5.fina.net_profit_yoy;L5.fina.ocf_quality;L5.fina.profit_yoy_q;L5.fina.revenue_yoy;L5.fina.revenue_yoy_q;L5.fina.roa;L5.fina.roe;L5.fina.total_revenue_yoy;L5.fina.working_capital;L5.is.eps;L5.is.gross_margin;L5.is.gross_profit;L5.is.margins;L5.is.net_profit;L5.is.operating_profit;L5.is.revenue;L5.is.revenue_growth;L5.is.sga_rd;L5.surprise.sell_side;L6.mult.mcap_fcf;L6.mult.pb;L6.mult.pe;L6.mult.ps;L6.path.second_derivative;L6.path.tag;L6.priced.crowdedness;L6.priced.run_up;L6.sens.cashflow;L6.sens.growth_margin;L6.sens.rates;L6.sens.risk_narrative;L6.state.historical_percentile;L7.env.risk_appetite;L7.flow.active_inflow;L7.mood.fomo;L7.mood.media_social;L7.mood.theme;L7.trade.margin_short;L7.trade.volume_turnover;L8.fin.cash_ar;L8.fin.debt_pressure;L8.gov.insider_sell;L8.gov.management_change;L8.industry.demand_supply;L8.industry.price_war;L8.op.inventory_glut;L8.val.overvalued;L8.val.priced_in;L9.company.buyback_dividend;L9.company.earnings_guidance;L9.company.mgmt_litigation;L9.event.holder_trade_signal;L9.event.intraday_announcement;L9.event.intraday_news;L9.event.major_holder_decrease;L9.event.major_holder_increase;L9.media.social_buzz,
00293.HK,国泰航空,HK,DOMESTIC_CONSUMPTION,59,1,5,51,2,0,32,0,38,250,15.20,"{""derive:l10_val_expansion_compression"": 1, ""derive:bootstrap_l11_subscore"": 11, ""derive:l11_long_score"": 1, ""derive:l11_mid_score"": 1, ""derive:l11_mode"": 1, ""derive:l11_short_score"": 1, ""derive:l11_trade_signal"": 1, ""futu:snapshot"": 3, ""derive:l6_path_second_derivative"": 1, ""derive:l6_path_tag"": 1, ""derive:l6_sens_cashflow"": 1, ""derive:l6_sens_growth_margin"": 1, ""derive:l6_sens_rates"": 1, ""derive:l6_sens_risk_narrative"": 1, ""derive:l7_env_risk_appetite"": 1, ""futu"": 1, ""derive:l7_mood_fomo"": 1, ""derive:l8_industry_demand_supply"": 1, ""derive:l8_industry_price_war"": 1, ""derive:l8_val_priced_in"": 1}",company,L2.newbiz.commercialization;L2.newbiz.revenue_contrib;L2.newbiz.tam;L2.newbiz.uncertainty;L2.newbiz.valuation_contrib,L10.val.expansion_compression;L11.long.business_model;L11.long.compete_moat;L11.long.industry_space;L11.long.margin;L11.long.score;L11.mid.eps_upward;L11.mid.margin_guidance;L11.mid.orders_revenue;L11.mid.score;L11.mode;L11.short.event_impact;L11.short.flow_boost;L11.short.score;L11.short.sentiment_shift;L11.short.technical;L11.trade.signal;L6.mult.pb;L6.mult.pe;L6.path.second_derivative;L6.path.tag;L6.sens.cashflow;L6.sens.growth_margin;L6.sens.rates;L6.sens.risk_narrative;L7.env.risk_appetite;L7.market.l2_quote;L7.mood.fomo;L7.trade.volume_turnover;L8.industry.demand_supply;L8.industry.price_war;L8.val.priced_in,
002938.SZ,鹏鼎控股,A,CONSUMER_ELECTRONICS,59,1,5,51,2,0,96,0,102,250,40.80,"{""derive:l10_val_expansion_compression"": 1, ""derived:pe_pb_history"": 1, ""derive:bootstrap_l11_subscore"": 11, ""derive:l11_long_score"": 1, ""derive:l11_mid_score"": 1, ""derive:l11_mode"": 1, ""derive:l11_short_score"": 1, ""derive:l11_trade_signal"": 1, ""tushare:cashflow+income.derived"": 1, ""tushare:income.derived"": 5, ""tushare:balancesheet+income.derived"": 2, ""tushare:balancesheet"": 4, ""tushare:balancesheet.derived"": 1, ""tushare:cashflow"": 5, ""tushare:fina_indicator"": 16, ""tushare:income"": 5, ""tushare:report_rc"": 1, ""tushare:daily_basic+cashflow"": 1, ""tushare:daily_basic"": 4, ""derive:l6_path_second_derivative"": 1, ""derive:l6_path_tag"": 1, ""derived:turnover_history"": 1, ""derived:price_history"": 1, ""derive:l6_sens_cashflow"": 1, ""derive:l6_sens_growth_margin"": 1, ""derive:l6_sens_rates"": 1, ""derive:l6_sens_risk_narrative"": 1, ""tushare:daily_basic.history"": 1, ""derive:l7_env_risk_appetite"": 1, ""tushare:moneyflow"": 1, ""derive:l7_mood_fomo"": 1, ""akshare:stock_hot_rank_em+keyword"": 1, ""akshare:stock_hot_keyword_em"": 1, ""tushare:margin_detail"": 1, ""tushare:cashflow+income+balancesheet.derived"": 1, ""tushare:balancesheet+fina_indicator.derived"": 2, ""tushare:stk_holdertrade|alias→L8.gov.insider_sell"": 1, ""tushare:stk_managers|alias→L8.gov.management_change"": 1, ""derive:l8_industry_demand_supply"": 1, ""derive:l8_industry_price_war"": 1, ""derived:from_quantile"": 1, ""derive:l8_val_priced_in"": 1, ""tushare:dividend"": 1, ""tushare:forecast"": 1, ""tushare:stk_managers"": 1, ""tushare:stk_holdertrade"": 3, ""akshare:stock_individual_notice_report"": 1, ""akshare:em_news"": 1, ""akshare:xq_hot"": 1}",company,L2.newbiz.commercialization;L2.newbiz.revenue_contrib;L2.newbiz.tam;L2.newbiz.uncertainty;L2.newbiz.valuation_contrib,L10.val.expansion_compression;L10.val.historical_quantile;L11.long.business_model;L11.long.compete_moat;L11.long.industry_space;L11.long.margin;L11.long.score;L11.mid.eps_upward;L11.mid.margin_guidance;L11.mid.orders_revenue;L11.mid.score;L11.mode;L11.short.event_impact;L11.short.flow_boost;L11.short.score;L11.short.sentiment_shift;L11.short.technical;L11.trade.signal;L4.cost.labor;L4.cost.raw_material;L4.eff.cycle;L4.eff.turnover;L5.bs.ar_ap;L5.bs.cash_debt;L5.bs.goodwill_ppe;L5.bs.inventory;L5.bs.leverage;L5.cf.buyback_dividend;L5.cf.capex;L5.cf.fcf;L5.cf.icf_fcf;L5.cf.ocf;L5.fina.asset_turnover;L5.fina.bps;L5.fina.cfps;L5.fina.debt_ratio;L5.fina.eps;L5.fina.gross_margin;L5.fina.net_margin;L5.fina.net_profit_yoy;L5.fina.ocf_quality;L5.fina.profit_yoy_q;L5.fina.revenue_yoy;L5.fina.revenue_yoy_q;L5.fina.roa;L5.fina.roe;L5.fina.total_revenue_yoy;L5.fina.working_capital;L5.is.eps;L5.is.gross_margin;L5.is.gross_profit;L5.is.margins;L5.is.net_profit;L5.is.operating_profit;L5.is.revenue;L5.is.revenue_growth;L5.is.sga_rd;L5.surprise.sell_side;L6.mult.mcap_fcf;L6.mult.pb;L6.mult.pe;L6.mult.ps;L6.path.second_derivative;L6.path.tag;L6.priced.crowdedness;L6.priced.run_up;L6.sens.cashflow;L6.sens.growth_margin;L6.sens.rates;L6.sens.risk_narrative;L6.state.historical_percentile;L7.env.risk_appetite;L7.flow.active_inflow;L7.mood.fomo;L7.mood.media_social;L7.mood.theme;L7.trade.margin_short;L7.trade.volume_turnover;L8.fin.cash_ar;L8.fin.debt_pressure;L8.gov.insider_sell;L8.gov.management_change;L8.industry.demand_supply;L8.industry.price_war;L8.op.inventory_glut;L8.val.overvalued;L8.val.priced_in;L9.company.buyback_dividend;L9.company.earnings_guidance;L9.company.mgmt_litigation;L9.event.holder_trade_signal;L9.event.intraday_announcement;L9.event.intraday_news;L9.event.major_holder_decrease;L9.event.major_holder_increase;L9.media.social_buzz,
00300.HK,美的集团-H,HK,ROBOTICS|EXPORT_MFG,59,1,5,51,2,0,32,0,38,250,15.20,"{""derive:l10_val_expansion_compression"": 1, ""derive:bootstrap_l11_subscore"": 11, ""derive:l11_long_score"": 1, ""derive:l11_mid_score"": 1, ""derive:l11_mode"": 1, ""derive:l11_short_score"": 1, ""derive:l11_trade_signal"": 1, ""futu:snapshot"": 3, ""derive:l6_path_second_derivative"": 1, ""derive:l6_path_tag"": 1, ""derive:l6_sens_cashflow"": 1, ""derive:l6_sens_growth_margin"": 1, ""derive:l6_sens_rates"": 1, ""derive:l6_sens_risk_narrative"": 1, ""derive:l7_env_risk_appetite"": 1, ""futu"": 1, ""derive:l7_mood_fomo"": 1, ""derive:l8_industry_demand_supply"": 1, ""derive:l8_industry_price_war"": 1, ""derive:l8_val_priced_in"": 1}",company,L2.newbiz.commercialization;L2.newbiz.revenue_contrib;L2.newbiz.tam;L2.newbiz.uncertainty;L2.newbiz.valuation_contrib,L10.val.expansion_compression;L11.long.business_model;L11.long.compete_moat;L11.long.industry_space;L11.long.margin;L11.long.score;L11.mid.eps_upward;L11.mid.margin_guidance;L11.mid.orders_revenue;L11.mid.score;L11.mode;L11.short.event_impact;L11.short.flow_boost;L11.short.score;L11.short.sentiment_shift;L11.short.technical;L11.trade.signal;L6.mult.pb;L6.mult.pe;L6.path.second_derivative;L6.path.tag;L6.sens.cashflow;L6.sens.growth_margin;L6.sens.rates;L6.sens.risk_narrative;L7.env.risk_appetite;L7.market.l2_quote;L7.mood.fomo;L7.trade.volume_turnover;L8.industry.demand_supply;L8.industry.price_war;L8.val.priced_in,
00323.HK,马鞍山钢铁,HK,ANTI_INVOLUTION_CYCLICAL,59,1,5,51,2,0,32,0,38,250,15.20,"{""derive:l10_val_expansion_compression"": 1, ""derive:bootstrap_l11_subscore"": 11, ""derive:l11_long_score"": 1, ""derive:l11_mid_score"": 1, ""derive:l11_mode"": 1, ""derive:l11_short_score"": 1, ""derive:l11_trade_signal"": 1, ""futu:snapshot"": 3, ""derive:l6_path_second_derivative"": 1, ""derive:l6_path_tag"": 1, ""derive:l6_sens_cashflow"": 1, ""derive:l6_sens_growth_margin"": 1, ""derive:l6_sens_rates"": 1, ""derive:l6_sens_risk_narrative"": 1, ""derive:l7_env_risk_appetite"": 1, ""futu"": 1, ""derive:l7_mood_fomo"": 1, ""derive:l8_industry_demand_supply"": 1, ""derive:l8_industry_price_war"": 1, ""derive:l8_val_priced_in"": 1}",company,L2.newbiz.commercialization;L2.newbiz.revenue_contrib;L2.newbiz.tam;L2.newbiz.uncertainty;L2.newbiz.valuation_contrib,L10.val.expansion_compression;L11.long.business_model;L11.long.compete_moat;L11.long.industry_space;L11.long.margin;L11.long.score;L11.mid.eps_upward;L11.mid.margin_guidance;L11.mid.orders_revenue;L11.mid.score;L11.mode;L11.short.event_impact;L11.short.flow_boost;L11.short.score;L11.short.sentiment_shift;L11.short.technical;L11.trade.signal;L6.mult.pb;L6.mult.pe;L6.path.second_derivative;L6.path.tag;L6.sens.cashflow;L6.sens.growth_margin;L6.sens.rates;L6.sens.risk_narrative;L7.env.risk_appetite;L7.market.l2_quote;L7.mood.fomo;L7.trade.volume_turnover;L8.industry.demand_supply;L8.industry.price_war;L8.val.priced_in,
00347.HK,鞍钢股份,HK,ANTI_INVOLUTION_CYCLICAL,59,1,5,51,2,0,32,0,38,250,15.20,"{""derive:l10_val_expansion_compression"": 1, ""derive:bootstrap_l11_subscore"": 11, ""derive:l11_long_score"": 1, ""derive:l11_mid_score"": 1, ""derive:l11_mode"": 1, ""derive:l11_short_score"": 1, ""derive:l11_trade_signal"": 1, ""futu:snapshot"": 3, ""derive:l6_path_second_derivative"": 1, ""derive:l6_path_tag"": 1, ""derive:l6_sens_cashflow"": 1, ""derive:l6_sens_growth_margin"": 1, ""derive:l6_sens_rates"": 1, ""derive:l6_sens_risk_narrative"": 1, ""derive:l7_env_risk_appetite"": 1, ""futu"": 1, ""derive:l7_mood_fomo"": 1, ""derive:l8_industry_demand_supply"": 1, ""derive:l8_industry_price_war"": 1, ""derive:l8_val_priced_in"": 1}",company,L2.newbiz.commercialization;L2.newbiz.revenue_contrib;L2.newbiz.tam;L2.newbiz.uncertainty;L2.newbiz.valuation_contrib,L10.val.expansion_compression;L11.long.business_model;L11.long.compete_moat;L11.long.industry_space;L11.long.margin;L11.long.score;L11.mid.eps_upward;L11.mid.margin_guidance;L11.mid.orders_revenue;L11.mid.score;L11.mode;L11.short.event_impact;L11.short.flow_boost;L11.short.score;L11.short.sentiment_shift;L11.short.technical;L11.trade.signal;L6.mult.pb;L6.mult.pe;L6.path.second_derivative;L6.path.tag;L6.sens.cashflow;L6.sens.growth_margin;L6.sens.rates;L6.sens.risk_narrative;L7.env.risk_appetite;L7.market.l2_quote;L7.mood.fomo;L7.trade.volume_turnover;L8.industry.demand_supply;L8.industry.price_war;L8.val.priced_in,
00358.HK,江西铜业,HK,NONFERROUS_METALS,59,1,5,51,2,0,32,0,38,250,15.20,"{""derive:l10_val_expansion_compression"": 1, ""derive:bootstrap_l11_subscore"": 11, ""derive:l11_long_score"": 1, ""derive:l11_mid_score"": 1, ""derive:l11_mode"": 1, ""derive:l11_short_score"": 1, ""derive:l11_trade_signal"": 1, ""futu:snapshot"": 3, ""derive:l6_path_second_derivative"": 1, ""derive:l6_path_tag"": 1, ""derive:l6_sens_cashflow"": 1, ""derive:l6_sens_growth_margin"": 1, ""derive:l6_sens_rates"": 1, ""derive:l6_sens_risk_narrative"": 1, ""derive:l7_env_risk_appetite"": 1, ""futu"": 1, ""derive:l7_mood_fomo"": 1, ""derive:l8_industry_demand_supply"": 1, ""derive:l8_industry_price_war"": 1, ""derive:l8_val_priced_in"": 1}",company,L2.newbiz.commercialization;L2.newbiz.revenue_contrib;L2.newbiz.tam;L2.newbiz.uncertainty;L2.newbiz.valuation_contrib,L10.val.expansion_compression;L11.long.business_model;L11.long.compete_moat;L11.long.industry_space;L11.long.margin;L11.long.score;L11.mid.eps_upward;L11.mid.margin_guidance;L11.mid.orders_revenue;L11.mid.score;L11.mode;L11.short.event_impact;L11.short.flow_boost;L11.short.score;L11.short.sentiment_shift;L11.short.technical;L11.trade.signal;L6.mult.pb;L6.mult.pe;L6.path.second_derivative;L6.path.tag;L6.sens.cashflow;L6.sens.growth_margin;L6.sens.rates;L6.sens.risk_narrative;L7.env.risk_appetite;L7.market.l2_quote;L7.mood.fomo;L7.trade.volume_turnover;L8.industry.demand_supply;L8.industry.price_war;L8.val.priced_in,
00386.HK,中国石油化工股份,HK,ANTI_INVOLUTION_CYCLICAL,59,1,5,51,2,0,32,0,38,250,15.20,"{""derive:l10_val_expansion_compression"": 1, ""derive:bootstrap_l11_subscore"": 11, ""derive:l11_long_score"": 1, ""derive:l11_mid_score"": 1, ""derive:l11_mode"": 1, ""derive:l11_short_score"": 1, ""derive:l11_trade_signal"": 1, ""futu:snapshot"": 3, ""derive:l6_path_second_derivative"": 1, ""derive:l6_path_tag"": 1, ""derive:l6_sens_cashflow"": 1, ""derive:l6_sens_growth_margin"": 1, ""derive:l6_sens_rates"": 1, ""derive:l6_sens_risk_narrative"": 1, ""derive:l7_env_risk_appetite"": 1, ""futu"": 1, ""derive:l7_mood_fomo"": 1, ""derive:l8_industry_demand_supply"": 1, ""derive:l8_industry_price_war"": 1, ""derive:l8_val_priced_in"": 1}",company,L2.newbiz.commercialization;L2.newbiz.revenue_contrib;L2.newbiz.tam;L2.newbiz.uncertainty;L2.newbiz.valuation_contrib,L10.val.expansion_compression;L11.long.business_model;L11.long.compete_moat;L11.long.industry_space;L11.long.margin;L11.long.score;L11.mid.eps_upward;L11.mid.margin_guidance;L11.mid.orders_revenue;L11.mid.score;L11.mode;L11.short.event_impact;L11.short.flow_boost;L11.short.score;L11.short.sentiment_shift;L11.short.technical;L11.trade.signal;L6.mult.pb;L6.mult.pe;L6.path.second_derivative;L6.path.tag;L6.sens.cashflow;L6.sens.growth_margin;L6.sens.rates;L6.sens.risk_narrative;L7.env.risk_appetite;L7.market.l2_quote;L7.mood.fomo;L7.trade.volume_turnover;L8.industry.demand_supply;L8.industry.price_war;L8.val.priced_in,
00388.HK,香港交易所,HK,FINANCIAL_HIGH_DIVIDEND,59,1,5,51,2,0,32,0,38,250,15.20,"{""derive:l10_val_expansion_compression"": 1, ""derive:bootstrap_l11_subscore"": 11, ""derive:l11_long_score"": 1, ""derive:l11_mid_score"": 1, ""derive:l11_mode"": 1, ""derive:l11_short_score"": 1, ""derive:l11_trade_signal"": 1, ""futu:snapshot"": 3, ""derive:l6_path_second_derivative"": 1, ""derive:l6_path_tag"": 1, ""derive:l6_sens_cashflow"": 1, ""derive:l6_sens_growth_margin"": 1, ""derive:l6_sens_rates"": 1, ""derive:l6_sens_risk_narrative"": 1, ""derive:l7_env_risk_appetite"": 1, ""futu"": 1, ""derive:l7_mood_fomo"": 1, ""derive:l8_industry_demand_supply"": 1, ""derive:l8_industry_price_war"": 1, ""derive:l8_val_priced_in"": 1}",company,L2.newbiz.commercialization;L2.newbiz.revenue_contrib;L2.newbiz.tam;L2.newbiz.uncertainty;L2.newbiz.valuation_contrib,L10.val.expansion_compression;L11.long.business_model;L11.long.compete_moat;L11.long.industry_space;L11.long.margin;L11.long.score;L11.mid.eps_upward;L11.mid.margin_guidance;L11.mid.orders_revenue;L11.mid.score;L11.mode;L11.short.event_impact;L11.short.flow_boost;L11.short.score;L11.short.sentiment_shift;L11.short.technical;L11.trade.signal;L6.mult.pb;L6.mult.pe;L6.path.second_derivative;L6.path.tag;L6.sens.cashflow;L6.sens.growth_margin;L6.sens.rates;L6.sens.risk_narrative;L7.env.risk_appetite;L7.market.l2_quote;L7.mood.fomo;L7.trade.volume_turnover;L8.industry.demand_supply;L8.industry.price_war;L8.val.priced_in,
00522.HK,ASMPT,HK,SEMI_EQUIPMENT|CONSUMER_ELECTRONICS,59,1,5,51,2,0,33,0,39,250,15.60,"{""derive:l10_val_expansion_compression"": 1, ""derive:bootstrap_l11_subscore"": 11, ""derive:l11_long_score"": 1, ""derive:l11_mid_score"": 1, ""derive:l11_mode"": 1, ""derive:l11_short_score"": 1, ""derive:l11_trade_signal"": 1, ""futu:snapshot"": 3, ""derive:l6_path_second_derivative"": 1, ""derive:l6_path_tag"": 1, ""derive:l6_sens_cashflow"": 1, ""derive:l6_sens_growth_margin"": 1, ""derive:l6_sens_rates"": 1, ""derive:l6_sens_risk_narrative"": 1, ""derive:l7_env_risk_appetite"": 1, ""futu:capital_flow"": 1, ""futu"": 1, ""derive:l7_mood_fomo"": 1, ""derive:l8_industry_demand_supply"": 1, ""derive:l8_industry_price_war"": 1, ""derive:l8_val_priced_in"": 1}",company,L2.newbiz.commercialization;L2.newbiz.revenue_contrib;L2.newbiz.tam;L2.newbiz.uncertainty;L2.newbiz.valuation_contrib,L10.val.expansion_compression;L11.long.business_model;L11.long.compete_moat;L11.long.industry_space;L11.long.margin;L11.long.score;L11.mid.eps_upward;L11.mid.margin_guidance;L11.mid.orders_revenue;L11.mid.score;L11.mode;L11.short.event_impact;L11.short.flow_boost;L11.short.score;L11.short.sentiment_shift;L11.short.technical;L11.trade.signal;L6.mult.pb;L6.mult.pe;L6.path.second_derivative;L6.path.tag;L6.sens.cashflow;L6.sens.growth_margin;L6.sens.rates;L6.sens.risk_narrative;L7.env.risk_appetite;L7.flow.active_inflow;L7.market.l2_quote;L7.mood.fomo;L7.trade.volume_turnover;L8.industry.demand_supply;L8.industry.price_war;L8.val.priced_in,
00669.HK,创科实业,HK,ROBOTICS|EXPORT_MFG,59,1,5,51,2,0,32,0,38,250,15.20,"{""derive:l10_val_expansion_compression"": 1, ""derive:bootstrap_l11_subscore"": 11, ""derive:l11_long_score"": 1, ""derive:l11_mid_score"": 1, ""derive:l11_mode"": 1, ""derive:l11_short_score"": 1, ""derive:l11_trade_signal"": 1, ""futu:snapshot"": 3, ""derive:l6_path_second_derivative"": 1, ""derive:l6_path_tag"": 1, ""derive:l6_sens_cashflow"": 1, ""derive:l6_sens_growth_margin"": 1, ""derive:l6_sens_rates"": 1, ""derive:l6_sens_risk_narrative"": 1, ""derive:l7_env_risk_appetite"": 1, ""futu"": 1, ""derive:l7_mood_fomo"": 1, ""derive:l8_industry_demand_supply"": 1, ""derive:l8_industry_price_war"": 1, ""derive:l8_val_priced_in"": 1}",company,L2.newbiz.commercialization;L2.newbiz.revenue_contrib;L2.newbiz.tam;L2.newbiz.uncertainty;L2.newbiz.valuation_contrib,L10.val.expansion_compression;L11.long.business_model;L11.long.compete_moat;L11.long.industry_space;L11.long.margin;L11.long.score;L11.mid.eps_upward;L11.mid.margin_guidance;L11.mid.orders_revenue;L11.mid.score;L11.mode;L11.short.event_impact;L11.short.flow_boost;L11.short.score;L11.short.sentiment_shift;L11.short.technical;L11.trade.signal;L6.mult.pb;L6.mult.pe;L6.path.second_derivative;L6.path.tag;L6.sens.cashflow;L6.sens.growth_margin;L6.sens.rates;L6.sens.risk_narrative;L7.env.risk_appetite;L7.market.l2_quote;L7.mood.fomo;L7.trade.volume_turnover;L8.industry.demand_supply;L8.industry.price_war;L8.val.priced_in,
00700.HK,腾讯控股,HK,HK_CN_INTERNET,59,1,5,51,2,0,32,0,38,250,15.20,"{""derive:l10_val_expansion_compression"": 1, ""derive:bootstrap_l11_subscore"": 11, ""derive:l11_long_score"": 1, ""derive:l11_mid_score"": 1, ""derive:l11_mode"": 1, ""derive:l11_short_score"": 1, ""derive:l11_trade_signal"": 1, ""futu:snapshot"": 3, ""derive:l6_path_second_derivative"": 1, ""derive:l6_path_tag"": 1, ""derive:l6_sens_cashflow"": 1, ""derive:l6_sens_growth_margin"": 1, ""derive:l6_sens_rates"": 1, ""derive:l6_sens_risk_narrative"": 1, ""derive:l7_env_risk_appetite"": 1, ""futu"": 1, ""derive:l7_mood_fomo"": 1, ""derive:l8_industry_demand_supply"": 1, ""derive:l8_industry_price_war"": 1, ""derive:l8_val_priced_in"": 1}",company,L2.newbiz.commercialization;L2.newbiz.revenue_contrib;L2.newbiz.tam;L2.newbiz.uncertainty;L2.newbiz.valuation_contrib,L10.val.expansion_compression;L11.long.business_model;L11.long.compete_moat;L11.long.industry_space;L11.long.margin;L11.long.score;L11.mid.eps_upward;L11.mid.margin_guidance;L11.mid.orders_revenue;L11.mid.score;L11.mode;L11.short.event_impact;L11.short.flow_boost;L11.short.score;L11.short.sentiment_shift;L11.short.technical;L11.trade.signal;L6.mult.pb;L6.mult.pe;L6.path.second_derivative;L6.path.tag;L6.sens.cashflow;L6.sens.growth_margin;L6.sens.rates;L6.sens.risk_narrative;L7.env.risk_appetite;L7.market.l2_quote;L7.mood.fomo;L7.trade.volume_turnover;L8.industry.demand_supply;L8.industry.price_war;L8.val.priced_in,
00728.HK,中国电信,HK,AI_COMPUTE,59,1,5,51,2,0,33,0,39,250,15.60,"{""derive:l10_val_expansion_compression"": 1, ""derive:bootstrap_l11_subscore"": 11, ""derive:l11_long_score"": 1, ""derive:l11_mid_score"": 1, ""derive:l11_mode"": 1, ""derive:l11_short_score"": 1, ""derive:l11_trade_signal"": 1, ""futu:snapshot"": 3, ""derive:l6_path_second_derivative"": 1, ""derive:l6_path_tag"": 1, ""derive:l6_sens_cashflow"": 1, ""derive:l6_sens_growth_margin"": 1, ""derive:l6_sens_rates"": 1, ""derive:l6_sens_risk_narrative"": 1, ""derive:l7_env_risk_appetite"": 1, ""futu:capital_flow"": 1, ""futu"": 1, ""derive:l7_mood_fomo"": 1, ""derive:l8_industry_demand_supply"": 1, ""derive:l8_industry_price_war"": 1, ""derive:l8_val_priced_in"": 1}",company,L2.newbiz.commercialization;L2.newbiz.revenue_contrib;L2.newbiz.tam;L2.newbiz.uncertainty;L2.newbiz.valuation_contrib,L10.val.expansion_compression;L11.long.business_model;L11.long.compete_moat;L11.long.industry_space;L11.long.margin;L11.long.score;L11.mid.eps_upward;L11.mid.margin_guidance;L11.mid.orders_revenue;L11.mid.score;L11.mode;L11.short.event_impact;L11.short.flow_boost;L11.short.score;L11.short.sentiment_shift;L11.short.technical;L11.trade.signal;L6.mult.pb;L6.mult.pe;L6.path.second_derivative;L6.path.tag;L6.sens.cashflow;L6.sens.growth_margin;L6.sens.rates;L6.sens.risk_narrative;L7.env.risk_appetite;L7.flow.active_inflow;L7.market.l2_quote;L7.mood.fomo;L7.trade.volume_turnover;L8.industry.demand_supply;L8.industry.price_war;L8.val.priced_in,
00762.HK,中国联通,HK,AI_COMPUTE,59,1,5,51,2,0,33,0,39,250,15.60,"{""derive:l10_val_expansion_compression"": 1, ""derive:bootstrap_l11_subscore"": 11, ""derive:l11_long_score"": 1, ""derive:l11_mid_score"": 1, ""derive:l11_mode"": 1, ""derive:l11_short_score"": 1, ""derive:l11_trade_signal"": 1, ""futu:snapshot"": 3, ""derive:l6_path_second_derivative"": 1, ""derive:l6_path_tag"": 1, ""derive:l6_sens_cashflow"": 1, ""derive:l6_sens_growth_margin"": 1, ""derive:l6_sens_rates"": 1, ""derive:l6_sens_risk_narrative"": 1, ""derive:l7_env_risk_appetite"": 1, ""futu:capital_flow"": 1, ""futu"": 1, ""derive:l7_mood_fomo"": 1, ""derive:l8_industry_demand_supply"": 1, ""derive:l8_industry_price_war"": 1, ""derive:l8_val_priced_in"": 1}",company,L2.newbiz.commercialization;L2.newbiz.revenue_contrib;L2.newbiz.tam;L2.newbiz.uncertainty;L2.newbiz.valuation_contrib,L10.val.expansion_compression;L11.long.business_model;L11.long.compete_moat;L11.long.industry_space;L11.long.margin;L11.long.score;L11.mid.eps_upward;L11.mid.margin_guidance;L11.mid.orders_revenue;L11.mid.score;L11.mode;L11.short.event_impact;L11.short.flow_boost;L11.short.score;L11.short.sentiment_shift;L11.short.technical;L11.trade.signal;L6.mult.pb;L6.mult.pe;L6.path.second_derivative;L6.path.tag;L6.sens.cashflow;L6.sens.growth_margin;L6.sens.rates;L6.sens.risk_narrative;L7.env.risk_appetite;L7.flow.active_inflow;L7.market.l2_quote;L7.mood.fomo;L7.trade.volume_turnover;L8.industry.demand_supply;L8.industry.price_war;L8.val.priced_in,
00763.HK,中兴通讯,HK,AI_COMPUTE,59,1,5,51,2,0,33,0,39,250,15.60,"{""derive:l10_val_expansion_compression"": 1, ""derive:bootstrap_l11_subscore"": 11, ""derive:l11_long_score"": 1, ""derive:l11_mid_score"": 1, ""derive:l11_mode"": 1, ""derive:l11_short_score"": 1, ""derive:l11_trade_signal"": 1, ""futu:snapshot"": 3, ""derive:l6_path_second_derivative"": 1, ""derive:l6_path_tag"": 1, ""derive:l6_sens_cashflow"": 1, ""derive:l6_sens_growth_margin"": 1, ""derive:l6_sens_rates"": 1, ""derive:l6_sens_risk_narrative"": 1, ""derive:l7_env_risk_appetite"": 1, ""futu:capital_flow"": 1, ""futu"": 1, ""derive:l7_mood_fomo"": 1, ""derive:l8_industry_demand_supply"": 1, ""derive:l8_industry_price_war"": 1, ""derive:l8_val_priced_in"": 1}",company,L2.newbiz.commercialization;L2.newbiz.revenue_contrib;L2.newbiz.tam;L2.newbiz.uncertainty;L2.newbiz.valuation_contrib,L10.val.expansion_compression;L11.long.business_model;L11.long.compete_moat;L11.long.industry_space;L11.long.margin;L11.long.score;L11.mid.eps_upward;L11.mid.margin_guidance;L11.mid.orders_revenue;L11.mid.score;L11.mode;L11.short.event_impact;L11.short.flow_boost;L11.short.score;L11.short.sentiment_shift;L11.short.technical;L11.trade.signal;L6.mult.pb;L6.mult.pe;L6.path.second_derivative;L6.path.tag;L6.sens.cashflow;L6.sens.growth_margin;L6.sens.rates;L6.sens.risk_narrative;L7.env.risk_appetite;L7.flow.active_inflow;L7.market.l2_quote;L7.mood.fomo;L7.trade.volume_turnover;L8.industry.demand_supply;L8.industry.price_war;L8.val.priced_in,
00780.HK,同程旅行,HK,DOMESTIC_CONSUMPTION,59,1,5,51,2,0,32,0,38,250,15.20,"{""derive:l10_val_expansion_compression"": 1, ""derive:bootstrap_l11_subscore"": 11, ""derive:l11_long_score"": 1, ""derive:l11_mid_score"": 1, ""derive:l11_mode"": 1, ""derive:l11_short_score"": 1, ""derive:l11_trade_signal"": 1, ""futu:snapshot"": 3, ""derive:l6_path_second_derivative"": 1, ""derive:l6_path_tag"": 1, ""derive:l6_sens_cashflow"": 1, ""derive:l6_sens_growth_margin"": 1, ""derive:l6_sens_rates"": 1, ""derive:l6_sens_risk_narrative"": 1, ""derive:l7_env_risk_appetite"": 1, ""futu"": 1, ""derive:l7_mood_fomo"": 1, ""derive:l8_industry_demand_supply"": 1, ""derive:l8_industry_price_war"": 1, ""derive:l8_val_priced_in"": 1}",company,L2.newbiz.commercialization;L2.newbiz.revenue_contrib;L2.newbiz.tam;L2.newbiz.uncertainty;L2.newbiz.valuation_contrib,L10.val.expansion_compression;L11.long.business_model;L11.long.compete_moat;L11.long.industry_space;L11.long.margin;L11.long.score;L11.mid.eps_upward;L11.mid.margin_guidance;L11.mid.orders_revenue;L11.mid.score;L11.mode;L11.short.event_impact;L11.short.flow_boost;L11.short.score;L11.short.sentiment_shift;L11.short.technical;L11.trade.signal;L6.mult.pb;L6.mult.pe;L6.path.second_derivative;L6.path.tag;L6.sens.cashflow;L6.sens.growth_margin;L6.sens.rates;L6.sens.risk_narrative;L7.env.risk_appetite;L7.market.l2_quote;L7.mood.fomo;L7.trade.volume_turnover;L8.industry.demand_supply;L8.industry.price_war;L8.val.priced_in,
00819.HK,天能动力,HK,STORAGE_GRID,59,1,5,51,2,0,32,0,38,250,15.20,"{""derive:l10_val_expansion_compression"": 1, ""derive:bootstrap_l11_subscore"": 11, ""derive:l11_long_score"": 1, ""derive:l11_mid_score"": 1, ""derive:l11_mode"": 1, ""derive:l11_short_score"": 1, ""derive:l11_trade_signal"": 1, ""futu:snapshot"": 3, ""derive:l6_path_second_derivative"": 1, ""derive:l6_path_tag"": 1, ""derive:l6_sens_cashflow"": 1, ""derive:l6_sens_growth_margin"": 1, ""derive:l6_sens_rates"": 1, ""derive:l6_sens_risk_narrative"": 1, ""derive:l7_env_risk_appetite"": 1, ""futu"": 1, ""derive:l7_mood_fomo"": 1, ""derive:l8_industry_demand_supply"": 1, ""derive:l8_industry_price_war"": 1, ""derive:l8_val_priced_in"": 1}",company,L2.newbiz.commercialization;L2.newbiz.revenue_contrib;L2.newbiz.tam;L2.newbiz.uncertainty;L2.newbiz.valuation_contrib,L10.val.expansion_compression;L11.long.business_model;L11.long.compete_moat;L11.long.industry_space;L11.long.margin;L11.long.score;L11.mid.eps_upward;L11.mid.margin_guidance;L11.mid.orders_revenue;L11.mid.score;L11.mode;L11.short.event_impact;L11.short.flow_boost;L11.short.score;L11.short.sentiment_shift;L11.short.technical;L11.trade.signal;L6.mult.pb;L6.mult.pe;L6.path.second_derivative;L6.path.tag;L6.sens.cashflow;L6.sens.growth_margin;L6.sens.rates;L6.sens.risk_narrative;L7.env.risk_appetite;L7.market.l2_quote;L7.mood.fomo;L7.trade.volume_turnover;L8.industry.demand_supply;L8.industry.price_war;L8.val.priced_in,
00836.HK,华润电力,HK,STORAGE_GRID,59,1,5,51,2,0,32,0,38,250,15.20,"{""derive:l10_val_expansion_compression"": 1, ""derive:bootstrap_l11_subscore"": 11, ""derive:l11_long_score"": 1, ""derive:l11_mid_score"": 1, ""derive:l11_mode"": 1, ""derive:l11_short_score"": 1, ""derive:l11_trade_signal"": 1, ""futu:snapshot"": 3, ""derive:l6_path_second_derivative"": 1, ""derive:l6_path_tag"": 1, ""derive:l6_sens_cashflow"": 1, ""derive:l6_sens_growth_margin"": 1, ""derive:l6_sens_rates"": 1, ""derive:l6_sens_risk_narrative"": 1, ""derive:l7_env_risk_appetite"": 1, ""futu"": 1, ""derive:l7_mood_fomo"": 1, ""derive:l8_industry_demand_supply"": 1, ""derive:l8_industry_price_war"": 1, ""derive:l8_val_priced_in"": 1}",company,L2.newbiz.commercialization;L2.newbiz.revenue_contrib;L2.newbiz.tam;L2.newbiz.uncertainty;L2.newbiz.valuation_contrib,L10.val.expansion_compression;L11.long.business_model;L11.long.compete_moat;L11.long.industry_space;L11.long.margin;L11.long.score;L11.mid.eps_upward;L11.mid.margin_guidance;L11.mid.orders_revenue;L11.mid.score;L11.mode;L11.short.event_impact;L11.short.flow_boost;L11.short.score;L11.short.sentiment_shift;L11.short.technical;L11.trade.signal;L6.mult.pb;L6.mult.pe;L6.path.second_derivative;L6.path.tag;L6.sens.cashflow;L6.sens.growth_margin;L6.sens.rates;L6.sens.risk_narrative;L7.env.risk_appetite;L7.market.l2_quote;L7.mood.fomo;L7.trade.volume_turnover;L8.industry.demand_supply;L8.industry.price_war;L8.val.priced_in,
00914.HK,海螺水泥,HK,ANTI_INVOLUTION_CYCLICAL,59,1,5,51,2,0,32,0,38,250,15.20,"{""derive:l10_val_expansion_compression"": 1, ""derive:bootstrap_l11_subscore"": 11, ""derive:l11_long_score"": 1, ""derive:l11_mid_score"": 1, ""derive:l11_mode"": 1, ""derive:l11_short_score"": 1, ""derive:l11_trade_signal"": 1, ""futu:snapshot"": 3, ""derive:l6_path_second_derivative"": 1, ""derive:l6_path_tag"": 1, ""derive:l6_sens_cashflow"": 1, ""derive:l6_sens_growth_margin"": 1, ""derive:l6_sens_rates"": 1, ""derive:l6_sens_risk_narrative"": 1, ""derive:l7_env_risk_appetite"": 1, ""futu"": 1, ""derive:l7_mood_fomo"": 1, ""derive:l8_industry_demand_supply"": 1, ""derive:l8_industry_price_war"": 1, ""derive:l8_val_priced_in"": 1}",company,L2.newbiz.commercialization;L2.newbiz.revenue_contrib;L2.newbiz.tam;L2.newbiz.uncertainty;L2.newbiz.valuation_contrib,L10.val.expansion_compression;L11.long.business_model;L11.long.compete_moat;L11.long.industry_space;L11.long.margin;L11.long.score;L11.mid.eps_upward;L11.mid.margin_guidance;L11.mid.orders_revenue;L11.mid.score;L11.mode;L11.short.event_impact;L11.short.flow_boost;L11.short.score;L11.short.sentiment_shift;L11.short.technical;L11.trade.signal;L6.mult.pb;L6.mult.pe;L6.path.second_derivative;L6.path.tag;L6.sens.cashflow;L6.sens.growth_margin;L6.sens.rates;L6.sens.risk_narrative;L7.env.risk_appetite;L7.market.l2_quote;L7.mood.fomo;L7.trade.volume_turnover;L8.industry.demand_supply;L8.industry.price_war;L8.val.priced_in,
00916.HK,龙源电力,HK,STORAGE_GRID,59,1,5,51,2,0,32,0,38,250,15.20,"{""derive:l10_val_expansion_compression"": 1, ""derive:bootstrap_l11_subscore"": 11, ""derive:l11_long_score"": 1, ""derive:l11_mid_score"": 1, ""derive:l11_mode"": 1, ""derive:l11_short_score"": 1, ""derive:l11_trade_signal"": 1, ""futu:snapshot"": 3, ""derive:l6_path_second_derivative"": 1, ""derive:l6_path_tag"": 1, ""derive:l6_sens_cashflow"": 1, ""derive:l6_sens_growth_margin"": 1, ""derive:l6_sens_rates"": 1, ""derive:l6_sens_risk_narrative"": 1, ""derive:l7_env_risk_appetite"": 1, ""futu"": 1, ""derive:l7_mood_fomo"": 1, ""derive:l8_industry_demand_supply"": 1, ""derive:l8_industry_price_war"": 1, ""derive:l8_val_priced_in"": 1}",company,L2.newbiz.commercialization;L2.newbiz.revenue_contrib;L2.newbiz.tam;L2.newbiz.uncertainty;L2.newbiz.valuation_contrib,L10.val.expansion_compression;L11.long.business_model;L11.long.compete_moat;L11.long.industry_space;L11.long.margin;L11.long.score;L11.mid.eps_upward;L11.mid.margin_guidance;L11.mid.orders_revenue;L11.mid.score;L11.mode;L11.short.event_impact;L11.short.flow_boost;L11.short.score;L11.short.sentiment_shift;L11.short.technical;L11.trade.signal;L6.mult.pb;L6.mult.pe;L6.path.second_derivative;L6.path.tag;L6.sens.cashflow;L6.sens.growth_margin;L6.sens.rates;L6.sens.risk_narrative;L7.env.risk_appetite;L7.market.l2_quote;L7.mood.fomo;L7.trade.volume_turnover;L8.industry.demand_supply;L8.industry.price_war;L8.val.priced_in,
00939.HK,建设银行,HK,FINANCIAL_HIGH_DIVIDEND,59,1,5,51,2,0,32,0,38,250,15.20,"{""derive:l10_val_expansion_compression"": 1, ""derive:bootstrap_l11_subscore"": 11, ""derive:l11_long_score"": 1, ""derive:l11_mid_score"": 1, ""derive:l11_mode"": 1, ""derive:l11_short_score"": 1, ""derive:l11_trade_signal"": 1, ""futu:snapshot"": 3, ""derive:l6_path_second_derivative"": 1, ""derive:l6_path_tag"": 1, ""derive:l6_sens_cashflow"": 1, ""derive:l6_sens_growth_margin"": 1, ""derive:l6_sens_rates"": 1, ""derive:l6_sens_risk_narrative"": 1, ""derive:l7_env_risk_appetite"": 1, ""futu"": 1, ""derive:l7_mood_fomo"": 1, ""derive:l8_industry_demand_supply"": 1, ""derive:l8_industry_price_war"": 1, ""derive:l8_val_priced_in"": 1}",company,L2.newbiz.commercialization;L2.newbiz.revenue_contrib;L2.newbiz.tam;L2.newbiz.uncertainty;L2.newbiz.valuation_contrib,L10.val.expansion_compression;L11.long.business_model;L11.long.compete_moat;L11.long.industry_space;L11.long.margin;L11.long.score;L11.mid.eps_upward;L11.mid.margin_guidance;L11.mid.orders_revenue;L11.mid.score;L11.mode;L11.short.event_impact;L11.short.flow_boost;L11.short.score;L11.short.sentiment_shift;L11.short.technical;L11.trade.signal;L6.mult.pb;L6.mult.pe;L6.path.second_derivative;L6.path.tag;L6.sens.cashflow;L6.sens.growth_margin;L6.sens.rates;L6.sens.risk_narrative;L7.env.risk_appetite;L7.market.l2_quote;L7.mood.fomo;L7.trade.volume_turnover;L8.industry.demand_supply;L8.industry.price_war;L8.val.priced_in,
00941.HK,中国移动,HK,AI_COMPUTE,59,1,5,51,2,0,33,0,39,250,15.60,"{""derive:l10_val_expansion_compression"": 1, ""derive:bootstrap_l11_subscore"": 11, ""derive:l11_long_score"": 1, ""derive:l11_mid_score"": 1, ""derive:l11_mode"": 1, ""derive:l11_short_score"": 1, ""derive:l11_trade_signal"": 1, ""futu:snapshot"": 3, ""derive:l6_path_second_derivative"": 1, ""derive:l6_path_tag"": 1, ""derive:l6_sens_cashflow"": 1, ""derive:l6_sens_growth_margin"": 1, ""derive:l6_sens_rates"": 1, ""derive:l6_sens_risk_narrative"": 1, ""derive:l7_env_risk_appetite"": 1, ""futu:capital_flow"": 1, ""futu"": 1, ""derive:l7_mood_fomo"": 1, ""derive:l8_industry_demand_supply"": 1, ""derive:l8_industry_price_war"": 1, ""derive:l8_val_priced_in"": 1}",company,L2.newbiz.commercialization;L2.newbiz.revenue_contrib;L2.newbiz.tam;L2.newbiz.uncertainty;L2.newbiz.valuation_contrib,L10.val.expansion_compression;L11.long.business_model;L11.long.compete_moat;L11.long.industry_space;L11.long.margin;L11.long.score;L11.mid.eps_upward;L11.mid.margin_guidance;L11.mid.orders_revenue;L11.mid.score;L11.mode;L11.short.event_impact;L11.short.flow_boost;L11.short.score;L11.short.sentiment_shift;L11.short.technical;L11.trade.signal;L6.mult.pb;L6.mult.pe;L6.path.second_derivative;L6.path.tag;L6.sens.cashflow;L6.sens.growth_margin;L6.sens.rates;L6.sens.risk_narrative;L7.env.risk_appetite;L7.flow.active_inflow;L7.market.l2_quote;L7.mood.fomo;L7.trade.volume_turnover;L8.industry.demand_supply;L8.industry.price_war;L8.val.priced_in,
00981.HK,中芯国际,HK,AI_COMPUTE|SEMI_EQUIPMENT,59,1,5,51,2,0,33,0,39,250,15.60,"{""derive:l10_val_expansion_compression"": 1, ""derive:bootstrap_l11_subscore"": 11, ""derive:l11_long_score"": 1, ""derive:l11_mid_score"": 1, ""derive:l11_mode"": 1, ""derive:l11_short_score"": 1, ""derive:l11_trade_signal"": 1, ""futu:snapshot"": 3, ""derive:l6_path_second_derivative"": 1, ""derive:l6_path_tag"": 1, ""derive:l6_sens_cashflow"": 1, ""derive:l6_sens_growth_margin"": 1, ""derive:l6_sens_rates"": 1, ""derive:l6_sens_risk_narrative"": 1, ""derive:l7_env_risk_appetite"": 1, ""futu:capital_flow"": 1, ""futu"": 1, ""derive:l7_mood_fomo"": 1, ""derive:l8_industry_demand_supply"": 1, ""derive:l8_industry_price_war"": 1, ""derive:l8_val_priced_in"": 1}",company,L2.newbiz.commercialization;L2.newbiz.revenue_contrib;L2.newbiz.tam;L2.newbiz.uncertainty;L2.newbiz.valuation_contrib,L10.val.expansion_compression;L11.long.business_model;L11.long.compete_moat;L11.long.industry_space;L11.long.margin;L11.long.score;L11.mid.eps_upward;L11.mid.margin_guidance;L11.mid.orders_revenue;L11.mid.score;L11.mode;L11.short.event_impact;L11.short.flow_boost;L11.short.score;L11.short.sentiment_shift;L11.short.technical;L11.trade.signal;L6.mult.pb;L6.mult.pe;L6.path.second_derivative;L6.path.tag;L6.sens.cashflow;L6.sens.growth_margin;L6.sens.rates;L6.sens.risk_narrative;L7.env.risk_appetite;L7.flow.active_inflow;L7.market.l2_quote;L7.mood.fomo;L7.trade.volume_turnover;L8.industry.demand_supply;L8.industry.price_war;L8.val.priced_in,
00992.HK,联想集团,HK,AI_COMPUTE|CONSUMER_ELECTRONICS,59,1,5,51,2,0,33,0,39,250,15.60,"{""derive:l10_val_expansion_compression"": 1, ""derive:bootstrap_l11_subscore"": 11, ""derive:l11_long_score"": 1, ""derive:l11_mid_score"": 1, ""derive:l11_mode"": 1, ""derive:l11_short_score"": 1, ""derive:l11_trade_signal"": 1, ""futu:snapshot"": 3, ""derive:l6_path_second_derivative"": 1, ""derive:l6_path_tag"": 1, ""derive:l6_sens_cashflow"": 1, ""derive:l6_sens_growth_margin"": 1, ""derive:l6_sens_rates"": 1, ""derive:l6_sens_risk_narrative"": 1, ""derive:l7_env_risk_appetite"": 1, ""futu:capital_flow"": 1, ""futu"": 1, ""derive:l7_mood_fomo"": 1, ""derive:l8_industry_demand_supply"": 1, ""derive:l8_industry_price_war"": 1, ""derive:l8_val_priced_in"": 1}",company,L2.newbiz.commercialization;L2.newbiz.revenue_contrib;L2.newbiz.tam;L2.newbiz.uncertainty;L2.newbiz.valuation_contrib,L10.val.expansion_compression;L11.long.business_model;L11.long.compete_moat;L11.long.industry_space;L11.long.margin;L11.long.score;L11.mid.eps_upward;L11.mid.margin_guidance;L11.mid.orders_revenue;L11.mid.score;L11.mode;L11.short.event_impact;L11.short.flow_boost;L11.short.score;L11.short.sentiment_shift;L11.short.technical;L11.trade.signal;L6.mult.pb;L6.mult.pe;L6.path.second_derivative;L6.path.tag;L6.sens.cashflow;L6.sens.growth_margin;L6.sens.rates;L6.sens.risk_narrative;L7.env.risk_appetite;L7.flow.active_inflow;L7.market.l2_quote;L7.mood.fomo;L7.trade.volume_turnover;L8.industry.demand_supply;L8.industry.price_war;L8.val.priced_in,
01024.HK,快手-W,HK,HK_CN_INTERNET,59,1,5,51,2,0,32,0,38,250,15.20,"{""derive:l10_val_expansion_compression"": 1, ""derive:bootstrap_l11_subscore"": 11, ""derive:l11_long_score"": 1, ""derive:l11_mid_score"": 1, ""derive:l11_mode"": 1, ""derive:l11_short_score"": 1, ""derive:l11_trade_signal"": 1, ""futu:snapshot"": 3, ""derive:l6_path_second_derivative"": 1, ""derive:l6_path_tag"": 1, ""derive:l6_sens_cashflow"": 1, ""derive:l6_sens_growth_margin"": 1, ""derive:l6_sens_rates"": 1, ""derive:l6_sens_risk_narrative"": 1, ""derive:l7_env_risk_appetite"": 1, ""futu"": 1, ""derive:l7_mood_fomo"": 1, ""derive:l8_industry_demand_supply"": 1, ""derive:l8_industry_price_war"": 1, ""derive:l8_val_priced_in"": 1}",company,L2.newbiz.commercialization;L2.newbiz.revenue_contrib;L2.newbiz.tam;L2.newbiz.uncertainty;L2.newbiz.valuation_contrib,L10.val.expansion_compression;L11.long.business_model;L11.long.compete_moat;L11.long.industry_space;L11.long.margin;L11.long.score;L11.mid.eps_upward;L11.mid.margin_guidance;L11.mid.orders_revenue;L11.mid.score;L11.mode;L11.short.event_impact;L11.short.flow_boost;L11.short.score;L11.short.sentiment_shift;L11.short.technical;L11.trade.signal;L6.mult.pb;L6.mult.pe;L6.path.second_derivative;L6.path.tag;L6.sens.cashflow;L6.sens.growth_margin;L6.sens.rates;L6.sens.risk_narrative;L7.env.risk_appetite;L7.market.l2_quote;L7.mood.fomo;L7.trade.volume_turnover;L8.industry.demand_supply;L8.industry.price_war;L8.val.priced_in,
01053.HK,重庆钢铁,HK,ANTI_INVOLUTION_CYCLICAL,59,1,5,51,2,0,32,0,38,250,15.20,"{""derive:l10_val_expansion_compression"": 1, ""derive:bootstrap_l11_subscore"": 11, ""derive:l11_long_score"": 1, ""derive:l11_mid_score"": 1, ""derive:l11_mode"": 1, ""derive:l11_short_score"": 1, ""derive:l11_trade_signal"": 1, ""futu:snapshot"": 3, ""derive:l6_path_second_derivative"": 1, ""derive:l6_path_tag"": 1, ""derive:l6_sens_cashflow"": 1, ""derive:l6_sens_growth_margin"": 1, ""derive:l6_sens_rates"": 1, ""derive:l6_sens_risk_narrative"": 1, ""derive:l7_env_risk_appetite"": 1, ""futu"": 1, ""derive:l7_mood_fomo"": 1, ""derive:l8_industry_demand_supply"": 1, ""derive:l8_industry_price_war"": 1, ""derive:l8_val_priced_in"": 1}",company,L2.newbiz.commercialization;L2.newbiz.revenue_contrib;L2.newbiz.tam;L2.newbiz.uncertainty;L2.newbiz.valuation_contrib,L10.val.expansion_compression;L11.long.business_model;L11.long.compete_moat;L11.long.industry_space;L11.long.margin;L11.long.score;L11.mid.eps_upward;L11.mid.margin_guidance;L11.mid.orders_revenue;L11.mid.score;L11.mode;L11.short.event_impact;L11.short.flow_boost;L11.short.score;L11.short.sentiment_shift;L11.short.technical;L11.trade.signal;L6.mult.pb;L6.mult.pe;L6.path.second_derivative;L6.path.tag;L6.sens.cashflow;L6.sens.growth_margin;L6.sens.rates;L6.sens.risk_narrative;L7.env.risk_appetite;L7.market.l2_quote;L7.mood.fomo;L7.trade.volume_turnover;L8.industry.demand_supply;L8.industry.price_war;L8.val.priced_in,
01093.HK,石药集团,HK,INNOVATIVE_PHARMA,59,1,5,51,2,0,32,0,38,250,15.20,"{""derive:l10_val_expansion_compression"": 1, ""derive:bootstrap_l11_subscore"": 11, ""derive:l11_long_score"": 1, ""derive:l11_mid_score"": 1, ""derive:l11_mode"": 1, ""derive:l11_short_score"": 1, ""derive:l11_trade_signal"": 1, ""futu:snapshot"": 3, ""derive:l6_path_second_derivative"": 1, ""derive:l6_path_tag"": 1, ""derive:l6_sens_cashflow"": 1, ""derive:l6_sens_growth_margin"": 1, ""derive:l6_sens_rates"": 1, ""derive:l6_sens_risk_narrative"": 1, ""derive:l7_env_risk_appetite"": 1, ""futu"": 1, ""derive:l7_mood_fomo"": 1, ""derive:l8_industry_demand_supply"": 1, ""derive:l8_industry_price_war"": 1, ""derive:l8_val_priced_in"": 1}",company,L2.newbiz.commercialization;L2.newbiz.revenue_contrib;L2.newbiz.tam;L2.newbiz.uncertainty;L2.newbiz.valuation_contrib,L10.val.expansion_compression;L11.long.business_model;L11.long.compete_moat;L11.long.industry_space;L11.long.margin;L11.long.score;L11.mid.eps_upward;L11.mid.margin_guidance;L11.mid.orders_revenue;L11.mid.score;L11.mode;L11.short.event_impact;L11.short.flow_boost;L11.short.score;L11.short.sentiment_shift;L11.short.technical;L11.trade.signal;L6.mult.pb;L6.mult.pe;L6.path.second_derivative;L6.path.tag;L6.sens.cashflow;L6.sens.growth_margin;L6.sens.rates;L6.sens.risk_narrative;L7.env.risk_appetite;L7.market.l2_quote;L7.mood.fomo;L7.trade.volume_turnover;L8.industry.demand_supply;L8.industry.price_war;L8.val.priced_in,
01157.HK,中联重科,HK,ROBOTICS,59,1,5,51,2,0,32,0,38,250,15.20,"{""derive:l10_val_expansion_compression"": 1, ""derive:bootstrap_l11_subscore"": 11, ""derive:l11_long_score"": 1, ""derive:l11_mid_score"": 1, ""derive:l11_mode"": 1, ""derive:l11_short_score"": 1, ""derive:l11_trade_signal"": 1, ""futu:snapshot"": 3, ""derive:l6_path_second_derivative"": 1, ""derive:l6_path_tag"": 1, ""derive:l6_sens_cashflow"": 1, ""derive:l6_sens_growth_margin"": 1, ""derive:l6_sens_rates"": 1, ""derive:l6_sens_risk_narrative"": 1, ""derive:l7_env_risk_appetite"": 1, ""futu"": 1, ""derive:l7_mood_fomo"": 1, ""derive:l8_industry_demand_supply"": 1, ""derive:l8_industry_price_war"": 1, ""derive:l8_val_priced_in"": 1}",company,L2.newbiz.commercialization;L2.newbiz.revenue_contrib;L2.newbiz.tam;L2.newbiz.uncertainty;L2.newbiz.valuation_contrib,L10.val.expansion_compression;L11.long.business_model;L11.long.compete_moat;L11.long.industry_space;L11.long.margin;L11.long.score;L11.mid.eps_upward;L11.mid.margin_guidance;L11.mid.orders_revenue;L11.mid.score;L11.mode;L11.short.event_impact;L11.short.flow_boost;L11.short.score;L11.short.sentiment_shift;L11.short.technical;L11.trade.signal;L6.mult.pb;L6.mult.pe;L6.path.second_derivative;L6.path.tag;L6.sens.cashflow;L6.sens.growth_margin;L6.sens.rates;L6.sens.risk_narrative;L7.env.risk_appetite;L7.market.l2_quote;L7.mood.fomo;L7.trade.volume_turnover;L8.industry.demand_supply;L8.industry.price_war;L8.val.priced_in,
01177.HK,中国生物制药,HK,INNOVATIVE_PHARMA,59,1,5,51,2,0,32,0,38,250,15.20,"{""derive:l10_val_expansion_compression"": 1, ""derive:bootstrap_l11_subscore"": 11, ""derive:l11_long_score"": 1, ""derive:l11_mid_score"": 1, ""derive:l11_mode"": 1, ""derive:l11_short_score"": 1, ""derive:l11_trade_signal"": 1, ""futu:snapshot"": 3, ""derive:l6_path_second_derivative"": 1, ""derive:l6_path_tag"": 1, ""derive:l6_sens_cashflow"": 1, ""derive:l6_sens_growth_margin"": 1, ""derive:l6_sens_rates"": 1, ""derive:l6_sens_risk_narrative"": 1, ""derive:l7_env_risk_appetite"": 1, ""futu"": 1, ""derive:l7_mood_fomo"": 1, ""derive:l8_industry_demand_supply"": 1, ""derive:l8_industry_price_war"": 1, ""derive:l8_val_priced_in"": 1}",company,L2.newbiz.commercialization;L2.newbiz.revenue_contrib;L2.newbiz.tam;L2.newbiz.uncertainty;L2.newbiz.valuation_contrib,L10.val.expansion_compression;L11.long.business_model;L11.long.compete_moat;L11.long.industry_space;L11.long.margin;L11.long.score;L11.mid.eps_upward;L11.mid.margin_guidance;L11.mid.orders_revenue;L11.mid.score;L11.mode;L11.short.event_impact;L11.short.flow_boost;L11.short.score;L11.short.sentiment_shift;L11.short.technical;L11.trade.signal;L6.mult.pb;L6.mult.pe;L6.path.second_derivative;L6.path.tag;L6.sens.cashflow;L6.sens.growth_margin;L6.sens.rates;L6.sens.risk_narrative;L7.env.risk_appetite;L7.market.l2_quote;L7.mood.fomo;L7.trade.volume_turnover;L8.industry.demand_supply;L8.industry.price_war;L8.val.priced_in,
01179.HK,华住集团-S,HK,DOMESTIC_CONSUMPTION,59,1,5,51,2,0,32,0,38,250,15.20,"{""derive:l10_val_expansion_compression"": 1, ""derive:bootstrap_l11_subscore"": 11, ""derive:l11_long_score"": 1, ""derive:l11_mid_score"": 1, ""derive:l11_mode"": 1, ""derive:l11_short_score"": 1, ""derive:l11_trade_signal"": 1, ""futu:snapshot"": 3, ""derive:l6_path_second_derivative"": 1, ""derive:l6_path_tag"": 1, ""derive:l6_sens_cashflow"": 1, ""derive:l6_sens_growth_margin"": 1, ""derive:l6_sens_rates"": 1, ""derive:l6_sens_risk_narrative"": 1, ""derive:l7_env_risk_appetite"": 1, ""futu"": 1, ""derive:l7_mood_fomo"": 1, ""derive:l8_industry_demand_supply"": 1, ""derive:l8_industry_price_war"": 1, ""derive:l8_val_priced_in"": 1}",company,L2.newbiz.commercialization;L2.newbiz.revenue_contrib;L2.newbiz.tam;L2.newbiz.uncertainty;L2.newbiz.valuation_contrib,L10.val.expansion_compression;L11.long.business_model;L11.long.compete_moat;L11.long.industry_space;L11.long.margin;L11.long.score;L11.mid.eps_upward;L11.mid.margin_guidance;L11.mid.orders_revenue;L11.mid.score;L11.mode;L11.short.event_impact;L11.short.flow_boost;L11.short.score;L11.short.sentiment_shift;L11.short.technical;L11.trade.signal;L6.mult.pb;L6.mult.pe;L6.path.second_derivative;L6.path.tag;L6.sens.cashflow;L6.sens.growth_margin;L6.sens.rates;L6.sens.risk_narrative;L7.env.risk_appetite;L7.market.l2_quote;L7.mood.fomo;L7.trade.volume_turnover;L8.industry.demand_supply;L8.industry.price_war;L8.val.priced_in,
01208.HK,五矿资源,HK,NONFERROUS_METALS,59,1,5,51,2,0,32,0,38,250,15.20,"{""derive:l10_val_expansion_compression"": 1, ""derive:bootstrap_l11_subscore"": 11, ""derive:l11_long_score"": 1, ""derive:l11_mid_score"": 1, ""derive:l11_mode"": 1, ""derive:l11_short_score"": 1, ""derive:l11_trade_signal"": 1, ""futu:snapshot"": 3, ""derive:l6_path_second_derivative"": 1, ""derive:l6_path_tag"": 1, ""derive:l6_sens_cashflow"": 1, ""derive:l6_sens_growth_margin"": 1, ""derive:l6_sens_rates"": 1, ""derive:l6_sens_risk_narrative"": 1, ""derive:l7_env_risk_appetite"": 1, ""futu"": 1, ""derive:l7_mood_fomo"": 1, ""derive:l8_industry_demand_supply"": 1, ""derive:l8_industry_price_war"": 1, ""derive:l8_val_priced_in"": 1}",company,L2.newbiz.commercialization;L2.newbiz.revenue_contrib;L2.newbiz.tam;L2.newbiz.uncertainty;L2.newbiz.valuation_contrib,L10.val.expansion_compression;L11.long.business_model;L11.long.compete_moat;L11.long.industry_space;L11.long.margin;L11.long.score;L11.mid.eps_upward;L11.mid.margin_guidance;L11.mid.orders_revenue;L11.mid.score;L11.mode;L11.short.event_impact;L11.short.flow_boost;L11.short.score;L11.short.sentiment_shift;L11.short.technical;L11.trade.signal;L6.mult.pb;L6.mult.pe;L6.path.second_derivative;L6.path.tag;L6.sens.cashflow;L6.sens.growth_margin;L6.sens.rates;L6.sens.risk_narrative;L7.env.risk_appetite;L7.market.l2_quote;L7.mood.fomo;L7.trade.volume_turnover;L8.industry.demand_supply;L8.industry.price_war;L8.val.priced_in,
01211.HK,比亚迪股份,HK,STORAGE_GRID|EXPORT_MFG,59,1,5,51,2,0,32,0,38,250,15.20,"{""derive:l10_val_expansion_compression"": 1, ""derive:bootstrap_l11_subscore"": 11, ""derive:l11_long_score"": 1, ""derive:l11_mid_score"": 1, ""derive:l11_mode"": 1, ""derive:l11_short_score"": 1, ""derive:l11_trade_signal"": 1, ""futu:snapshot"": 3, ""derive:l6_path_second_derivative"": 1, ""derive:l6_path_tag"": 1, ""derive:l6_sens_cashflow"": 1, ""derive:l6_sens_growth_margin"": 1, ""derive:l6_sens_rates"": 1, ""derive:l6_sens_risk_narrative"": 1, ""derive:l7_env_risk_appetite"": 1, ""futu"": 1, ""derive:l7_mood_fomo"": 1, ""derive:l8_industry_demand_supply"": 1, ""derive:l8_industry_price_war"": 1, ""derive:l8_val_priced_in"": 1}",company,L2.newbiz.commercialization;L2.newbiz.revenue_contrib;L2.newbiz.tam;L2.newbiz.uncertainty;L2.newbiz.valuation_contrib,L10.val.expansion_compression;L11.long.business_model;L11.long.compete_moat;L11.long.industry_space;L11.long.margin;L11.long.score;L11.mid.eps_upward;L11.mid.margin_guidance;L11.mid.orders_revenue;L11.mid.score;L11.mode;L11.short.event_impact;L11.short.flow_boost;L11.short.score;L11.short.sentiment_shift;L11.short.technical;L11.trade.signal;L6.mult.pb;L6.mult.pe;L6.path.second_derivative;L6.path.tag;L6.sens.cashflow;L6.sens.growth_margin;L6.sens.rates;L6.sens.risk_narrative;L7.env.risk_appetite;L7.market.l2_quote;L7.mood.fomo;L7.trade.volume_turnover;L8.industry.demand_supply;L8.industry.price_war;L8.val.priced_in,
01299.HK,友邦保险,HK,FINANCIAL_HIGH_DIVIDEND,59,1,5,51,2,0,32,0,38,250,15.20,"{""derive:l10_val_expansion_compression"": 1, ""derive:bootstrap_l11_subscore"": 11, ""derive:l11_long_score"": 1, ""derive:l11_mid_score"": 1, ""derive:l11_mode"": 1, ""derive:l11_short_score"": 1, ""derive:l11_trade_signal"": 1, ""futu:snapshot"": 3, ""derive:l6_path_second_derivative"": 1, ""derive:l6_path_tag"": 1, ""derive:l6_sens_cashflow"": 1, ""derive:l6_sens_growth_margin"": 1, ""derive:l6_sens_rates"": 1, ""derive:l6_sens_risk_narrative"": 1, ""derive:l7_env_risk_appetite"": 1, ""futu"": 1, ""derive:l7_mood_fomo"": 1, ""derive:l8_industry_demand_supply"": 1, ""derive:l8_industry_price_war"": 1, ""derive:l8_val_priced_in"": 1}",company,L2.newbiz.commercialization;L2.newbiz.revenue_contrib;L2.newbiz.tam;L2.newbiz.uncertainty;L2.newbiz.valuation_contrib,L10.val.expansion_compression;L11.long.business_model;L11.long.compete_moat;L11.long.industry_space;L11.long.margin;L11.long.score;L11.mid.eps_upward;L11.mid.margin_guidance;L11.mid.orders_revenue;L11.mid.score;L11.mode;L11.short.event_impact;L11.short.flow_boost;L11.short.score;L11.short.sentiment_shift;L11.short.technical;L11.trade.signal;L6.mult.pb;L6.mult.pe;L6.path.second_derivative;L6.path.tag;L6.sens.cashflow;L6.sens.growth_margin;L6.sens.rates;L6.sens.risk_narrative;L7.env.risk_appetite;L7.market.l2_quote;L7.mood.fomo;L7.trade.volume_turnover;L8.industry.demand_supply;L8.industry.price_war;L8.val.priced_in,
01313.HK,华润建材科技,HK,ANTI_INVOLUTION_CYCLICAL,59,1,5,51,2,0,32,0,38,250,15.20,"{""derive:l10_val_expansion_compression"": 1, ""derive:bootstrap_l11_subscore"": 11, ""derive:l11_long_score"": 1, ""derive:l11_mid_score"": 1, ""derive:l11_mode"": 1, ""derive:l11_short_score"": 1, ""derive:l11_trade_signal"": 1, ""futu:snapshot"": 3, ""derive:l6_path_second_derivative"": 1, ""derive:l6_path_tag"": 1, ""derive:l6_sens_cashflow"": 1, ""derive:l6_sens_growth_margin"": 1, ""derive:l6_sens_rates"": 1, ""derive:l6_sens_risk_narrative"": 1, ""derive:l7_env_risk_appetite"": 1, ""futu"": 1, ""derive:l7_mood_fomo"": 1, ""derive:l8_industry_demand_supply"": 1, ""derive:l8_industry_price_war"": 1, ""derive:l8_val_priced_in"": 1}",company,L2.newbiz.commercialization;L2.newbiz.revenue_contrib;L2.newbiz.tam;L2.newbiz.uncertainty;L2.newbiz.valuation_contrib,L10.val.expansion_compression;L11.long.business_model;L11.long.compete_moat;L11.long.industry_space;L11.long.margin;L11.long.score;L11.mid.eps_upward;L11.mid.margin_guidance;L11.mid.orders_revenue;L11.mid.score;L11.mode;L11.short.event_impact;L11.short.flow_boost;L11.short.score;L11.short.sentiment_shift;L11.short.technical;L11.trade.signal;L6.mult.pb;L6.mult.pe;L6.path.second_derivative;L6.path.tag;L6.sens.cashflow;L6.sens.growth_margin;L6.sens.rates;L6.sens.risk_narrative;L7.env.risk_appetite;L7.market.l2_quote;L7.mood.fomo;L7.trade.volume_turnover;L8.industry.demand_supply;L8.industry.price_war;L8.val.priced_in,
01347.HK,华虹半导体,HK,SEMI_EQUIPMENT,59,1,5,51,2,0,33,0,39,250,15.60,"{""derive:l10_val_expansion_compression"": 1, ""derive:bootstrap_l11_subscore"": 11, ""derive:l11_long_score"": 1, ""derive:l11_mid_score"": 1, ""derive:l11_mode"": 1, ""derive:l11_short_score"": 1, ""derive:l11_trade_signal"": 1, ""futu:snapshot"": 3, ""derive:l6_path_second_derivative"": 1, ""derive:l6_path_tag"": 1, ""derive:l6_sens_cashflow"": 1, ""derive:l6_sens_growth_margin"": 1, ""derive:l6_sens_rates"": 1, ""derive:l6_sens_risk_narrative"": 1, ""derive:l7_env_risk_appetite"": 1, ""futu:capital_flow"": 1, ""futu"": 1, ""derive:l7_mood_fomo"": 1, ""derive:l8_industry_demand_supply"": 1, ""derive:l8_industry_price_war"": 1, ""derive:l8_val_priced_in"": 1}",company,L2.newbiz.commercialization;L2.newbiz.revenue_contrib;L2.newbiz.tam;L2.newbiz.uncertainty;L2.newbiz.valuation_contrib,L10.val.expansion_compression;L11.long.business_model;L11.long.compete_moat;L11.long.industry_space;L11.long.margin;L11.long.score;L11.mid.eps_upward;L11.mid.margin_guidance;L11.mid.orders_revenue;L11.mid.score;L11.mode;L11.short.event_impact;L11.short.flow_boost;L11.short.score;L11.short.sentiment_shift;L11.short.technical;L11.trade.signal;L6.mult.pb;L6.mult.pe;L6.path.second_derivative;L6.path.tag;L6.sens.cashflow;L6.sens.growth_margin;L6.sens.rates;L6.sens.risk_narrative;L7.env.risk_appetite;L7.flow.active_inflow;L7.market.l2_quote;L7.mood.fomo;L7.trade.volume_turnover;L8.industry.demand_supply;L8.industry.price_war;L8.val.priced_in,
01378.HK,中国宏桥,HK,ANTI_INVOLUTION_CYCLICAL,59,1,5,51,2,0,32,0,38,250,15.20,"{""derive:l10_val_expansion_compression"": 1, ""derive:bootstrap_l11_subscore"": 11, ""derive:l11_long_score"": 1, ""derive:l11_mid_score"": 1, ""derive:l11_mode"": 1, ""derive:l11_short_score"": 1, ""derive:l11_trade_signal"": 1, ""futu:snapshot"": 3, ""derive:l6_path_second_derivative"": 1, ""derive:l6_path_tag"": 1, ""derive:l6_sens_cashflow"": 1, ""derive:l6_sens_growth_margin"": 1, ""derive:l6_sens_rates"": 1, ""derive:l6_sens_risk_narrative"": 1, ""derive:l7_env_risk_appetite"": 1, ""futu"": 1, ""derive:l7_mood_fomo"": 1, ""derive:l8_industry_demand_supply"": 1, ""derive:l8_industry_price_war"": 1, ""derive:l8_val_priced_in"": 1}",company,L2.newbiz.commercialization;L2.newbiz.revenue_contrib;L2.newbiz.tam;L2.newbiz.uncertainty;L2.newbiz.valuation_contrib,L10.val.expansion_compression;L11.long.business_model;L11.long.compete_moat;L11.long.industry_space;L11.long.margin;L11.long.score;L11.mid.eps_upward;L11.mid.margin_guidance;L11.mid.orders_revenue;L11.mid.score;L11.mode;L11.short.event_impact;L11.short.flow_boost;L11.short.score;L11.short.sentiment_shift;L11.short.technical;L11.trade.signal;L6.mult.pb;L6.mult.pe;L6.path.second_derivative;L6.path.tag;L6.sens.cashflow;L6.sens.growth_margin;L6.sens.rates;L6.sens.risk_narrative;L7.env.risk_appetite;L7.market.l2_quote;L7.mood.fomo;L7.trade.volume_turnover;L8.industry.demand_supply;L8.industry.price_war;L8.val.priced_in,
01385.HK,上海复旦,HK,SEMI_EQUIPMENT,59,1,5,51,2,0,33,0,39,250,15.60,"{""derive:l10_val_expansion_compression"": 1, ""derive:bootstrap_l11_subscore"": 11, ""derive:l11_long_score"": 1, ""derive:l11_mid_score"": 1, ""derive:l11_mode"": 1, ""derive:l11_short_score"": 1, ""derive:l11_trade_signal"": 1, ""futu:snapshot"": 3, ""derive:l6_path_second_derivative"": 1, ""derive:l6_path_tag"": 1, ""derive:l6_sens_cashflow"": 1, ""derive:l6_sens_growth_margin"": 1, ""derive:l6_sens_rates"": 1, ""derive:l6_sens_risk_narrative"": 1, ""derive:l7_env_risk_appetite"": 1, ""futu:capital_flow"": 1, ""futu"": 1, ""derive:l7_mood_fomo"": 1, ""derive:l8_industry_demand_supply"": 1, ""derive:l8_industry_price_war"": 1, ""derive:l8_val_priced_in"": 1}",company,L2.newbiz.commercialization;L2.newbiz.revenue_contrib;L2.newbiz.tam;L2.newbiz.uncertainty;L2.newbiz.valuation_contrib,L10.val.expansion_compression;L11.long.business_model;L11.long.compete_moat;L11.long.industry_space;L11.long.margin;L11.long.score;L11.mid.eps_upward;L11.mid.margin_guidance;L11.mid.orders_revenue;L11.mid.score;L11.mode;L11.short.event_impact;L11.short.flow_boost;L11.short.score;L11.short.sentiment_shift;L11.short.technical;L11.trade.signal;L6.mult.pb;L6.mult.pe;L6.path.second_derivative;L6.path.tag;L6.sens.cashflow;L6.sens.growth_margin;L6.sens.rates;L6.sens.risk_narrative;L7.env.risk_appetite;L7.flow.active_inflow;L7.market.l2_quote;L7.mood.fomo;L7.trade.volume_turnover;L8.industry.demand_supply;L8.industry.price_war;L8.val.priced_in,
01398.HK,工商银行,HK,FINANCIAL_HIGH_DIVIDEND,59,1,5,51,2,0,32,0,38,250,15.20,"{""derive:l10_val_expansion_compression"": 1, ""derive:bootstrap_l11_subscore"": 11, ""derive:l11_long_score"": 1, ""derive:l11_mid_score"": 1, ""derive:l11_mode"": 1, ""derive:l11_short_score"": 1, ""derive:l11_trade_signal"": 1, ""futu:snapshot"": 3, ""derive:l6_path_second_derivative"": 1, ""derive:l6_path_tag"": 1, ""derive:l6_sens_cashflow"": 1, ""derive:l6_sens_growth_margin"": 1, ""derive:l6_sens_rates"": 1, ""derive:l6_sens_risk_narrative"": 1, ""derive:l7_env_risk_appetite"": 1, ""futu"": 1, ""derive:l7_mood_fomo"": 1, ""derive:l8_industry_demand_supply"": 1, ""derive:l8_industry_price_war"": 1, ""derive:l8_val_priced_in"": 1}",company,L2.newbiz.commercialization;L2.newbiz.revenue_contrib;L2.newbiz.tam;L2.newbiz.uncertainty;L2.newbiz.valuation_contrib,L10.val.expansion_compression;L11.long.business_model;L11.long.compete_moat;L11.long.industry_space;L11.long.margin;L11.long.score;L11.mid.eps_upward;L11.mid.margin_guidance;L11.mid.orders_revenue;L11.mid.score;L11.mode;L11.short.event_impact;L11.short.flow_boost;L11.short.score;L11.short.sentiment_shift;L11.short.technical;L11.trade.signal;L6.mult.pb;L6.mult.pe;L6.path.second_derivative;L6.path.tag;L6.sens.cashflow;L6.sens.growth_margin;L6.sens.rates;L6.sens.risk_narrative;L7.env.risk_appetite;L7.market.l2_quote;L7.mood.fomo;L7.trade.volume_turnover;L8.industry.demand_supply;L8.industry.price_war;L8.val.priced_in,
01415.HK,高伟电子,HK,CONSUMER_ELECTRONICS,59,1,5,51,2,0,32,0,38,250,15.20,"{""derive:l10_val_expansion_compression"": 1, ""derive:bootstrap_l11_subscore"": 11, ""derive:l11_long_score"": 1, ""derive:l11_mid_score"": 1, ""derive:l11_mode"": 1, ""derive:l11_short_score"": 1, ""derive:l11_trade_signal"": 1, ""futu:snapshot"": 3, ""derive:l6_path_second_derivative"": 1, ""derive:l6_path_tag"": 1, ""derive:l6_sens_cashflow"": 1, ""derive:l6_sens_growth_margin"": 1, ""derive:l6_sens_rates"": 1, ""derive:l6_sens_risk_narrative"": 1, ""derive:l7_env_risk_appetite"": 1, ""futu"": 1, ""derive:l7_mood_fomo"": 1, ""derive:l8_industry_demand_supply"": 1, ""derive:l8_industry_price_war"": 1, ""derive:l8_val_priced_in"": 1}",company,L2.newbiz.commercialization;L2.newbiz.revenue_contrib;L2.newbiz.tam;L2.newbiz.uncertainty;L2.newbiz.valuation_contrib,L10.val.expansion_compression;L11.long.business_model;L11.long.compete_moat;L11.long.industry_space;L11.long.margin;L11.long.score;L11.mid.eps_upward;L11.mid.margin_guidance;L11.mid.orders_revenue;L11.mid.score;L11.mode;L11.short.event_impact;L11.short.flow_boost;L11.short.score;L11.short.sentiment_shift;L11.short.technical;L11.trade.signal;L6.mult.pb;L6.mult.pe;L6.path.second_derivative;L6.path.tag;L6.sens.cashflow;L6.sens.growth_margin;L6.sens.rates;L6.sens.risk_narrative;L7.env.risk_appetite;L7.market.l2_quote;L7.mood.fomo;L7.trade.volume_turnover;L8.industry.demand_supply;L8.industry.price_war;L8.val.priced_in,
01478.HK,丘钛科技,HK,CONSUMER_ELECTRONICS,59,1,5,51,2,0,32,0,38,250,15.20,"{""derive:l10_val_expansion_compression"": 1, ""derive:bootstrap_l11_subscore"": 11, ""derive:l11_long_score"": 1, ""derive:l11_mid_score"": 1, ""derive:l11_mode"": 1, ""derive:l11_short_score"": 1, ""derive:l11_trade_signal"": 1, ""futu:snapshot"": 3, ""derive:l6_path_second_derivative"": 1, ""derive:l6_path_tag"": 1, ""derive:l6_sens_cashflow"": 1, ""derive:l6_sens_growth_margin"": 1, ""derive:l6_sens_rates"": 1, ""derive:l6_sens_risk_narrative"": 1, ""derive:l7_env_risk_appetite"": 1, ""futu"": 1, ""derive:l7_mood_fomo"": 1, ""derive:l8_industry_demand_supply"": 1, ""derive:l8_industry_price_war"": 1, ""derive:l8_val_priced_in"": 1}",company,L2.newbiz.commercialization;L2.newbiz.revenue_contrib;L2.newbiz.tam;L2.newbiz.uncertainty;L2.newbiz.valuation_contrib,L10.val.expansion_compression;L11.long.business_model;L11.long.compete_moat;L11.long.industry_space;L11.long.margin;L11.long.score;L11.mid.eps_upward;L11.mid.margin_guidance;L11.mid.orders_revenue;L11.mid.score;L11.mode;L11.short.event_impact;L11.short.flow_boost;L11.short.score;L11.short.sentiment_shift;L11.short.technical;L11.trade.signal;L6.mult.pb;L6.mult.pe;L6.path.second_derivative;L6.path.tag;L6.sens.cashflow;L6.sens.growth_margin;L6.sens.rates;L6.sens.risk_narrative;L7.env.risk_appetite;L7.market.l2_quote;L7.mood.fomo;L7.trade.volume_turnover;L8.industry.demand_supply;L8.industry.price_war;L8.val.priced_in,
01530.HK,三生制药,HK,INNOVATIVE_PHARMA,59,1,5,51,2,0,32,0,38,250,15.20,"{""derive:l10_val_expansion_compression"": 1, ""derive:bootstrap_l11_subscore"": 11, ""derive:l11_long_score"": 1, ""derive:l11_mid_score"": 1, ""derive:l11_mode"": 1, ""derive:l11_short_score"": 1, ""derive:l11_trade_signal"": 1, ""futu:snapshot"": 3, ""derive:l6_path_second_derivative"": 1, ""derive:l6_path_tag"": 1, ""derive:l6_sens_cashflow"": 1, ""derive:l6_sens_growth_margin"": 1, ""derive:l6_sens_rates"": 1, ""derive:l6_sens_risk_narrative"": 1, ""derive:l7_env_risk_appetite"": 1, ""futu"": 1, ""derive:l7_mood_fomo"": 1, ""derive:l8_industry_demand_supply"": 1, ""derive:l8_industry_price_war"": 1, ""derive:l8_val_priced_in"": 1}",company,L2.newbiz.commercialization;L2.newbiz.revenue_contrib;L2.newbiz.tam;L2.newbiz.uncertainty;L2.newbiz.valuation_contrib,L10.val.expansion_compression;L11.long.business_model;L11.long.compete_moat;L11.long.industry_space;L11.long.margin;L11.long.score;L11.mid.eps_upward;L11.mid.margin_guidance;L11.mid.orders_revenue;L11.mid.score;L11.mode;L11.short.event_impact;L11.short.flow_boost;L11.short.score;L11.short.sentiment_shift;L11.short.technical;L11.trade.signal;L6.mult.pb;L6.mult.pe;L6.path.second_derivative;L6.path.tag;L6.sens.cashflow;L6.sens.growth_margin;L6.sens.rates;L6.sens.risk_narrative;L7.env.risk_appetite;L7.market.l2_quote;L7.mood.fomo;L7.trade.volume_turnover;L8.industry.demand_supply;L8.industry.price_war;L8.val.priced_in,
01772.HK,赣锋锂业,HK,NONFERROUS_METALS,59,1,5,51,2,0,32,0,38,250,15.20,"{""derive:l10_val_expansion_compression"": 1, ""derive:bootstrap_l11_subscore"": 11, ""derive:l11_long_score"": 1, ""derive:l11_mid_score"": 1, ""derive:l11_mode"": 1, ""derive:l11_short_score"": 1, ""derive:l11_trade_signal"": 1, ""futu:snapshot"": 3, ""derive:l6_path_second_derivative"": 1, ""derive:l6_path_tag"": 1, ""derive:l6_sens_cashflow"": 1, ""derive:l6_sens_growth_margin"": 1, ""derive:l6_sens_rates"": 1, ""derive:l6_sens_risk_narrative"": 1, ""derive:l7_env_risk_appetite"": 1, ""futu"": 1, ""derive:l7_mood_fomo"": 1, ""derive:l8_industry_demand_supply"": 1, ""derive:l8_industry_price_war"": 1, ""derive:l8_val_priced_in"": 1}",company,L2.newbiz.commercialization;L2.newbiz.revenue_contrib;L2.newbiz.tam;L2.newbiz.uncertainty;L2.newbiz.valuation_contrib,L10.val.expansion_compression;L11.long.business_model;L11.long.compete_moat;L11.long.industry_space;L11.long.margin;L11.long.score;L11.mid.eps_upward;L11.mid.margin_guidance;L11.mid.orders_revenue;L11.mid.score;L11.mode;L11.short.event_impact;L11.short.flow_boost;L11.short.score;L11.short.sentiment_shift;L11.short.technical;L11.trade.signal;L6.mult.pb;L6.mult.pe;L6.path.second_derivative;L6.path.tag;L6.sens.cashflow;L6.sens.growth_margin;L6.sens.rates;L6.sens.risk_narrative;L7.env.risk_appetite;L7.market.l2_quote;L7.mood.fomo;L7.trade.volume_turnover;L8.industry.demand_supply;L8.industry.price_war;L8.val.priced_in,
01787.HK,山东黄金,HK,NONFERROUS_METALS,59,1,5,51,2,0,32,0,38,250,15.20,"{""derive:l10_val_expansion_compression"": 1, ""derive:bootstrap_l11_subscore"": 11, ""derive:l11_long_score"": 1, ""derive:l11_mid_score"": 1, ""derive:l11_mode"": 1, ""derive:l11_short_score"": 1, ""derive:l11_trade_signal"": 1, ""futu:snapshot"": 3, ""derive:l6_path_second_derivative"": 1, ""derive:l6_path_tag"": 1, ""derive:l6_sens_cashflow"": 1, ""derive:l6_sens_growth_margin"": 1, ""derive:l6_sens_rates"": 1, ""derive:l6_sens_risk_narrative"": 1, ""derive:l7_env_risk_appetite"": 1, ""futu"": 1, ""derive:l7_mood_fomo"": 1, ""derive:l8_industry_demand_supply"": 1, ""derive:l8_industry_price_war"": 1, ""derive:l8_val_priced_in"": 1}",company,L2.newbiz.commercialization;L2.newbiz.revenue_contrib;L2.newbiz.tam;L2.newbiz.uncertainty;L2.newbiz.valuation_contrib,L10.val.expansion_compression;L11.long.business_model;L11.long.compete_moat;L11.long.industry_space;L11.long.margin;L11.long.score;L11.mid.eps_upward;L11.mid.margin_guidance;L11.mid.orders_revenue;L11.mid.score;L11.mode;L11.short.event_impact;L11.short.flow_boost;L11.short.score;L11.short.sentiment_shift;L11.short.technical;L11.trade.signal;L6.mult.pb;L6.mult.pe;L6.path.second_derivative;L6.path.tag;L6.sens.cashflow;L6.sens.growth_margin;L6.sens.rates;L6.sens.risk_narrative;L7.env.risk_appetite;L7.market.l2_quote;L7.mood.fomo;L7.trade.volume_turnover;L8.industry.demand_supply;L8.industry.price_war;L8.val.priced_in,
01801.HK,信达生物,HK,INNOVATIVE_PHARMA,59,1,5,51,2,0,32,0,38,250,15.20,"{""derive:l10_val_expansion_compression"": 1, ""derive:bootstrap_l11_subscore"": 11, ""derive:l11_long_score"": 1, ""derive:l11_mid_score"": 1, ""derive:l11_mode"": 1, ""derive:l11_short_score"": 1, ""derive:l11_trade_signal"": 1, ""futu:snapshot"": 3, ""derive:l6_path_second_derivative"": 1, ""derive:l6_path_tag"": 1, ""derive:l6_sens_cashflow"": 1, ""derive:l6_sens_growth_margin"": 1, ""derive:l6_sens_rates"": 1, ""derive:l6_sens_risk_narrative"": 1, ""derive:l7_env_risk_appetite"": 1, ""futu"": 1, ""derive:l7_mood_fomo"": 1, ""derive:l8_industry_demand_supply"": 1, ""derive:l8_industry_price_war"": 1, ""derive:l8_val_priced_in"": 1}",company,L2.newbiz.commercialization;L2.newbiz.revenue_contrib;L2.newbiz.tam;L2.newbiz.uncertainty;L2.newbiz.valuation_contrib,L10.val.expansion_compression;L11.long.business_model;L11.long.compete_moat;L11.long.industry_space;L11.long.margin;L11.long.score;L11.mid.eps_upward;L11.mid.margin_guidance;L11.mid.orders_revenue;L11.mid.score;L11.mode;L11.short.event_impact;L11.short.flow_boost;L11.short.score;L11.short.sentiment_shift;L11.short.technical;L11.trade.signal;L6.mult.pb;L6.mult.pe;L6.path.second_derivative;L6.path.tag;L6.sens.cashflow;L6.sens.growth_margin;L6.sens.rates;L6.sens.risk_narrative;L7.env.risk_appetite;L7.market.l2_quote;L7.mood.fomo;L7.trade.volume_turnover;L8.industry.demand_supply;L8.industry.price_war;L8.val.priced_in,
01810.HK,小米集团-W,HK,HK_CN_INTERNET|CONSUMER_ELECTRONICS,59,1,5,51,2,0,32,0,38,250,15.20,"{""derive:l10_val_expansion_compression"": 1, ""derive:bootstrap_l11_subscore"": 11, ""derive:l11_long_score"": 1, ""derive:l11_mid_score"": 1, ""derive:l11_mode"": 1, ""derive:l11_short_score"": 1, ""derive:l11_trade_signal"": 1, ""futu:snapshot"": 3, ""derive:l6_path_second_derivative"": 1, ""derive:l6_path_tag"": 1, ""derive:l6_sens_cashflow"": 1, ""derive:l6_sens_growth_margin"": 1, ""derive:l6_sens_rates"": 1, ""derive:l6_sens_risk_narrative"": 1, ""derive:l7_env_risk_appetite"": 1, ""futu"": 1, ""derive:l7_mood_fomo"": 1, ""derive:l8_industry_demand_supply"": 1, ""derive:l8_industry_price_war"": 1, ""derive:l8_val_priced_in"": 1}",company,L2.newbiz.commercialization;L2.newbiz.revenue_contrib;L2.newbiz.tam;L2.newbiz.uncertainty;L2.newbiz.valuation_contrib,L10.val.expansion_compression;L11.long.business_model;L11.long.compete_moat;L11.long.industry_space;L11.long.margin;L11.long.score;L11.mid.eps_upward;L11.mid.margin_guidance;L11.mid.orders_revenue;L11.mid.score;L11.mode;L11.short.event_impact;L11.short.flow_boost;L11.short.score;L11.short.sentiment_shift;L11.short.technical;L11.trade.signal;L6.mult.pb;L6.mult.pe;L6.path.second_derivative;L6.path.tag;L6.sens.cashflow;L6.sens.growth_margin;L6.sens.rates;L6.sens.risk_narrative;L7.env.risk_appetite;L7.market.l2_quote;L7.mood.fomo;L7.trade.volume_turnover;L8.industry.demand_supply;L8.industry.price_war;L8.val.priced_in,
01818.HK,招金矿业,HK,NONFERROUS_METALS,59,1,5,51,2,0,32,0,38,250,15.20,"{""derive:l10_val_expansion_compression"": 1, ""derive:bootstrap_l11_subscore"": 11, ""derive:l11_long_score"": 1, ""derive:l11_mid_score"": 1, ""derive:l11_mode"": 1, ""derive:l11_short_score"": 1, ""derive:l11_trade_signal"": 1, ""futu:snapshot"": 3, ""derive:l6_path_second_derivative"": 1, ""derive:l6_path_tag"": 1, ""derive:l6_sens_cashflow"": 1, ""derive:l6_sens_growth_margin"": 1, ""derive:l6_sens_rates"": 1, ""derive:l6_sens_risk_narrative"": 1, ""derive:l7_env_risk_appetite"": 1, ""futu"": 1, ""derive:l7_mood_fomo"": 1, ""derive:l8_industry_demand_supply"": 1, ""derive:l8_industry_price_war"": 1, ""derive:l8_val_priced_in"": 1}",company,L2.newbiz.commercialization;L2.newbiz.revenue_contrib;L2.newbiz.tam;L2.newbiz.uncertainty;L2.newbiz.valuation_contrib,L10.val.expansion_compression;L11.long.business_model;L11.long.compete_moat;L11.long.industry_space;L11.long.margin;L11.long.score;L11.mid.eps_upward;L11.mid.margin_guidance;L11.mid.orders_revenue;L11.mid.score;L11.mode;L11.short.event_impact;L11.short.flow_boost;L11.short.score;L11.short.sentiment_shift;L11.short.technical;L11.trade.signal;L6.mult.pb;L6.mult.pe;L6.path.second_derivative;L6.path.tag;L6.sens.cashflow;L6.sens.growth_margin;L6.sens.rates;L6.sens.risk_narrative;L7.env.risk_appetite;L7.market.l2_quote;L7.mood.fomo;L7.trade.volume_turnover;L8.industry.demand_supply;L8.industry.price_war;L8.val.priced_in,
01866.HK,中国心连心化肥,HK,ANTI_INVOLUTION_CYCLICAL,59,1,5,51,2,0,32,0,38,250,15.20,"{""derive:l10_val_expansion_compression"": 1, ""derive:bootstrap_l11_subscore"": 11, ""derive:l11_long_score"": 1, ""derive:l11_mid_score"": 1, ""derive:l11_mode"": 1, ""derive:l11_short_score"": 1, ""derive:l11_trade_signal"": 1, ""futu:snapshot"": 3, ""derive:l6_path_second_derivative"": 1, ""derive:l6_path_tag"": 1, ""derive:l6_sens_cashflow"": 1, ""derive:l6_sens_growth_margin"": 1, ""derive:l6_sens_rates"": 1, ""derive:l6_sens_risk_narrative"": 1, ""derive:l7_env_risk_appetite"": 1, ""futu"": 1, ""derive:l7_mood_fomo"": 1, ""derive:l8_industry_demand_supply"": 1, ""derive:l8_industry_price_war"": 1, ""derive:l8_val_priced_in"": 1}",company,L2.newbiz.commercialization;L2.newbiz.revenue_contrib;L2.newbiz.tam;L2.newbiz.uncertainty;L2.newbiz.valuation_contrib,L10.val.expansion_compression;L11.long.business_model;L11.long.compete_moat;L11.long.industry_space;L11.long.margin;L11.long.score;L11.mid.eps_upward;L11.mid.margin_guidance;L11.mid.orders_revenue;L11.mid.score;L11.mode;L11.short.event_impact;L11.short.flow_boost;L11.short.score;L11.short.sentiment_shift;L11.short.technical;L11.trade.signal;L6.mult.pb;L6.mult.pe;L6.path.second_derivative;L6.path.tag;L6.sens.cashflow;L6.sens.growth_margin;L6.sens.rates;L6.sens.risk_narrative;L7.env.risk_appetite;L7.market.l2_quote;L7.mood.fomo;L7.trade.volume_turnover;L8.industry.demand_supply;L8.industry.price_war;L8.val.priced_in,
01880.HK,中国中免,HK,DOMESTIC_CONSUMPTION,59,1,5,51,2,0,32,0,38,250,15.20,"{""derive:l10_val_expansion_compression"": 1, ""derive:bootstrap_l11_subscore"": 11, ""derive:l11_long_score"": 1, ""derive:l11_mid_score"": 1, ""derive:l11_mode"": 1, ""derive:l11_short_score"": 1, ""derive:l11_trade_signal"": 1, ""futu:snapshot"": 3, ""derive:l6_path_second_derivative"": 1, ""derive:l6_path_tag"": 1, ""derive:l6_sens_cashflow"": 1, ""derive:l6_sens_growth_margin"": 1, ""derive:l6_sens_rates"": 1, ""derive:l6_sens_risk_narrative"": 1, ""derive:l7_env_risk_appetite"": 1, ""futu"": 1, ""derive:l7_mood_fomo"": 1, ""derive:l8_industry_demand_supply"": 1, ""derive:l8_industry_price_war"": 1, ""derive:l8_val_priced_in"": 1}",company,L2.newbiz.commercialization;L2.newbiz.revenue_contrib;L2.newbiz.tam;L2.newbiz.uncertainty;L2.newbiz.valuation_contrib,L10.val.expansion_compression;L11.long.business_model;L11.long.compete_moat;L11.long.industry_space;L11.long.margin;L11.long.score;L11.mid.eps_upward;L11.mid.margin_guidance;L11.mid.orders_revenue;L11.mid.score;L11.mode;L11.short.event_impact;L11.short.flow_boost;L11.short.score;L11.short.sentiment_shift;L11.short.technical;L11.trade.signal;L6.mult.pb;L6.mult.pe;L6.path.second_derivative;L6.path.tag;L6.sens.cashflow;L6.sens.growth_margin;L6.sens.rates;L6.sens.risk_narrative;L7.env.risk_appetite;L7.market.l2_quote;L7.mood.fomo;L7.trade.volume_turnover;L8.industry.demand_supply;L8.industry.price_war;L8.val.priced_in,
01928.HK,金沙中国,HK,DOMESTIC_CONSUMPTION,59,1,5,51,2,0,32,0,38,250,15.20,"{""derive:l10_val_expansion_compression"": 1, ""derive:bootstrap_l11_subscore"": 11, ""derive:l11_long_score"": 1, ""derive:l11_mid_score"": 1, ""derive:l11_mode"": 1, ""derive:l11_short_score"": 1, ""derive:l11_trade_signal"": 1, ""futu:snapshot"": 3, ""derive:l6_path_second_derivative"": 1, ""derive:l6_path_tag"": 1, ""derive:l6_sens_cashflow"": 1, ""derive:l6_sens_growth_margin"": 1, ""derive:l6_sens_rates"": 1, ""derive:l6_sens_risk_narrative"": 1, ""derive:l7_env_risk_appetite"": 1, ""futu"": 1, ""derive:l7_mood_fomo"": 1, ""derive:l8_industry_demand_supply"": 1, ""derive:l8_industry_price_war"": 1, ""derive:l8_val_priced_in"": 1}",company,L2.newbiz.commercialization;L2.newbiz.revenue_contrib;L2.newbiz.tam;L2.newbiz.uncertainty;L2.newbiz.valuation_contrib,L10.val.expansion_compression;L11.long.business_model;L11.long.compete_moat;L11.long.industry_space;L11.long.margin;L11.long.score;L11.mid.eps_upward;L11.mid.margin_guidance;L11.mid.orders_revenue;L11.mid.score;L11.mode;L11.short.event_impact;L11.short.flow_boost;L11.short.score;L11.short.sentiment_shift;L11.short.technical;L11.trade.signal;L6.mult.pb;L6.mult.pe;L6.path.second_derivative;L6.path.tag;L6.sens.cashflow;L6.sens.growth_margin;L6.sens.rates;L6.sens.risk_narrative;L7.env.risk_appetite;L7.market.l2_quote;L7.mood.fomo;L7.trade.volume_turnover;L8.industry.demand_supply;L8.industry.price_war;L8.val.priced_in,
02015.HK,理想汽车,HK,EXPORT_MFG,59,1,5,51,2,0,32,0,38,250,15.20,"{""derive:l10_val_expansion_compression"": 1, ""derive:bootstrap_l11_subscore"": 11, ""derive:l11_long_score"": 1, ""derive:l11_mid_score"": 1, ""derive:l11_mode"": 1, ""derive:l11_short_score"": 1, ""derive:l11_trade_signal"": 1, ""futu:snapshot"": 3, ""derive:l6_path_second_derivative"": 1, ""derive:l6_path_tag"": 1, ""derive:l6_sens_cashflow"": 1, ""derive:l6_sens_growth_margin"": 1, ""derive:l6_sens_rates"": 1, ""derive:l6_sens_risk_narrative"": 1, ""derive:l7_env_risk_appetite"": 1, ""futu"": 1, ""derive:l7_mood_fomo"": 1, ""derive:l8_industry_demand_supply"": 1, ""derive:l8_industry_price_war"": 1, ""derive:l8_val_priced_in"": 1}",company,L2.newbiz.commercialization;L2.newbiz.revenue_contrib;L2.newbiz.tam;L2.newbiz.uncertainty;L2.newbiz.valuation_contrib,L10.val.expansion_compression;L11.long.business_model;L11.long.compete_moat;L11.long.industry_space;L11.long.margin;L11.long.score;L11.mid.eps_upward;L11.mid.margin_guidance;L11.mid.orders_revenue;L11.mid.score;L11.mode;L11.short.event_impact;L11.short.flow_boost;L11.short.score;L11.short.sentiment_shift;L11.short.technical;L11.trade.signal;L6.mult.pb;L6.mult.pe;L6.path.second_derivative;L6.path.tag;L6.sens.cashflow;L6.sens.growth_margin;L6.sens.rates;L6.sens.risk_narrative;L7.env.risk_appetite;L7.market.l2_quote;L7.mood.fomo;L7.trade.volume_turnover;L8.industry.demand_supply;L8.industry.price_war;L8.val.priced_in,
02018.HK,瑞声科技,HK,CONSUMER_ELECTRONICS,59,1,5,51,2,0,32,0,38,250,15.20,"{""derive:l10_val_expansion_compression"": 1, ""derive:bootstrap_l11_subscore"": 11, ""derive:l11_long_score"": 1, ""derive:l11_mid_score"": 1, ""derive:l11_mode"": 1, ""derive:l11_short_score"": 1, ""derive:l11_trade_signal"": 1, ""futu:snapshot"": 3, ""derive:l6_path_second_derivative"": 1, ""derive:l6_path_tag"": 1, ""derive:l6_sens_cashflow"": 1, ""derive:l6_sens_growth_margin"": 1, ""derive:l6_sens_rates"": 1, ""derive:l6_sens_risk_narrative"": 1, ""derive:l7_env_risk_appetite"": 1, ""futu"": 1, ""derive:l7_mood_fomo"": 1, ""derive:l8_industry_demand_supply"": 1, ""derive:l8_industry_price_war"": 1, ""derive:l8_val_priced_in"": 1}",company,L2.newbiz.commercialization;L2.newbiz.revenue_contrib;L2.newbiz.tam;L2.newbiz.uncertainty;L2.newbiz.valuation_contrib,L10.val.expansion_compression;L11.long.business_model;L11.long.compete_moat;L11.long.industry_space;L11.long.margin;L11.long.score;L11.mid.eps_upward;L11.mid.margin_guidance;L11.mid.orders_revenue;L11.mid.score;L11.mode;L11.short.event_impact;L11.short.flow_boost;L11.short.score;L11.short.sentiment_shift;L11.short.technical;L11.trade.signal;L6.mult.pb;L6.mult.pe;L6.path.second_derivative;L6.path.tag;L6.sens.cashflow;L6.sens.growth_margin;L6.sens.rates;L6.sens.risk_narrative;L7.env.risk_appetite;L7.market.l2_quote;L7.mood.fomo;L7.trade.volume_turnover;L8.industry.demand_supply;L8.industry.price_war;L8.val.priced_in,
02138.HK,医思健康,HK,DOMESTIC_CONSUMPTION,59,1,5,51,2,0,32,0,38,250,15.20,"{""derive:l10_val_expansion_compression"": 1, ""derive:bootstrap_l11_subscore"": 11, ""derive:l11_long_score"": 1, ""derive:l11_mid_score"": 1, ""derive:l11_mode"": 1, ""derive:l11_short_score"": 1, ""derive:l11_trade_signal"": 1, ""futu:snapshot"": 3, ""derive:l6_path_second_derivative"": 1, ""derive:l6_path_tag"": 1, ""derive:l6_sens_cashflow"": 1, ""derive:l6_sens_growth_margin"": 1, ""derive:l6_sens_rates"": 1, ""derive:l6_sens_risk_narrative"": 1, ""derive:l7_env_risk_appetite"": 1, ""futu"": 1, ""derive:l7_mood_fomo"": 1, ""derive:l8_industry_demand_supply"": 1, ""derive:l8_industry_price_war"": 1, ""derive:l8_val_priced_in"": 1}",company,L2.newbiz.commercialization;L2.newbiz.revenue_contrib;L2.newbiz.tam;L2.newbiz.uncertainty;L2.newbiz.valuation_contrib,L10.val.expansion_compression;L11.long.business_model;L11.long.compete_moat;L11.long.industry_space;L11.long.margin;L11.long.score;L11.mid.eps_upward;L11.mid.margin_guidance;L11.mid.orders_revenue;L11.mid.score;L11.mode;L11.short.event_impact;L11.short.flow_boost;L11.short.score;L11.short.sentiment_shift;L11.short.technical;L11.trade.signal;L6.mult.pb;L6.mult.pe;L6.path.second_derivative;L6.path.tag;L6.sens.cashflow;L6.sens.growth_margin;L6.sens.rates;L6.sens.risk_narrative;L7.env.risk_appetite;L7.market.l2_quote;L7.mood.fomo;L7.trade.volume_turnover;L8.industry.demand_supply;L8.industry.price_war;L8.val.priced_in,
02208.HK,金风科技,HK,STORAGE_GRID,59,1,5,51,2,0,32,0,38,250,15.20,"{""derive:l10_val_expansion_compression"": 1, ""derive:bootstrap_l11_subscore"": 11, ""derive:l11_long_score"": 1, ""derive:l11_mid_score"": 1, ""derive:l11_mode"": 1, ""derive:l11_short_score"": 1, ""derive:l11_trade_signal"": 1, ""futu:snapshot"": 3, ""derive:l6_path_second_derivative"": 1, ""derive:l6_path_tag"": 1, ""derive:l6_sens_cashflow"": 1, ""derive:l6_sens_growth_margin"": 1, ""derive:l6_sens_rates"": 1, ""derive:l6_sens_risk_narrative"": 1, ""derive:l7_env_risk_appetite"": 1, ""futu"": 1, ""derive:l7_mood_fomo"": 1, ""derive:l8_industry_demand_supply"": 1, ""derive:l8_industry_price_war"": 1, ""derive:l8_val_priced_in"": 1}",company,L2.newbiz.commercialization;L2.newbiz.revenue_contrib;L2.newbiz.tam;L2.newbiz.uncertainty;L2.newbiz.valuation_contrib,L10.val.expansion_compression;L11.long.business_model;L11.long.compete_moat;L11.long.industry_space;L11.long.margin;L11.long.score;L11.mid.eps_upward;L11.mid.margin_guidance;L11.mid.orders_revenue;L11.mid.score;L11.mode;L11.short.event_impact;L11.short.flow_boost;L11.short.score;L11.short.sentiment_shift;L11.short.technical;L11.trade.signal;L6.mult.pb;L6.mult.pe;L6.path.second_derivative;L6.path.tag;L6.sens.cashflow;L6.sens.growth_margin;L6.sens.rates;L6.sens.risk_narrative;L7.env.risk_appetite;L7.market.l2_quote;L7.mood.fomo;L7.trade.volume_turnover;L8.industry.demand_supply;L8.industry.price_war;L8.val.priced_in,
02259.HK,紫金黄金国际,HK,NONFERROUS_METALS,59,1,5,51,2,0,32,0,38,250,15.20,"{""derive:l10_val_expansion_compression"": 1, ""derive:bootstrap_l11_subscore"": 11, ""derive:l11_long_score"": 1, ""derive:l11_mid_score"": 1, ""derive:l11_mode"": 1, ""derive:l11_short_score"": 1, ""derive:l11_trade_signal"": 1, ""futu:snapshot"": 3, ""derive:l6_path_second_derivative"": 1, ""derive:l6_path_tag"": 1, ""derive:l6_sens_cashflow"": 1, ""derive:l6_sens_growth_margin"": 1, ""derive:l6_sens_rates"": 1, ""derive:l6_sens_risk_narrative"": 1, ""derive:l7_env_risk_appetite"": 1, ""futu"": 1, ""derive:l7_mood_fomo"": 1, ""derive:l8_industry_demand_supply"": 1, ""derive:l8_industry_price_war"": 1, ""derive:l8_val_priced_in"": 1}",company,L2.newbiz.commercialization;L2.newbiz.revenue_contrib;L2.newbiz.tam;L2.newbiz.uncertainty;L2.newbiz.valuation_contrib,L10.val.expansion_compression;L11.long.business_model;L11.long.compete_moat;L11.long.industry_space;L11.long.margin;L11.long.score;L11.mid.eps_upward;L11.mid.margin_guidance;L11.mid.orders_revenue;L11.mid.score;L11.mode;L11.short.event_impact;L11.short.flow_boost;L11.short.score;L11.short.sentiment_shift;L11.short.technical;L11.trade.signal;L6.mult.pb;L6.mult.pe;L6.path.second_derivative;L6.path.tag;L6.sens.cashflow;L6.sens.growth_margin;L6.sens.rates;L6.sens.risk_narrative;L7.env.risk_appetite;L7.market.l2_quote;L7.mood.fomo;L7.trade.volume_turnover;L8.industry.demand_supply;L8.industry.price_war;L8.val.priced_in,
02269.HK,药明生物,HK,INNOVATIVE_PHARMA,59,1,5,51,2,0,32,0,38,250,15.20,"{""derive:l10_val_expansion_compression"": 1, ""derive:bootstrap_l11_subscore"": 11, ""derive:l11_long_score"": 1, ""derive:l11_mid_score"": 1, ""derive:l11_mode"": 1, ""derive:l11_short_score"": 1, ""derive:l11_trade_signal"": 1, ""futu:snapshot"": 3, ""derive:l6_path_second_derivative"": 1, ""derive:l6_path_tag"": 1, ""derive:l6_sens_cashflow"": 1, ""derive:l6_sens_growth_margin"": 1, ""derive:l6_sens_rates"": 1, ""derive:l6_sens_risk_narrative"": 1, ""derive:l7_env_risk_appetite"": 1, ""futu"": 1, ""derive:l7_mood_fomo"": 1, ""derive:l8_industry_demand_supply"": 1, ""derive:l8_industry_price_war"": 1, ""derive:l8_val_priced_in"": 1}",company,L2.newbiz.commercialization;L2.newbiz.revenue_contrib;L2.newbiz.tam;L2.newbiz.uncertainty;L2.newbiz.valuation_contrib,L10.val.expansion_compression;L11.long.business_model;L11.long.compete_moat;L11.long.industry_space;L11.long.margin;L11.long.score;L11.mid.eps_upward;L11.mid.margin_guidance;L11.mid.orders_revenue;L11.mid.score;L11.mode;L11.short.event_impact;L11.short.flow_boost;L11.short.score;L11.short.sentiment_shift;L11.short.technical;L11.trade.signal;L6.mult.pb;L6.mult.pe;L6.path.second_derivative;L6.path.tag;L6.sens.cashflow;L6.sens.growth_margin;L6.sens.rates;L6.sens.risk_narrative;L7.env.risk_appetite;L7.market.l2_quote;L7.mood.fomo;L7.trade.volume_turnover;L8.industry.demand_supply;L8.industry.price_war;L8.val.priced_in,
02318.HK,中国平安,HK,FINANCIAL_HIGH_DIVIDEND,59,1,5,51,2,0,32,0,38,250,15.20,"{""derive:l10_val_expansion_compression"": 1, ""derive:bootstrap_l11_subscore"": 11, ""derive:l11_long_score"": 1, ""derive:l11_mid_score"": 1, ""derive:l11_mode"": 1, ""derive:l11_short_score"": 1, ""derive:l11_trade_signal"": 1, ""futu:snapshot"": 3, ""derive:l6_path_second_derivative"": 1, ""derive:l6_path_tag"": 1, ""derive:l6_sens_cashflow"": 1, ""derive:l6_sens_growth_margin"": 1, ""derive:l6_sens_rates"": 1, ""derive:l6_sens_risk_narrative"": 1, ""derive:l7_env_risk_appetite"": 1, ""futu"": 1, ""derive:l7_mood_fomo"": 1, ""derive:l8_industry_demand_supply"": 1, ""derive:l8_industry_price_war"": 1, ""derive:l8_val_priced_in"": 1}",company,L2.newbiz.commercialization;L2.newbiz.revenue_contrib;L2.newbiz.tam;L2.newbiz.uncertainty;L2.newbiz.valuation_contrib,L10.val.expansion_compression;L11.long.business_model;L11.long.compete_moat;L11.long.industry_space;L11.long.margin;L11.long.score;L11.mid.eps_upward;L11.mid.margin_guidance;L11.mid.orders_revenue;L11.mid.score;L11.mode;L11.short.event_impact;L11.short.flow_boost;L11.short.score;L11.short.sentiment_shift;L11.short.technical;L11.trade.signal;L6.mult.pb;L6.mult.pe;L6.path.second_derivative;L6.path.tag;L6.sens.cashflow;L6.sens.growth_margin;L6.sens.rates;L6.sens.risk_narrative;L7.env.risk_appetite;L7.market.l2_quote;L7.mood.fomo;L7.trade.volume_turnover;L8.industry.demand_supply;L8.industry.price_war;L8.val.priced_in,
02333.HK,长城汽车,HK,EXPORT_MFG,59,1,5,51,2,0,32,0,38,250,15.20,"{""derive:l10_val_expansion_compression"": 1, ""derive:bootstrap_l11_subscore"": 11, ""derive:l11_long_score"": 1, ""derive:l11_mid_score"": 1, ""derive:l11_mode"": 1, ""derive:l11_short_score"": 1, ""derive:l11_trade_signal"": 1, ""futu:snapshot"": 3, ""derive:l6_path_second_derivative"": 1, ""derive:l6_path_tag"": 1, ""derive:l6_sens_cashflow"": 1, ""derive:l6_sens_growth_margin"": 1, ""derive:l6_sens_rates"": 1, ""derive:l6_sens_risk_narrative"": 1, ""derive:l7_env_risk_appetite"": 1, ""futu"": 1, ""derive:l7_mood_fomo"": 1, ""derive:l8_industry_demand_supply"": 1, ""derive:l8_industry_price_war"": 1, ""derive:l8_val_priced_in"": 1}",company,L2.newbiz.commercialization;L2.newbiz.revenue_contrib;L2.newbiz.tam;L2.newbiz.uncertainty;L2.newbiz.valuation_contrib,L10.val.expansion_compression;L11.long.business_model;L11.long.compete_moat;L11.long.industry_space;L11.long.margin;L11.long.score;L11.mid.eps_upward;L11.mid.margin_guidance;L11.mid.orders_revenue;L11.mid.score;L11.mode;L11.short.event_impact;L11.short.flow_boost;L11.short.score;L11.short.sentiment_shift;L11.short.technical;L11.trade.signal;L6.mult.pb;L6.mult.pe;L6.path.second_derivative;L6.path.tag;L6.sens.cashflow;L6.sens.growth_margin;L6.sens.rates;L6.sens.risk_narrative;L7.env.risk_appetite;L7.market.l2_quote;L7.mood.fomo;L7.trade.volume_turnover;L8.industry.demand_supply;L8.industry.price_war;L8.val.priced_in,
02338.HK,潍柴动力,HK,EXPORT_MFG,59,1,5,51,2,0,32,0,38,250,15.20,"{""derive:l10_val_expansion_compression"": 1, ""derive:bootstrap_l11_subscore"": 11, ""derive:l11_long_score"": 1, ""derive:l11_mid_score"": 1, ""derive:l11_mode"": 1, ""derive:l11_short_score"": 1, ""derive:l11_trade_signal"": 1, ""futu:snapshot"": 3, ""derive:l6_path_second_derivative"": 1, ""derive:l6_path_tag"": 1, ""derive:l6_sens_cashflow"": 1, ""derive:l6_sens_growth_margin"": 1, ""derive:l6_sens_rates"": 1, ""derive:l6_sens_risk_narrative"": 1, ""derive:l7_env_risk_appetite"": 1, ""futu"": 1, ""derive:l7_mood_fomo"": 1, ""derive:l8_industry_demand_supply"": 1, ""derive:l8_industry_price_war"": 1, ""derive:l8_val_priced_in"": 1}",company,L2.newbiz.commercialization;L2.newbiz.revenue_contrib;L2.newbiz.tam;L2.newbiz.uncertainty;L2.newbiz.valuation_contrib,L10.val.expansion_compression;L11.long.business_model;L11.long.compete_moat;L11.long.industry_space;L11.long.margin;L11.long.score;L11.mid.eps_upward;L11.mid.margin_guidance;L11.mid.orders_revenue;L11.mid.score;L11.mode;L11.short.event_impact;L11.short.flow_boost;L11.short.score;L11.short.sentiment_shift;L11.short.technical;L11.trade.signal;L6.mult.pb;L6.mult.pe;L6.path.second_derivative;L6.path.tag;L6.sens.cashflow;L6.sens.growth_margin;L6.sens.rates;L6.sens.risk_narrative;L7.env.risk_appetite;L7.market.l2_quote;L7.mood.fomo;L7.trade.volume_turnover;L8.industry.demand_supply;L8.industry.price_war;L8.val.priced_in,
02359.HK,药明康德,HK,INNOVATIVE_PHARMA,59,1,5,51,2,0,32,0,38,250,15.20,"{""derive:l10_val_expansion_compression"": 1, ""derive:bootstrap_l11_subscore"": 11, ""derive:l11_long_score"": 1, ""derive:l11_mid_score"": 1, ""derive:l11_mode"": 1, ""derive:l11_short_score"": 1, ""derive:l11_trade_signal"": 1, ""futu:snapshot"": 3, ""derive:l6_path_second_derivative"": 1, ""derive:l6_path_tag"": 1, ""derive:l6_sens_cashflow"": 1, ""derive:l6_sens_growth_margin"": 1, ""derive:l6_sens_rates"": 1, ""derive:l6_sens_risk_narrative"": 1, ""derive:l7_env_risk_appetite"": 1, ""futu"": 1, ""derive:l7_mood_fomo"": 1, ""derive:l8_industry_demand_supply"": 1, ""derive:l8_industry_price_war"": 1, ""derive:l8_val_priced_in"": 1}",company,L2.newbiz.commercialization;L2.newbiz.revenue_contrib;L2.newbiz.tam;L2.newbiz.uncertainty;L2.newbiz.valuation_contrib,L10.val.expansion_compression;L11.long.business_model;L11.long.compete_moat;L11.long.industry_space;L11.long.margin;L11.long.score;L11.mid.eps_upward;L11.mid.margin_guidance;L11.mid.orders_revenue;L11.mid.score;L11.mode;L11.short.event_impact;L11.short.flow_boost;L11.short.score;L11.short.sentiment_shift;L11.short.technical;L11.trade.signal;L6.mult.pb;L6.mult.pe;L6.path.second_derivative;L6.path.tag;L6.sens.cashflow;L6.sens.growth_margin;L6.sens.rates;L6.sens.risk_narrative;L7.env.risk_appetite;L7.market.l2_quote;L7.mood.fomo;L7.trade.volume_turnover;L8.industry.demand_supply;L8.industry.price_war;L8.val.priced_in,
02367.HK,巨子生物,HK,DOMESTIC_CONSUMPTION,59,1,5,51,2,0,32,0,38,250,15.20,"{""derive:l10_val_expansion_compression"": 1, ""derive:bootstrap_l11_subscore"": 11, ""derive:l11_long_score"": 1, ""derive:l11_mid_score"": 1, ""derive:l11_mode"": 1, ""derive:l11_short_score"": 1, ""derive:l11_trade_signal"": 1, ""futu:snapshot"": 3, ""derive:l6_path_second_derivative"": 1, ""derive:l6_path_tag"": 1, ""derive:l6_sens_cashflow"": 1, ""derive:l6_sens_growth_margin"": 1, ""derive:l6_sens_rates"": 1, ""derive:l6_sens_risk_narrative"": 1, ""derive:l7_env_risk_appetite"": 1, ""futu"": 1, ""derive:l7_mood_fomo"": 1, ""derive:l8_industry_demand_supply"": 1, ""derive:l8_industry_price_war"": 1, ""derive:l8_val_priced_in"": 1}",company,L2.newbiz.commercialization;L2.newbiz.revenue_contrib;L2.newbiz.tam;L2.newbiz.uncertainty;L2.newbiz.valuation_contrib,L10.val.expansion_compression;L11.long.business_model;L11.long.compete_moat;L11.long.industry_space;L11.long.margin;L11.long.score;L11.mid.eps_upward;L11.mid.margin_guidance;L11.mid.orders_revenue;L11.mid.score;L11.mode;L11.short.event_impact;L11.short.flow_boost;L11.short.score;L11.short.sentiment_shift;L11.short.technical;L11.trade.signal;L6.mult.pb;L6.mult.pe;L6.path.second_derivative;L6.path.tag;L6.sens.cashflow;L6.sens.growth_margin;L6.sens.rates;L6.sens.risk_narrative;L7.env.risk_appetite;L7.market.l2_quote;L7.mood.fomo;L7.trade.volume_turnover;L8.industry.demand_supply;L8.industry.price_war;L8.val.priced_in,
02380.HK,中国电力,HK,STORAGE_GRID,59,1,5,51,2,0,32,0,38,250,15.20,"{""derive:l10_val_expansion_compression"": 1, ""derive:bootstrap_l11_subscore"": 11, ""derive:l11_long_score"": 1, ""derive:l11_mid_score"": 1, ""derive:l11_mode"": 1, ""derive:l11_short_score"": 1, ""derive:l11_trade_signal"": 1, ""futu:snapshot"": 3, ""derive:l6_path_second_derivative"": 1, ""derive:l6_path_tag"": 1, ""derive:l6_sens_cashflow"": 1, ""derive:l6_sens_growth_margin"": 1, ""derive:l6_sens_rates"": 1, ""derive:l6_sens_risk_narrative"": 1, ""derive:l7_env_risk_appetite"": 1, ""futu"": 1, ""derive:l7_mood_fomo"": 1, ""derive:l8_industry_demand_supply"": 1, ""derive:l8_industry_price_war"": 1, ""derive:l8_val_priced_in"": 1}",company,L2.newbiz.commercialization;L2.newbiz.revenue_contrib;L2.newbiz.tam;L2.newbiz.uncertainty;L2.newbiz.valuation_contrib,L10.val.expansion_compression;L11.long.business_model;L11.long.compete_moat;L11.long.industry_space;L11.long.margin;L11.long.score;L11.mid.eps_upward;L11.mid.margin_guidance;L11.mid.orders_revenue;L11.mid.score;L11.mode;L11.short.event_impact;L11.short.flow_boost;L11.short.score;L11.short.sentiment_shift;L11.short.technical;L11.trade.signal;L6.mult.pb;L6.mult.pe;L6.path.second_derivative;L6.path.tag;L6.sens.cashflow;L6.sens.growth_margin;L6.sens.rates;L6.sens.risk_narrative;L7.env.risk_appetite;L7.market.l2_quote;L7.mood.fomo;L7.trade.volume_turnover;L8.industry.demand_supply;L8.industry.price_war;L8.val.priced_in,
02382.HK,舜宇光学科技,HK,CONSUMER_ELECTRONICS,59,1,5,51,2,0,32,0,38,250,15.20,"{""derive:l10_val_expansion_compression"": 1, ""derive:bootstrap_l11_subscore"": 11, ""derive:l11_long_score"": 1, ""derive:l11_mid_score"": 1, ""derive:l11_mode"": 1, ""derive:l11_short_score"": 1, ""derive:l11_trade_signal"": 1, ""futu:snapshot"": 3, ""derive:l6_path_second_derivative"": 1, ""derive:l6_path_tag"": 1, ""derive:l6_sens_cashflow"": 1, ""derive:l6_sens_growth_margin"": 1, ""derive:l6_sens_rates"": 1, ""derive:l6_sens_risk_narrative"": 1, ""derive:l7_env_risk_appetite"": 1, ""futu"": 1, ""derive:l7_mood_fomo"": 1, ""derive:l8_industry_demand_supply"": 1, ""derive:l8_industry_price_war"": 1, ""derive:l8_val_priced_in"": 1}",company,L2.newbiz.commercialization;L2.newbiz.revenue_contrib;L2.newbiz.tam;L2.newbiz.uncertainty;L2.newbiz.valuation_contrib,L10.val.expansion_compression;L11.long.business_model;L11.long.compete_moat;L11.long.industry_space;L11.long.margin;L11.long.score;L11.mid.eps_upward;L11.mid.margin_guidance;L11.mid.orders_revenue;L11.mid.score;L11.mode;L11.short.event_impact;L11.short.flow_boost;L11.short.score;L11.short.sentiment_shift;L11.short.technical;L11.trade.signal;L6.mult.pb;L6.mult.pe;L6.path.second_derivative;L6.path.tag;L6.sens.cashflow;L6.sens.growth_margin;L6.sens.rates;L6.sens.risk_narrative;L7.env.risk_appetite;L7.market.l2_quote;L7.mood.fomo;L7.trade.volume_turnover;L8.industry.demand_supply;L8.industry.price_war;L8.val.priced_in,
02476.HK,胜宏科技-H,HK,AI_COMPUTE|SEMI_EQUIPMENT|CONSUMER_ELECTRONICS,59,1,5,51,2,0,33,0,39,250,15.60,"{""derive:l10_val_expansion_compression"": 1, ""derive:bootstrap_l11_subscore"": 11, ""derive:l11_long_score"": 1, ""derive:l11_mid_score"": 1, ""derive:l11_mode"": 1, ""derive:l11_short_score"": 1, ""derive:l11_trade_signal"": 1, ""futu:snapshot"": 3, ""derive:l6_path_second_derivative"": 1, ""derive:l6_path_tag"": 1, ""derive:l6_sens_cashflow"": 1, ""derive:l6_sens_growth_margin"": 1, ""derive:l6_sens_rates"": 1, ""derive:l6_sens_risk_narrative"": 1, ""derive:l7_env_risk_appetite"": 1, ""futu:capital_flow"": 1, ""futu"": 1, ""derive:l7_mood_fomo"": 1, ""derive:l8_industry_demand_supply"": 1, ""derive:l8_industry_price_war"": 1, ""derive:l8_val_priced_in"": 1}",company,L2.newbiz.commercialization;L2.newbiz.revenue_contrib;L2.newbiz.tam;L2.newbiz.uncertainty;L2.newbiz.valuation_contrib,L10.val.expansion_compression;L11.long.business_model;L11.long.compete_moat;L11.long.industry_space;L11.long.margin;L11.long.score;L11.mid.eps_upward;L11.mid.margin_guidance;L11.mid.orders_revenue;L11.mid.score;L11.mode;L11.short.event_impact;L11.short.flow_boost;L11.short.score;L11.short.sentiment_shift;L11.short.technical;L11.trade.signal;L6.mult.pb;L6.mult.pe;L6.path.second_derivative;L6.path.tag;L6.sens.cashflow;L6.sens.growth_margin;L6.sens.rates;L6.sens.risk_narrative;L7.env.risk_appetite;L7.flow.active_inflow;L7.market.l2_quote;L7.mood.fomo;L7.trade.volume_turnover;L8.industry.demand_supply;L8.industry.price_war;L8.val.priced_in,
02498.HK,速腾聚创,HK,ROBOTICS,59,1,5,51,2,0,32,0,38,250,15.20,"{""derive:l10_val_expansion_compression"": 1, ""derive:bootstrap_l11_subscore"": 11, ""derive:l11_long_score"": 1, ""derive:l11_mid_score"": 1, ""derive:l11_mode"": 1, ""derive:l11_short_score"": 1, ""derive:l11_trade_signal"": 1, ""futu:snapshot"": 3, ""derive:l6_path_second_derivative"": 1, ""derive:l6_path_tag"": 1, ""derive:l6_sens_cashflow"": 1, ""derive:l6_sens_growth_margin"": 1, ""derive:l6_sens_rates"": 1, ""derive:l6_sens_risk_narrative"": 1, ""derive:l7_env_risk_appetite"": 1, ""futu"": 1, ""derive:l7_mood_fomo"": 1, ""derive:l8_industry_demand_supply"": 1, ""derive:l8_industry_price_war"": 1, ""derive:l8_val_priced_in"": 1}",company,L2.newbiz.commercialization;L2.newbiz.revenue_contrib;L2.newbiz.tam;L2.newbiz.uncertainty;L2.newbiz.valuation_contrib,L10.val.expansion_compression;L11.long.business_model;L11.long.compete_moat;L11.long.industry_space;L11.long.margin;L11.long.score;L11.mid.eps_upward;L11.mid.margin_guidance;L11.mid.orders_revenue;L11.mid.score;L11.mode;L11.short.event_impact;L11.short.flow_boost;L11.short.score;L11.short.sentiment_shift;L11.short.technical;L11.trade.signal;L6.mult.pb;L6.mult.pe;L6.path.second_derivative;L6.path.tag;L6.sens.cashflow;L6.sens.growth_margin;L6.sens.rates;L6.sens.risk_narrative;L7.env.risk_appetite;L7.market.l2_quote;L7.mood.fomo;L7.trade.volume_turnover;L8.industry.demand_supply;L8.industry.price_war;L8.val.priced_in,
02600.HK,中国铝业,HK,NONFERROUS_METALS,59,1,5,51,2,0,32,0,38,250,15.20,"{""derive:l10_val_expansion_compression"": 1, ""derive:bootstrap_l11_subscore"": 11, ""derive:l11_long_score"": 1, ""derive:l11_mid_score"": 1, ""derive:l11_mode"": 1, ""derive:l11_short_score"": 1, ""derive:l11_trade_signal"": 1, ""futu:snapshot"": 3, ""derive:l6_path_second_derivative"": 1, ""derive:l6_path_tag"": 1, ""derive:l6_sens_cashflow"": 1, ""derive:l6_sens_growth_margin"": 1, ""derive:l6_sens_rates"": 1, ""derive:l6_sens_risk_narrative"": 1, ""derive:l7_env_risk_appetite"": 1, ""futu"": 1, ""derive:l7_mood_fomo"": 1, ""derive:l8_industry_demand_supply"": 1, ""derive:l8_industry_price_war"": 1, ""derive:l8_val_priced_in"": 1}",company,L2.newbiz.commercialization;L2.newbiz.revenue_contrib;L2.newbiz.tam;L2.newbiz.uncertainty;L2.newbiz.valuation_contrib,L10.val.expansion_compression;L11.long.business_model;L11.long.compete_moat;L11.long.industry_space;L11.long.margin;L11.long.score;L11.mid.eps_upward;L11.mid.margin_guidance;L11.mid.orders_revenue;L11.mid.score;L11.mode;L11.short.event_impact;L11.short.flow_boost;L11.short.score;L11.short.sentiment_shift;L11.short.technical;L11.trade.signal;L6.mult.pb;L6.mult.pe;L6.path.second_derivative;L6.path.tag;L6.sens.cashflow;L6.sens.growth_margin;L6.sens.rates;L6.sens.risk_narrative;L7.env.risk_appetite;L7.market.l2_quote;L7.mood.fomo;L7.trade.volume_turnover;L8.industry.demand_supply;L8.industry.price_war;L8.val.priced_in,
02628.HK,中国人寿,HK,FINANCIAL_HIGH_DIVIDEND,59,1,5,51,2,0,32,0,38,250,15.20,"{""derive:l10_val_expansion_compression"": 1, ""derive:bootstrap_l11_subscore"": 11, ""derive:l11_long_score"": 1, ""derive:l11_mid_score"": 1, ""derive:l11_mode"": 1, ""derive:l11_short_score"": 1, ""derive:l11_trade_signal"": 1, ""futu:snapshot"": 3, ""derive:l6_path_second_derivative"": 1, ""derive:l6_path_tag"": 1, ""derive:l6_sens_cashflow"": 1, ""derive:l6_sens_growth_margin"": 1, ""derive:l6_sens_rates"": 1, ""derive:l6_sens_risk_narrative"": 1, ""derive:l7_env_risk_appetite"": 1, ""futu"": 1, ""derive:l7_mood_fomo"": 1, ""derive:l8_industry_demand_supply"": 1, ""derive:l8_industry_price_war"": 1, ""derive:l8_val_priced_in"": 1}",company,L2.newbiz.commercialization;L2.newbiz.revenue_contrib;L2.newbiz.tam;L2.newbiz.uncertainty;L2.newbiz.valuation_contrib,L10.val.expansion_compression;L11.long.business_model;L11.long.compete_moat;L11.long.industry_space;L11.long.margin;L11.long.score;L11.mid.eps_upward;L11.mid.margin_guidance;L11.mid.orders_revenue;L11.mid.score;L11.mode;L11.short.event_impact;L11.short.flow_boost;L11.short.score;L11.short.sentiment_shift;L11.short.technical;L11.trade.signal;L6.mult.pb;L6.mult.pe;L6.path.second_derivative;L6.path.tag;L6.sens.cashflow;L6.sens.growth_margin;L6.sens.rates;L6.sens.risk_narrative;L7.env.risk_appetite;L7.market.l2_quote;L7.mood.fomo;L7.trade.volume_turnover;L8.industry.demand_supply;L8.industry.price_war;L8.val.priced_in,
02727.HK,上海电气,HK,ROBOTICS,59,1,5,51,2,0,32,0,38,250,15.20,"{""derive:l10_val_expansion_compression"": 1, ""derive:bootstrap_l11_subscore"": 11, ""derive:l11_long_score"": 1, ""derive:l11_mid_score"": 1, ""derive:l11_mode"": 1, ""derive:l11_short_score"": 1, ""derive:l11_trade_signal"": 1, ""futu:snapshot"": 3, ""derive:l6_path_second_derivative"": 1, ""derive:l6_path_tag"": 1, ""derive:l6_sens_cashflow"": 1, ""derive:l6_sens_growth_margin"": 1, ""derive:l6_sens_rates"": 1, ""derive:l6_sens_risk_narrative"": 1, ""derive:l7_env_risk_appetite"": 1, ""futu"": 1, ""derive:l7_mood_fomo"": 1, ""derive:l8_industry_demand_supply"": 1, ""derive:l8_industry_price_war"": 1, ""derive:l8_val_priced_in"": 1}",company,L2.newbiz.commercialization;L2.newbiz.revenue_contrib;L2.newbiz.tam;L2.newbiz.uncertainty;L2.newbiz.valuation_contrib,L10.val.expansion_compression;L11.long.business_model;L11.long.compete_moat;L11.long.industry_space;L11.long.margin;L11.long.score;L11.mid.eps_upward;L11.mid.margin_guidance;L11.mid.orders_revenue;L11.mid.score;L11.mode;L11.short.event_impact;L11.short.flow_boost;L11.short.score;L11.short.sentiment_shift;L11.short.technical;L11.trade.signal;L6.mult.pb;L6.mult.pe;L6.path.second_derivative;L6.path.tag;L6.sens.cashflow;L6.sens.growth_margin;L6.sens.rates;L6.sens.risk_narrative;L7.env.risk_appetite;L7.market.l2_quote;L7.mood.fomo;L7.trade.volume_turnover;L8.industry.demand_supply;L8.industry.price_war;L8.val.priced_in,
02878.HK,晶门半导体,HK,SEMI_EQUIPMENT,59,1,5,51,2,0,33,0,39,250,15.60,"{""derive:l10_val_expansion_compression"": 1, ""derive:bootstrap_l11_subscore"": 11, ""derive:l11_long_score"": 1, ""derive:l11_mid_score"": 1, ""derive:l11_mode"": 1, ""derive:l11_short_score"": 1, ""derive:l11_trade_signal"": 1, ""futu:snapshot"": 3, ""derive:l6_path_second_derivative"": 1, ""derive:l6_path_tag"": 1, ""derive:l6_sens_cashflow"": 1, ""derive:l6_sens_growth_margin"": 1, ""derive:l6_sens_rates"": 1, ""derive:l6_sens_risk_narrative"": 1, ""derive:l7_env_risk_appetite"": 1, ""futu:capital_flow"": 1, ""futu"": 1, ""derive:l7_mood_fomo"": 1, ""derive:l8_industry_demand_supply"": 1, ""derive:l8_industry_price_war"": 1, ""derive:l8_val_priced_in"": 1}",company,L2.newbiz.commercialization;L2.newbiz.revenue_contrib;L2.newbiz.tam;L2.newbiz.uncertainty;L2.newbiz.valuation_contrib,L10.val.expansion_compression;L11.long.business_model;L11.long.compete_moat;L11.long.industry_space;L11.long.margin;L11.long.score;L11.mid.eps_upward;L11.mid.margin_guidance;L11.mid.orders_revenue;L11.mid.score;L11.mode;L11.short.event_impact;L11.short.flow_boost;L11.short.score;L11.short.sentiment_shift;L11.short.technical;L11.trade.signal;L6.mult.pb;L6.mult.pe;L6.path.second_derivative;L6.path.tag;L6.sens.cashflow;L6.sens.growth_margin;L6.sens.rates;L6.sens.risk_narrative;L7.env.risk_appetite;L7.flow.active_inflow;L7.market.l2_quote;L7.mood.fomo;L7.trade.volume_turnover;L8.industry.demand_supply;L8.industry.price_war;L8.val.priced_in,
02899.HK,紫金矿业,HK,NONFERROUS_METALS,59,1,5,51,2,0,32,0,38,250,15.20,"{""derive:l10_val_expansion_compression"": 1, ""derive:bootstrap_l11_subscore"": 11, ""derive:l11_long_score"": 1, ""derive:l11_mid_score"": 1, ""derive:l11_mode"": 1, ""derive:l11_short_score"": 1, ""derive:l11_trade_signal"": 1, ""futu:snapshot"": 3, ""derive:l6_path_second_derivative"": 1, ""derive:l6_path_tag"": 1, ""derive:l6_sens_cashflow"": 1, ""derive:l6_sens_growth_margin"": 1, ""derive:l6_sens_rates"": 1, ""derive:l6_sens_risk_narrative"": 1, ""derive:l7_env_risk_appetite"": 1, ""futu"": 1, ""derive:l7_mood_fomo"": 1, ""derive:l8_industry_demand_supply"": 1, ""derive:l8_industry_price_war"": 1, ""derive:l8_val_priced_in"": 1}",company,L2.newbiz.commercialization;L2.newbiz.revenue_contrib;L2.newbiz.tam;L2.newbiz.uncertainty;L2.newbiz.valuation_contrib,L10.val.expansion_compression;L11.long.business_model;L11.long.compete_moat;L11.long.industry_space;L11.long.margin;L11.long.score;L11.mid.eps_upward;L11.mid.margin_guidance;L11.mid.orders_revenue;L11.mid.score;L11.mode;L11.short.event_impact;L11.short.flow_boost;L11.short.score;L11.short.sentiment_shift;L11.short.technical;L11.trade.signal;L6.mult.pb;L6.mult.pe;L6.path.second_derivative;L6.path.tag;L6.sens.cashflow;L6.sens.growth_margin;L6.sens.rates;L6.sens.risk_narrative;L7.env.risk_appetite;L7.market.l2_quote;L7.mood.fomo;L7.trade.volume_turnover;L8.industry.demand_supply;L8.industry.price_war;L8.val.priced_in,
03323.HK,中国建材,HK,ANTI_INVOLUTION_CYCLICAL,59,1,5,51,2,0,32,0,38,250,15.20,"{""derive:l10_val_expansion_compression"": 1, ""derive:bootstrap_l11_subscore"": 11, ""derive:l11_long_score"": 1, ""derive:l11_mid_score"": 1, ""derive:l11_mode"": 1, ""derive:l11_short_score"": 1, ""derive:l11_trade_signal"": 1, ""futu:snapshot"": 3, ""derive:l6_path_second_derivative"": 1, ""derive:l6_path_tag"": 1, ""derive:l6_sens_cashflow"": 1, ""derive:l6_sens_growth_margin"": 1, ""derive:l6_sens_rates"": 1, ""derive:l6_sens_risk_narrative"": 1, ""derive:l7_env_risk_appetite"": 1, ""futu"": 1, ""derive:l7_mood_fomo"": 1, ""derive:l8_industry_demand_supply"": 1, ""derive:l8_industry_price_war"": 1, ""derive:l8_val_priced_in"": 1}",company,L2.newbiz.commercialization;L2.newbiz.revenue_contrib;L2.newbiz.tam;L2.newbiz.uncertainty;L2.newbiz.valuation_contrib,L10.val.expansion_compression;L11.long.business_model;L11.long.compete_moat;L11.long.industry_space;L11.long.margin;L11.long.score;L11.mid.eps_upward;L11.mid.margin_guidance;L11.mid.orders_revenue;L11.mid.score;L11.mode;L11.short.event_impact;L11.short.flow_boost;L11.short.score;L11.short.sentiment_shift;L11.short.technical;L11.trade.signal;L6.mult.pb;L6.mult.pe;L6.path.second_derivative;L6.path.tag;L6.sens.cashflow;L6.sens.growth_margin;L6.sens.rates;L6.sens.risk_narrative;L7.env.risk_appetite;L7.market.l2_quote;L7.mood.fomo;L7.trade.volume_turnover;L8.industry.demand_supply;L8.industry.price_war;L8.val.priced_in,
03606.HK,福耀玻璃,HK,EXPORT_MFG,59,1,5,51,2,0,32,0,38,250,15.20,"{""derive:l10_val_expansion_compression"": 1, ""derive:bootstrap_l11_subscore"": 11, ""derive:l11_long_score"": 1, ""derive:l11_mid_score"": 1, ""derive:l11_mode"": 1, ""derive:l11_short_score"": 1, ""derive:l11_trade_signal"": 1, ""futu:snapshot"": 3, ""derive:l6_path_second_derivative"": 1, ""derive:l6_path_tag"": 1, ""derive:l6_sens_cashflow"": 1, ""derive:l6_sens_growth_margin"": 1, ""derive:l6_sens_rates"": 1, ""derive:l6_sens_risk_narrative"": 1, ""derive:l7_env_risk_appetite"": 1, ""futu"": 1, ""derive:l7_mood_fomo"": 1, ""derive:l8_industry_demand_supply"": 1, ""derive:l8_industry_price_war"": 1, ""derive:l8_val_priced_in"": 1}",company,L2.newbiz.commercialization;L2.newbiz.revenue_contrib;L2.newbiz.tam;L2.newbiz.uncertainty;L2.newbiz.valuation_contrib,L10.val.expansion_compression;L11.long.business_model;L11.long.compete_moat;L11.long.industry_space;L11.long.margin;L11.long.score;L11.mid.eps_upward;L11.mid.margin_guidance;L11.mid.orders_revenue;L11.mid.score;L11.mode;L11.short.event_impact;L11.short.flow_boost;L11.short.score;L11.short.sentiment_shift;L11.short.technical;L11.trade.signal;L6.mult.pb;L6.mult.pe;L6.path.second_derivative;L6.path.tag;L6.sens.cashflow;L6.sens.growth_margin;L6.sens.rates;L6.sens.risk_narrative;L7.env.risk_appetite;L7.market.l2_quote;L7.mood.fomo;L7.trade.volume_turnover;L8.industry.demand_supply;L8.industry.price_war;L8.val.priced_in,
03690.HK,美团-W,HK,DOMESTIC_CONSUMPTION|HK_CN_INTERNET,59,1,5,51,2,0,32,0,38,250,15.20,"{""derive:l10_val_expansion_compression"": 1, ""derive:bootstrap_l11_subscore"": 11, ""derive:l11_long_score"": 1, ""derive:l11_mid_score"": 1, ""derive:l11_mode"": 1, ""derive:l11_short_score"": 1, ""derive:l11_trade_signal"": 1, ""futu:snapshot"": 3, ""derive:l6_path_second_derivative"": 1, ""derive:l6_path_tag"": 1, ""derive:l6_sens_cashflow"": 1, ""derive:l6_sens_growth_margin"": 1, ""derive:l6_sens_rates"": 1, ""derive:l6_sens_risk_narrative"": 1, ""derive:l7_env_risk_appetite"": 1, ""futu"": 1, ""derive:l7_mood_fomo"": 1, ""derive:l8_industry_demand_supply"": 1, ""derive:l8_industry_price_war"": 1, ""derive:l8_val_priced_in"": 1}",company,L2.newbiz.commercialization;L2.newbiz.revenue_contrib;L2.newbiz.tam;L2.newbiz.uncertainty;L2.newbiz.valuation_contrib,L10.val.expansion_compression;L11.long.business_model;L11.long.compete_moat;L11.long.industry_space;L11.long.margin;L11.long.score;L11.mid.eps_upward;L11.mid.margin_guidance;L11.mid.orders_revenue;L11.mid.score;L11.mode;L11.short.event_impact;L11.short.flow_boost;L11.short.score;L11.short.sentiment_shift;L11.short.technical;L11.trade.signal;L6.mult.pb;L6.mult.pe;L6.path.second_derivative;L6.path.tag;L6.sens.cashflow;L6.sens.growth_margin;L6.sens.rates;L6.sens.risk_narrative;L7.env.risk_appetite;L7.market.l2_quote;L7.mood.fomo;L7.trade.volume_turnover;L8.industry.demand_supply;L8.industry.price_war;L8.val.priced_in,
03692.HK,翰森制药,HK,INNOVATIVE_PHARMA,59,1,5,51,2,0,32,0,38,250,15.20,"{""derive:l10_val_expansion_compression"": 1, ""derive:bootstrap_l11_subscore"": 11, ""derive:l11_long_score"": 1, ""derive:l11_mid_score"": 1, ""derive:l11_mode"": 1, ""derive:l11_short_score"": 1, ""derive:l11_trade_signal"": 1, ""futu:snapshot"": 3, ""derive:l6_path_second_derivative"": 1, ""derive:l6_path_tag"": 1, ""derive:l6_sens_cashflow"": 1, ""derive:l6_sens_growth_margin"": 1, ""derive:l6_sens_rates"": 1, ""derive:l6_sens_risk_narrative"": 1, ""derive:l7_env_risk_appetite"": 1, ""futu"": 1, ""derive:l7_mood_fomo"": 1, ""derive:l8_industry_demand_supply"": 1, ""derive:l8_industry_price_war"": 1, ""derive:l8_val_priced_in"": 1}",company,L2.newbiz.commercialization;L2.newbiz.revenue_contrib;L2.newbiz.tam;L2.newbiz.uncertainty;L2.newbiz.valuation_contrib,L10.val.expansion_compression;L11.long.business_model;L11.long.compete_moat;L11.long.industry_space;L11.long.margin;L11.long.score;L11.mid.eps_upward;L11.mid.margin_guidance;L11.mid.orders_revenue;L11.mid.score;L11.mode;L11.short.event_impact;L11.short.flow_boost;L11.short.score;L11.short.sentiment_shift;L11.short.technical;L11.trade.signal;L6.mult.pb;L6.mult.pe;L6.path.second_derivative;L6.path.tag;L6.sens.cashflow;L6.sens.growth_margin;L6.sens.rates;L6.sens.risk_narrative;L7.env.risk_appetite;L7.market.l2_quote;L7.mood.fomo;L7.trade.volume_turnover;L8.industry.demand_supply;L8.industry.price_war;L8.val.priced_in,
03750.HK,宁德时代-H,HK,STORAGE_GRID,59,1,5,51,2,0,32,0,38,250,15.20,"{""derive:l10_val_expansion_compression"": 1, ""derive:bootstrap_l11_subscore"": 11, ""derive:l11_long_score"": 1, ""derive:l11_mid_score"": 1, ""derive:l11_mode"": 1, ""derive:l11_short_score"": 1, ""derive:l11_trade_signal"": 1, ""futu:snapshot"": 3, ""derive:l6_path_second_derivative"": 1, ""derive:l6_path_tag"": 1, ""derive:l6_sens_cashflow"": 1, ""derive:l6_sens_growth_margin"": 1, ""derive:l6_sens_rates"": 1, ""derive:l6_sens_risk_narrative"": 1, ""derive:l7_env_risk_appetite"": 1, ""futu"": 1, ""derive:l7_mood_fomo"": 1, ""derive:l8_industry_demand_supply"": 1, ""derive:l8_industry_price_war"": 1, ""derive:l8_val_priced_in"": 1}",company,L2.newbiz.commercialization;L2.newbiz.revenue_contrib;L2.newbiz.tam;L2.newbiz.uncertainty;L2.newbiz.valuation_contrib,L10.val.expansion_compression;L11.long.business_model;L11.long.compete_moat;L11.long.industry_space;L11.long.margin;L11.long.score;L11.mid.eps_upward;L11.mid.margin_guidance;L11.mid.orders_revenue;L11.mid.score;L11.mode;L11.short.event_impact;L11.short.flow_boost;L11.short.score;L11.short.sentiment_shift;L11.short.technical;L11.trade.signal;L6.mult.pb;L6.mult.pe;L6.path.second_derivative;L6.path.tag;L6.sens.cashflow;L6.sens.growth_margin;L6.sens.rates;L6.sens.risk_narrative;L7.env.risk_appetite;L7.market.l2_quote;L7.mood.fomo;L7.trade.volume_turnover;L8.industry.demand_supply;L8.industry.price_war;L8.val.priced_in,
03800.HK,协鑫科技,HK,STORAGE_GRID,59,1,5,51,2,0,32,0,38,250,15.20,"{""derive:l10_val_expansion_compression"": 1, ""derive:bootstrap_l11_subscore"": 11, ""derive:l11_long_score"": 1, ""derive:l11_mid_score"": 1, ""derive:l11_mode"": 1, ""derive:l11_short_score"": 1, ""derive:l11_trade_signal"": 1, ""futu:snapshot"": 3, ""derive:l6_path_second_derivative"": 1, ""derive:l6_path_tag"": 1, ""derive:l6_sens_cashflow"": 1, ""derive:l6_sens_growth_margin"": 1, ""derive:l6_sens_rates"": 1, ""derive:l6_sens_risk_narrative"": 1, ""derive:l7_env_risk_appetite"": 1, ""futu"": 1, ""derive:l7_mood_fomo"": 1, ""derive:l8_industry_demand_supply"": 1, ""derive:l8_industry_price_war"": 1, ""derive:l8_val_priced_in"": 1}",company,L2.newbiz.commercialization;L2.newbiz.revenue_contrib;L2.newbiz.tam;L2.newbiz.uncertainty;L2.newbiz.valuation_contrib,L10.val.expansion_compression;L11.long.business_model;L11.long.compete_moat;L11.long.industry_space;L11.long.margin;L11.long.score;L11.mid.eps_upward;L11.mid.margin_guidance;L11.mid.orders_revenue;L11.mid.score;L11.mode;L11.short.event_impact;L11.short.flow_boost;L11.short.score;L11.short.sentiment_shift;L11.short.technical;L11.trade.signal;L6.mult.pb;L6.mult.pe;L6.path.second_derivative;L6.path.tag;L6.sens.cashflow;L6.sens.growth_margin;L6.sens.rates;L6.sens.risk_narrative;L7.env.risk_appetite;L7.market.l2_quote;L7.mood.fomo;L7.trade.volume_turnover;L8.industry.demand_supply;L8.industry.price_war;L8.val.priced_in,
03931.HK,中创新航,HK,STORAGE_GRID,59,1,5,51,2,0,32,0,38,250,15.20,"{""derive:l10_val_expansion_compression"": 1, ""derive:bootstrap_l11_subscore"": 11, ""derive:l11_long_score"": 1, ""derive:l11_mid_score"": 1, ""derive:l11_mode"": 1, ""derive:l11_short_score"": 1, ""derive:l11_trade_signal"": 1, ""futu:snapshot"": 3, ""derive:l6_path_second_derivative"": 1, ""derive:l6_path_tag"": 1, ""derive:l6_sens_cashflow"": 1, ""derive:l6_sens_growth_margin"": 1, ""derive:l6_sens_rates"": 1, ""derive:l6_sens_risk_narrative"": 1, ""derive:l7_env_risk_appetite"": 1, ""futu"": 1, ""derive:l7_mood_fomo"": 1, ""derive:l8_industry_demand_supply"": 1, ""derive:l8_industry_price_war"": 1, ""derive:l8_val_priced_in"": 1}",company,L2.newbiz.commercialization;L2.newbiz.revenue_contrib;L2.newbiz.tam;L2.newbiz.uncertainty;L2.newbiz.valuation_contrib,L10.val.expansion_compression;L11.long.business_model;L11.long.compete_moat;L11.long.industry_space;L11.long.margin;L11.long.score;L11.mid.eps_upward;L11.mid.margin_guidance;L11.mid.orders_revenue;L11.mid.score;L11.mode;L11.short.event_impact;L11.short.flow_boost;L11.short.score;L11.short.sentiment_shift;L11.short.technical;L11.trade.signal;L6.mult.pb;L6.mult.pe;L6.path.second_derivative;L6.path.tag;L6.sens.cashflow;L6.sens.growth_margin;L6.sens.rates;L6.sens.risk_narrative;L7.env.risk_appetite;L7.market.l2_quote;L7.mood.fomo;L7.trade.volume_turnover;L8.industry.demand_supply;L8.industry.price_war;L8.val.priced_in,
03968.HK,招商银行,HK,FINANCIAL_HIGH_DIVIDEND,59,1,5,51,2,0,32,0,38,250,15.20,"{""derive:l10_val_expansion_compression"": 1, ""derive:bootstrap_l11_subscore"": 11, ""derive:l11_long_score"": 1, ""derive:l11_mid_score"": 1, ""derive:l11_mode"": 1, ""derive:l11_short_score"": 1, ""derive:l11_trade_signal"": 1, ""futu:snapshot"": 3, ""derive:l6_path_second_derivative"": 1, ""derive:l6_path_tag"": 1, ""derive:l6_sens_cashflow"": 1, ""derive:l6_sens_growth_margin"": 1, ""derive:l6_sens_rates"": 1, ""derive:l6_sens_risk_narrative"": 1, ""derive:l7_env_risk_appetite"": 1, ""futu"": 1, ""derive:l7_mood_fomo"": 1, ""derive:l8_industry_demand_supply"": 1, ""derive:l8_industry_price_war"": 1, ""derive:l8_val_priced_in"": 1}",company,L2.newbiz.commercialization;L2.newbiz.revenue_contrib;L2.newbiz.tam;L2.newbiz.uncertainty;L2.newbiz.valuation_contrib,L10.val.expansion_compression;L11.long.business_model;L11.long.compete_moat;L11.long.industry_space;L11.long.margin;L11.long.score;L11.mid.eps_upward;L11.mid.margin_guidance;L11.mid.orders_revenue;L11.mid.score;L11.mode;L11.short.event_impact;L11.short.flow_boost;L11.short.score;L11.short.sentiment_shift;L11.short.technical;L11.trade.signal;L6.mult.pb;L6.mult.pe;L6.path.second_derivative;L6.path.tag;L6.sens.cashflow;L6.sens.growth_margin;L6.sens.rates;L6.sens.risk_narrative;L7.env.risk_appetite;L7.market.l2_quote;L7.mood.fomo;L7.trade.volume_turnover;L8.industry.demand_supply;L8.industry.price_war;L8.val.priced_in,
03993.HK,洛阳钼业,HK,NONFERROUS_METALS,59,1,5,51,2,0,32,0,38,250,15.20,"{""derive:l10_val_expansion_compression"": 1, ""derive:bootstrap_l11_subscore"": 11, ""derive:l11_long_score"": 1, ""derive:l11_mid_score"": 1, ""derive:l11_mode"": 1, ""derive:l11_short_score"": 1, ""derive:l11_trade_signal"": 1, ""futu:snapshot"": 3, ""derive:l6_path_second_derivative"": 1, ""derive:l6_path_tag"": 1, ""derive:l6_sens_cashflow"": 1, ""derive:l6_sens_growth_margin"": 1, ""derive:l6_sens_rates"": 1, ""derive:l6_sens_risk_narrative"": 1, ""derive:l7_env_risk_appetite"": 1, ""futu"": 1, ""derive:l7_mood_fomo"": 1, ""derive:l8_industry_demand_supply"": 1, ""derive:l8_industry_price_war"": 1, ""derive:l8_val_priced_in"": 1}",company,L2.newbiz.commercialization;L2.newbiz.revenue_contrib;L2.newbiz.tam;L2.newbiz.uncertainty;L2.newbiz.valuation_contrib,L10.val.expansion_compression;L11.long.business_model;L11.long.compete_moat;L11.long.industry_space;L11.long.margin;L11.long.score;L11.mid.eps_upward;L11.mid.margin_guidance;L11.mid.orders_revenue;L11.mid.score;L11.mode;L11.short.event_impact;L11.short.flow_boost;L11.short.score;L11.short.sentiment_shift;L11.short.technical;L11.trade.signal;L6.mult.pb;L6.mult.pe;L6.path.second_derivative;L6.path.tag;L6.sens.cashflow;L6.sens.growth_margin;L6.sens.rates;L6.sens.risk_narrative;L7.env.risk_appetite;L7.market.l2_quote;L7.mood.fomo;L7.trade.volume_turnover;L8.industry.demand_supply;L8.industry.price_war;L8.val.priced_in,
06030.HK,中信证券,HK,FINANCIAL_HIGH_DIVIDEND,59,1,5,51,2,0,32,0,38,250,15.20,"{""derive:l10_val_expansion_compression"": 1, ""derive:bootstrap_l11_subscore"": 11, ""derive:l11_long_score"": 1, ""derive:l11_mid_score"": 1, ""derive:l11_mode"": 1, ""derive:l11_short_score"": 1, ""derive:l11_trade_signal"": 1, ""futu:snapshot"": 3, ""derive:l6_path_second_derivative"": 1, ""derive:l6_path_tag"": 1, ""derive:l6_sens_cashflow"": 1, ""derive:l6_sens_growth_margin"": 1, ""derive:l6_sens_rates"": 1, ""derive:l6_sens_risk_narrative"": 1, ""derive:l7_env_risk_appetite"": 1, ""futu"": 1, ""derive:l7_mood_fomo"": 1, ""derive:l8_industry_demand_supply"": 1, ""derive:l8_industry_price_war"": 1, ""derive:l8_val_priced_in"": 1}",company,L2.newbiz.commercialization;L2.newbiz.revenue_contrib;L2.newbiz.tam;L2.newbiz.uncertainty;L2.newbiz.valuation_contrib,L10.val.expansion_compression;L11.long.business_model;L11.long.compete_moat;L11.long.industry_space;L11.long.margin;L11.long.score;L11.mid.eps_upward;L11.mid.margin_guidance;L11.mid.orders_revenue;L11.mid.score;L11.mode;L11.short.event_impact;L11.short.flow_boost;L11.short.score;L11.short.sentiment_shift;L11.short.technical;L11.trade.signal;L6.mult.pb;L6.mult.pe;L6.path.second_derivative;L6.path.tag;L6.sens.cashflow;L6.sens.growth_margin;L6.sens.rates;L6.sens.risk_narrative;L7.env.risk_appetite;L7.market.l2_quote;L7.mood.fomo;L7.trade.volume_turnover;L8.industry.demand_supply;L8.industry.price_war;L8.val.priced_in,
06088.HK,鸿腾精密,HK,AI_COMPUTE|CONSUMER_ELECTRONICS,59,1,5,51,2,0,33,0,39,250,15.60,"{""derive:l10_val_expansion_compression"": 1, ""derive:bootstrap_l11_subscore"": 11, ""derive:l11_long_score"": 1, ""derive:l11_mid_score"": 1, ""derive:l11_mode"": 1, ""derive:l11_short_score"": 1, ""derive:l11_trade_signal"": 1, ""futu:snapshot"": 3, ""derive:l6_path_second_derivative"": 1, ""derive:l6_path_tag"": 1, ""derive:l6_sens_cashflow"": 1, ""derive:l6_sens_growth_margin"": 1, ""derive:l6_sens_rates"": 1, ""derive:l6_sens_risk_narrative"": 1, ""derive:l7_env_risk_appetite"": 1, ""futu:capital_flow"": 1, ""futu"": 1, ""derive:l7_mood_fomo"": 1, ""derive:l8_industry_demand_supply"": 1, ""derive:l8_industry_price_war"": 1, ""derive:l8_val_priced_in"": 1}",company,L2.newbiz.commercialization;L2.newbiz.revenue_contrib;L2.newbiz.tam;L2.newbiz.uncertainty;L2.newbiz.valuation_contrib,L10.val.expansion_compression;L11.long.business_model;L11.long.compete_moat;L11.long.industry_space;L11.long.margin;L11.long.score;L11.mid.eps_upward;L11.mid.margin_guidance;L11.mid.orders_revenue;L11.mid.score;L11.mode;L11.short.event_impact;L11.short.flow_boost;L11.short.score;L11.short.sentiment_shift;L11.short.technical;L11.trade.signal;L6.mult.pb;L6.mult.pe;L6.path.second_derivative;L6.path.tag;L6.sens.cashflow;L6.sens.growth_margin;L6.sens.rates;L6.sens.risk_narrative;L7.env.risk_appetite;L7.flow.active_inflow;L7.market.l2_quote;L7.mood.fomo;L7.trade.volume_turnover;L8.industry.demand_supply;L8.industry.price_war;L8.val.priced_in,
06160.HK,百济神州,HK,INNOVATIVE_PHARMA,59,1,5,51,2,0,32,0,38,250,15.20,"{""derive:l10_val_expansion_compression"": 1, ""derive:bootstrap_l11_subscore"": 11, ""derive:l11_long_score"": 1, ""derive:l11_mid_score"": 1, ""derive:l11_mode"": 1, ""derive:l11_short_score"": 1, ""derive:l11_trade_signal"": 1, ""futu:snapshot"": 3, ""derive:l6_path_second_derivative"": 1, ""derive:l6_path_tag"": 1, ""derive:l6_sens_cashflow"": 1, ""derive:l6_sens_growth_margin"": 1, ""derive:l6_sens_rates"": 1, ""derive:l6_sens_risk_narrative"": 1, ""derive:l7_env_risk_appetite"": 1, ""futu"": 1, ""derive:l7_mood_fomo"": 1, ""derive:l8_industry_demand_supply"": 1, ""derive:l8_industry_price_war"": 1, ""derive:l8_val_priced_in"": 1}",company,L2.newbiz.commercialization;L2.newbiz.revenue_contrib;L2.newbiz.tam;L2.newbiz.uncertainty;L2.newbiz.valuation_contrib,L10.val.expansion_compression;L11.long.business_model;L11.long.compete_moat;L11.long.industry_space;L11.long.margin;L11.long.score;L11.mid.eps_upward;L11.mid.margin_guidance;L11.mid.orders_revenue;L11.mid.score;L11.mode;L11.short.event_impact;L11.short.flow_boost;L11.short.score;L11.short.sentiment_shift;L11.short.technical;L11.trade.signal;L6.mult.pb;L6.mult.pe;L6.path.second_derivative;L6.path.tag;L6.sens.cashflow;L6.sens.growth_margin;L6.sens.rates;L6.sens.risk_narrative;L7.env.risk_appetite;L7.market.l2_quote;L7.mood.fomo;L7.trade.volume_turnover;L8.industry.demand_supply;L8.industry.price_war;L8.val.priced_in,
06690.HK,海尔智家,HK,EXPORT_MFG,59,1,5,51,2,0,32,0,38,250,15.20,"{""derive:l10_val_expansion_compression"": 1, ""derive:bootstrap_l11_subscore"": 11, ""derive:l11_long_score"": 1, ""derive:l11_mid_score"": 1, ""derive:l11_mode"": 1, ""derive:l11_short_score"": 1, ""derive:l11_trade_signal"": 1, ""futu:snapshot"": 3, ""derive:l6_path_second_derivative"": 1, ""derive:l6_path_tag"": 1, ""derive:l6_sens_cashflow"": 1, ""derive:l6_sens_growth_margin"": 1, ""derive:l6_sens_rates"": 1, ""derive:l6_sens_risk_narrative"": 1, ""derive:l7_env_risk_appetite"": 1, ""futu"": 1, ""derive:l7_mood_fomo"": 1, ""derive:l8_industry_demand_supply"": 1, ""derive:l8_industry_price_war"": 1, ""derive:l8_val_priced_in"": 1}",company,L2.newbiz.commercialization;L2.newbiz.revenue_contrib;L2.newbiz.tam;L2.newbiz.uncertainty;L2.newbiz.valuation_contrib,L10.val.expansion_compression;L11.long.business_model;L11.long.compete_moat;L11.long.industry_space;L11.long.margin;L11.long.score;L11.mid.eps_upward;L11.mid.margin_guidance;L11.mid.orders_revenue;L11.mid.score;L11.mode;L11.short.event_impact;L11.short.flow_boost;L11.short.score;L11.short.sentiment_shift;L11.short.technical;L11.trade.signal;L6.mult.pb;L6.mult.pe;L6.path.second_derivative;L6.path.tag;L6.sens.cashflow;L6.sens.growth_margin;L6.sens.rates;L6.sens.risk_narrative;L7.env.risk_appetite;L7.market.l2_quote;L7.mood.fomo;L7.trade.volume_turnover;L8.industry.demand_supply;L8.industry.price_war;L8.val.priced_in,
06862.HK,海底捞,HK,DOMESTIC_CONSUMPTION,59,1,5,51,2,0,32,0,38,250,15.20,"{""derive:l10_val_expansion_compression"": 1, ""derive:bootstrap_l11_subscore"": 11, ""derive:l11_long_score"": 1, ""derive:l11_mid_score"": 1, ""derive:l11_mode"": 1, ""derive:l11_short_score"": 1, ""derive:l11_trade_signal"": 1, ""futu:snapshot"": 3, ""derive:l6_path_second_derivative"": 1, ""derive:l6_path_tag"": 1, ""derive:l6_sens_cashflow"": 1, ""derive:l6_sens_growth_margin"": 1, ""derive:l6_sens_rates"": 1, ""derive:l6_sens_risk_narrative"": 1, ""derive:l7_env_risk_appetite"": 1, ""futu"": 1, ""derive:l7_mood_fomo"": 1, ""derive:l8_industry_demand_supply"": 1, ""derive:l8_industry_price_war"": 1, ""derive:l8_val_priced_in"": 1}",company,L2.newbiz.commercialization;L2.newbiz.revenue_contrib;L2.newbiz.tam;L2.newbiz.uncertainty;L2.newbiz.valuation_contrib,L10.val.expansion_compression;L11.long.business_model;L11.long.compete_moat;L11.long.industry_space;L11.long.margin;L11.long.score;L11.mid.eps_upward;L11.mid.margin_guidance;L11.mid.orders_revenue;L11.mid.score;L11.mode;L11.short.event_impact;L11.short.flow_boost;L11.short.score;L11.short.sentiment_shift;L11.short.technical;L11.trade.signal;L6.mult.pb;L6.mult.pe;L6.path.second_derivative;L6.path.tag;L6.sens.cashflow;L6.sens.growth_margin;L6.sens.rates;L6.sens.risk_narrative;L7.env.risk_appetite;L7.market.l2_quote;L7.mood.fomo;L7.trade.volume_turnover;L8.industry.demand_supply;L8.industry.price_war;L8.val.priced_in,
09618.HK,京东集团-SW,HK,HK_CN_INTERNET,59,1,5,51,2,0,32,0,38,250,15.20,"{""derive:l10_val_expansion_compression"": 1, ""derive:bootstrap_l11_subscore"": 11, ""derive:l11_long_score"": 1, ""derive:l11_mid_score"": 1, ""derive:l11_mode"": 1, ""derive:l11_short_score"": 1, ""derive:l11_trade_signal"": 1, ""futu:snapshot"": 3, ""derive:l6_path_second_derivative"": 1, ""derive:l6_path_tag"": 1, ""derive:l6_sens_cashflow"": 1, ""derive:l6_sens_growth_margin"": 1, ""derive:l6_sens_rates"": 1, ""derive:l6_sens_risk_narrative"": 1, ""derive:l7_env_risk_appetite"": 1, ""futu"": 1, ""derive:l7_mood_fomo"": 1, ""derive:l8_industry_demand_supply"": 1, ""derive:l8_industry_price_war"": 1, ""derive:l8_val_priced_in"": 1}",company,L2.newbiz.commercialization;L2.newbiz.revenue_contrib;L2.newbiz.tam;L2.newbiz.uncertainty;L2.newbiz.valuation_contrib,L10.val.expansion_compression;L11.long.business_model;L11.long.compete_moat;L11.long.industry_space;L11.long.margin;L11.long.score;L11.mid.eps_upward;L11.mid.margin_guidance;L11.mid.orders_revenue;L11.mid.score;L11.mode;L11.short.event_impact;L11.short.flow_boost;L11.short.score;L11.short.sentiment_shift;L11.short.technical;L11.trade.signal;L6.mult.pb;L6.mult.pe;L6.path.second_derivative;L6.path.tag;L6.sens.cashflow;L6.sens.growth_margin;L6.sens.rates;L6.sens.risk_narrative;L7.env.risk_appetite;L7.market.l2_quote;L7.mood.fomo;L7.trade.volume_turnover;L8.industry.demand_supply;L8.industry.price_war;L8.val.priced_in,
09626.HK,哔哩哔哩-W,HK,HK_CN_INTERNET,59,1,5,51,2,0,32,0,38,250,15.20,"{""derive:l10_val_expansion_compression"": 1, ""derive:bootstrap_l11_subscore"": 11, ""derive:l11_long_score"": 1, ""derive:l11_mid_score"": 1, ""derive:l11_mode"": 1, ""derive:l11_short_score"": 1, ""derive:l11_trade_signal"": 1, ""futu:snapshot"": 3, ""derive:l6_path_second_derivative"": 1, ""derive:l6_path_tag"": 1, ""derive:l6_sens_cashflow"": 1, ""derive:l6_sens_growth_margin"": 1, ""derive:l6_sens_rates"": 1, ""derive:l6_sens_risk_narrative"": 1, ""derive:l7_env_risk_appetite"": 1, ""futu"": 1, ""derive:l7_mood_fomo"": 1, ""derive:l8_industry_demand_supply"": 1, ""derive:l8_industry_price_war"": 1, ""derive:l8_val_priced_in"": 1}",company,L2.newbiz.commercialization;L2.newbiz.revenue_contrib;L2.newbiz.tam;L2.newbiz.uncertainty;L2.newbiz.valuation_contrib,L10.val.expansion_compression;L11.long.business_model;L11.long.compete_moat;L11.long.industry_space;L11.long.margin;L11.long.score;L11.mid.eps_upward;L11.mid.margin_guidance;L11.mid.orders_revenue;L11.mid.score;L11.mode;L11.short.event_impact;L11.short.flow_boost;L11.short.score;L11.short.sentiment_shift;L11.short.technical;L11.trade.signal;L6.mult.pb;L6.mult.pe;L6.path.second_derivative;L6.path.tag;L6.sens.cashflow;L6.sens.growth_margin;L6.sens.rates;L6.sens.risk_narrative;L7.env.risk_appetite;L7.market.l2_quote;L7.mood.fomo;L7.trade.volume_turnover;L8.industry.demand_supply;L8.industry.price_war;L8.val.priced_in,
09660.HK,地平线机器人-W,HK,ROBOTICS,59,1,5,51,2,0,32,0,38,250,15.20,"{""derive:l10_val_expansion_compression"": 1, ""derive:bootstrap_l11_subscore"": 11, ""derive:l11_long_score"": 1, ""derive:l11_mid_score"": 1, ""derive:l11_mode"": 1, ""derive:l11_short_score"": 1, ""derive:l11_trade_signal"": 1, ""futu:snapshot"": 3, ""derive:l6_path_second_derivative"": 1, ""derive:l6_path_tag"": 1, ""derive:l6_sens_cashflow"": 1, ""derive:l6_sens_growth_margin"": 1, ""derive:l6_sens_rates"": 1, ""derive:l6_sens_risk_narrative"": 1, ""derive:l7_env_risk_appetite"": 1, ""futu"": 1, ""derive:l7_mood_fomo"": 1, ""derive:l8_industry_demand_supply"": 1, ""derive:l8_industry_price_war"": 1, ""derive:l8_val_priced_in"": 1}",company,L2.newbiz.commercialization;L2.newbiz.revenue_contrib;L2.newbiz.tam;L2.newbiz.uncertainty;L2.newbiz.valuation_contrib,L10.val.expansion_compression;L11.long.business_model;L11.long.compete_moat;L11.long.industry_space;L11.long.margin;L11.long.score;L11.mid.eps_upward;L11.mid.margin_guidance;L11.mid.orders_revenue;L11.mid.score;L11.mode;L11.short.event_impact;L11.short.flow_boost;L11.short.score;L11.short.sentiment_shift;L11.short.technical;L11.trade.signal;L6.mult.pb;L6.mult.pe;L6.path.second_derivative;L6.path.tag;L6.sens.cashflow;L6.sens.growth_margin;L6.sens.rates;L6.sens.risk_narrative;L7.env.risk_appetite;L7.market.l2_quote;L7.mood.fomo;L7.trade.volume_turnover;L8.industry.demand_supply;L8.industry.price_war;L8.val.priced_in,
09696.HK,天齐锂业,HK,NONFERROUS_METALS,59,1,5,51,2,0,32,0,38,250,15.20,"{""derive:l10_val_expansion_compression"": 1, ""derive:bootstrap_l11_subscore"": 11, ""derive:l11_long_score"": 1, ""derive:l11_mid_score"": 1, ""derive:l11_mode"": 1, ""derive:l11_short_score"": 1, ""derive:l11_trade_signal"": 1, ""futu:snapshot"": 3, ""derive:l6_path_second_derivative"": 1, ""derive:l6_path_tag"": 1, ""derive:l6_sens_cashflow"": 1, ""derive:l6_sens_growth_margin"": 1, ""derive:l6_sens_rates"": 1, ""derive:l6_sens_risk_narrative"": 1, ""derive:l7_env_risk_appetite"": 1, ""futu"": 1, ""derive:l7_mood_fomo"": 1, ""derive:l8_industry_demand_supply"": 1, ""derive:l8_industry_price_war"": 1, ""derive:l8_val_priced_in"": 1}",company,L2.newbiz.commercialization;L2.newbiz.revenue_contrib;L2.newbiz.tam;L2.newbiz.uncertainty;L2.newbiz.valuation_contrib,L10.val.expansion_compression;L11.long.business_model;L11.long.compete_moat;L11.long.industry_space;L11.long.margin;L11.long.score;L11.mid.eps_upward;L11.mid.margin_guidance;L11.mid.orders_revenue;L11.mid.score;L11.mode;L11.short.event_impact;L11.short.flow_boost;L11.short.score;L11.short.sentiment_shift;L11.short.technical;L11.trade.signal;L6.mult.pb;L6.mult.pe;L6.path.second_derivative;L6.path.tag;L6.sens.cashflow;L6.sens.growth_margin;L6.sens.rates;L6.sens.risk_narrative;L7.env.risk_appetite;L7.market.l2_quote;L7.mood.fomo;L7.trade.volume_turnover;L8.industry.demand_supply;L8.industry.price_war;L8.val.priced_in,
09868.HK,小鹏汽车,HK,EXPORT_MFG,59,1,5,51,2,0,32,0,38,250,15.20,"{""derive:l10_val_expansion_compression"": 1, ""derive:bootstrap_l11_subscore"": 11, ""derive:l11_long_score"": 1, ""derive:l11_mid_score"": 1, ""derive:l11_mode"": 1, ""derive:l11_short_score"": 1, ""derive:l11_trade_signal"": 1, ""futu:snapshot"": 3, ""derive:l6_path_second_derivative"": 1, ""derive:l6_path_tag"": 1, ""derive:l6_sens_cashflow"": 1, ""derive:l6_sens_growth_margin"": 1, ""derive:l6_sens_rates"": 1, ""derive:l6_sens_risk_narrative"": 1, ""derive:l7_env_risk_appetite"": 1, ""futu"": 1, ""derive:l7_mood_fomo"": 1, ""derive:l8_industry_demand_supply"": 1, ""derive:l8_industry_price_war"": 1, ""derive:l8_val_priced_in"": 1}",company,L2.newbiz.commercialization;L2.newbiz.revenue_contrib;L2.newbiz.tam;L2.newbiz.uncertainty;L2.newbiz.valuation_contrib,L10.val.expansion_compression;L11.long.business_model;L11.long.compete_moat;L11.long.industry_space;L11.long.margin;L11.long.score;L11.mid.eps_upward;L11.mid.margin_guidance;L11.mid.orders_revenue;L11.mid.score;L11.mode;L11.short.event_impact;L11.short.flow_boost;L11.short.score;L11.short.sentiment_shift;L11.short.technical;L11.trade.signal;L6.mult.pb;L6.mult.pe;L6.path.second_derivative;L6.path.tag;L6.sens.cashflow;L6.sens.growth_margin;L6.sens.rates;L6.sens.risk_narrative;L7.env.risk_appetite;L7.market.l2_quote;L7.mood.fomo;L7.trade.volume_turnover;L8.industry.demand_supply;L8.industry.price_war;L8.val.priced_in,
09880.HK,优必选,HK,ROBOTICS,59,1,5,51,2,0,32,0,38,250,15.20,"{""derive:l10_val_expansion_compression"": 1, ""derive:bootstrap_l11_subscore"": 11, ""derive:l11_long_score"": 1, ""derive:l11_mid_score"": 1, ""derive:l11_mode"": 1, ""derive:l11_short_score"": 1, ""derive:l11_trade_signal"": 1, ""futu:snapshot"": 3, ""derive:l6_path_second_derivative"": 1, ""derive:l6_path_tag"": 1, ""derive:l6_sens_cashflow"": 1, ""derive:l6_sens_growth_margin"": 1, ""derive:l6_sens_rates"": 1, ""derive:l6_sens_risk_narrative"": 1, ""derive:l7_env_risk_appetite"": 1, ""futu"": 1, ""derive:l7_mood_fomo"": 1, ""derive:l8_industry_demand_supply"": 1, ""derive:l8_industry_price_war"": 1, ""derive:l8_val_priced_in"": 1}",company,L2.newbiz.commercialization;L2.newbiz.revenue_contrib;L2.newbiz.tam;L2.newbiz.uncertainty;L2.newbiz.valuation_contrib,L10.val.expansion_compression;L11.long.business_model;L11.long.compete_moat;L11.long.industry_space;L11.long.margin;L11.long.score;L11.mid.eps_upward;L11.mid.margin_guidance;L11.mid.orders_revenue;L11.mid.score;L11.mode;L11.short.event_impact;L11.short.flow_boost;L11.short.score;L11.short.sentiment_shift;L11.short.technical;L11.trade.signal;L6.mult.pb;L6.mult.pe;L6.path.second_derivative;L6.path.tag;L6.sens.cashflow;L6.sens.growth_margin;L6.sens.rates;L6.sens.risk_narrative;L7.env.risk_appetite;L7.market.l2_quote;L7.mood.fomo;L7.trade.volume_turnover;L8.industry.demand_supply;L8.industry.price_war;L8.val.priced_in,
09888.HK,百度集团-SW,HK,HK_CN_INTERNET,59,1,5,51,2,0,32,0,38,250,15.20,"{""derive:l10_val_expansion_compression"": 1, ""derive:bootstrap_l11_subscore"": 11, ""derive:l11_long_score"": 1, ""derive:l11_mid_score"": 1, ""derive:l11_mode"": 1, ""derive:l11_short_score"": 1, ""derive:l11_trade_signal"": 1, ""futu:snapshot"": 3, ""derive:l6_path_second_derivative"": 1, ""derive:l6_path_tag"": 1, ""derive:l6_sens_cashflow"": 1, ""derive:l6_sens_growth_margin"": 1, ""derive:l6_sens_rates"": 1, ""derive:l6_sens_risk_narrative"": 1, ""derive:l7_env_risk_appetite"": 1, ""futu"": 1, ""derive:l7_mood_fomo"": 1, ""derive:l8_industry_demand_supply"": 1, ""derive:l8_industry_price_war"": 1, ""derive:l8_val_priced_in"": 1}",company,L2.newbiz.commercialization;L2.newbiz.revenue_contrib;L2.newbiz.tam;L2.newbiz.uncertainty;L2.newbiz.valuation_contrib,L10.val.expansion_compression;L11.long.business_model;L11.long.compete_moat;L11.long.industry_space;L11.long.margin;L11.long.score;L11.mid.eps_upward;L11.mid.margin_guidance;L11.mid.orders_revenue;L11.mid.score;L11.mode;L11.short.event_impact;L11.short.flow_boost;L11.short.score;L11.short.sentiment_shift;L11.short.technical;L11.trade.signal;L6.mult.pb;L6.mult.pe;L6.path.second_derivative;L6.path.tag;L6.sens.cashflow;L6.sens.growth_margin;L6.sens.rates;L6.sens.risk_narrative;L7.env.risk_appetite;L7.market.l2_quote;L7.mood.fomo;L7.trade.volume_turnover;L8.industry.demand_supply;L8.industry.price_war;L8.val.priced_in,
09926.HK,康方生物,HK,INNOVATIVE_PHARMA,59,1,5,51,2,0,32,0,38,250,15.20,"{""derive:l10_val_expansion_compression"": 1, ""derive:bootstrap_l11_subscore"": 11, ""derive:l11_long_score"": 1, ""derive:l11_mid_score"": 1, ""derive:l11_mode"": 1, ""derive:l11_short_score"": 1, ""derive:l11_trade_signal"": 1, ""futu:snapshot"": 3, ""derive:l6_path_second_derivative"": 1, ""derive:l6_path_tag"": 1, ""derive:l6_sens_cashflow"": 1, ""derive:l6_sens_growth_margin"": 1, ""derive:l6_sens_rates"": 1, ""derive:l6_sens_risk_narrative"": 1, ""derive:l7_env_risk_appetite"": 1, ""futu"": 1, ""derive:l7_mood_fomo"": 1, ""derive:l8_industry_demand_supply"": 1, ""derive:l8_industry_price_war"": 1, ""derive:l8_val_priced_in"": 1}",company,L2.newbiz.commercialization;L2.newbiz.revenue_contrib;L2.newbiz.tam;L2.newbiz.uncertainty;L2.newbiz.valuation_contrib,L10.val.expansion_compression;L11.long.business_model;L11.long.compete_moat;L11.long.industry_space;L11.long.margin;L11.long.score;L11.mid.eps_upward;L11.mid.margin_guidance;L11.mid.orders_revenue;L11.mid.score;L11.mode;L11.short.event_impact;L11.short.flow_boost;L11.short.score;L11.short.sentiment_shift;L11.short.technical;L11.trade.signal;L6.mult.pb;L6.mult.pe;L6.path.second_derivative;L6.path.tag;L6.sens.cashflow;L6.sens.growth_margin;L6.sens.rates;L6.sens.risk_narrative;L7.env.risk_appetite;L7.market.l2_quote;L7.mood.fomo;L7.trade.volume_turnover;L8.industry.demand_supply;L8.industry.price_war;L8.val.priced_in,
09961.HK,携程集团-S,HK,DOMESTIC_CONSUMPTION|HK_CN_INTERNET,59,1,5,51,2,0,32,0,38,250,15.20,"{""derive:l10_val_expansion_compression"": 1, ""derive:bootstrap_l11_subscore"": 11, ""derive:l11_long_score"": 1, ""derive:l11_mid_score"": 1, ""derive:l11_mode"": 1, ""derive:l11_short_score"": 1, ""derive:l11_trade_signal"": 1, ""futu:snapshot"": 3, ""derive:l6_path_second_derivative"": 1, ""derive:l6_path_tag"": 1, ""derive:l6_sens_cashflow"": 1, ""derive:l6_sens_growth_margin"": 1, ""derive:l6_sens_rates"": 1, ""derive:l6_sens_risk_narrative"": 1, ""derive:l7_env_risk_appetite"": 1, ""futu"": 1, ""derive:l7_mood_fomo"": 1, ""derive:l8_industry_demand_supply"": 1, ""derive:l8_industry_price_war"": 1, ""derive:l8_val_priced_in"": 1}",company,L2.newbiz.commercialization;L2.newbiz.revenue_contrib;L2.newbiz.tam;L2.newbiz.uncertainty;L2.newbiz.valuation_contrib,L10.val.expansion_compression;L11.long.business_model;L11.long.compete_moat;L11.long.industry_space;L11.long.margin;L11.long.score;L11.mid.eps_upward;L11.mid.margin_guidance;L11.mid.orders_revenue;L11.mid.score;L11.mode;L11.short.event_impact;L11.short.flow_boost;L11.short.score;L11.short.sentiment_shift;L11.short.technical;L11.trade.signal;L6.mult.pb;L6.mult.pe;L6.path.second_derivative;L6.path.tag;L6.sens.cashflow;L6.sens.growth_margin;L6.sens.rates;L6.sens.risk_narrative;L7.env.risk_appetite;L7.market.l2_quote;L7.mood.fomo;L7.trade.volume_turnover;L8.industry.demand_supply;L8.industry.price_war;L8.val.priced_in,
09988.HK,阿里巴巴-W,HK,HK_CN_INTERNET,59,1,5,51,2,0,32,0,38,250,15.20,"{""derive:l10_val_expansion_compression"": 1, ""derive:bootstrap_l11_subscore"": 11, ""derive:l11_long_score"": 1, ""derive:l11_mid_score"": 1, ""derive:l11_mode"": 1, ""derive:l11_short_score"": 1, ""derive:l11_trade_signal"": 1, ""futu:snapshot"": 3, ""derive:l6_path_second_derivative"": 1, ""derive:l6_path_tag"": 1, ""derive:l6_sens_cashflow"": 1, ""derive:l6_sens_growth_margin"": 1, ""derive:l6_sens_rates"": 1, ""derive:l6_sens_risk_narrative"": 1, ""derive:l7_env_risk_appetite"": 1, ""futu"": 1, ""derive:l7_mood_fomo"": 1, ""derive:l8_industry_demand_supply"": 1, ""derive:l8_industry_price_war"": 1, ""derive:l8_val_priced_in"": 1}",company,L2.newbiz.commercialization;L2.newbiz.revenue_contrib;L2.newbiz.tam;L2.newbiz.uncertainty;L2.newbiz.valuation_contrib,L10.val.expansion_compression;L11.long.business_model;L11.long.compete_moat;L11.long.industry_space;L11.long.margin;L11.long.score;L11.mid.eps_upward;L11.mid.margin_guidance;L11.mid.orders_revenue;L11.mid.score;L11.mode;L11.short.event_impact;L11.short.flow_boost;L11.short.score;L11.short.sentiment_shift;L11.short.technical;L11.trade.signal;L6.mult.pb;L6.mult.pe;L6.path.second_derivative;L6.path.tag;L6.sens.cashflow;L6.sens.growth_margin;L6.sens.rates;L6.sens.risk_narrative;L7.env.risk_appetite;L7.market.l2_quote;L7.mood.fomo;L7.trade.volume_turnover;L8.industry.demand_supply;L8.industry.price_war;L8.val.priced_in,
09995.HK,荣昌生物,HK,INNOVATIVE_PHARMA,59,1,5,51,2,0,32,0,38,250,15.20,"{""derive:l10_val_expansion_compression"": 1, ""derive:bootstrap_l11_subscore"": 11, ""derive:l11_long_score"": 1, ""derive:l11_mid_score"": 1, ""derive:l11_mode"": 1, ""derive:l11_short_score"": 1, ""derive:l11_trade_signal"": 1, ""futu:snapshot"": 3, ""derive:l6_path_second_derivative"": 1, ""derive:l6_path_tag"": 1, ""derive:l6_sens_cashflow"": 1, ""derive:l6_sens_growth_margin"": 1, ""derive:l6_sens_rates"": 1, ""derive:l6_sens_risk_narrative"": 1, ""derive:l7_env_risk_appetite"": 1, ""futu"": 1, ""derive:l7_mood_fomo"": 1, ""derive:l8_industry_demand_supply"": 1, ""derive:l8_industry_price_war"": 1, ""derive:l8_val_priced_in"": 1}",company,L2.newbiz.commercialization;L2.newbiz.revenue_contrib;L2.newbiz.tam;L2.newbiz.uncertainty;L2.newbiz.valuation_contrib,L10.val.expansion_compression;L11.long.business_model;L11.long.compete_moat;L11.long.industry_space;L11.long.margin;L11.long.score;L11.mid.eps_upward;L11.mid.margin_guidance;L11.mid.orders_revenue;L11.mid.score;L11.mode;L11.short.event_impact;L11.short.flow_boost;L11.short.score;L11.short.sentiment_shift;L11.short.technical;L11.trade.signal;L6.mult.pb;L6.mult.pe;L6.path.second_derivative;L6.path.tag;L6.sens.cashflow;L6.sens.growth_margin;L6.sens.rates;L6.sens.risk_narrative;L7.env.risk_appetite;L7.market.l2_quote;L7.mood.fomo;L7.trade.volume_turnover;L8.industry.demand_supply;L8.industry.price_war;L8.val.priced_in,
09999.HK,网易-S,HK,HK_CN_INTERNET,59,1,5,51,2,0,32,0,38,250,15.20,"{""derive:l10_val_expansion_compression"": 1, ""derive:bootstrap_l11_subscore"": 11, ""derive:l11_long_score"": 1, ""derive:l11_mid_score"": 1, ""derive:l11_mode"": 1, ""derive:l11_short_score"": 1, ""derive:l11_trade_signal"": 1, ""futu:snapshot"": 3, ""derive:l6_path_second_derivative"": 1, ""derive:l6_path_tag"": 1, ""derive:l6_sens_cashflow"": 1, ""derive:l6_sens_growth_margin"": 1, ""derive:l6_sens_rates"": 1, ""derive:l6_sens_risk_narrative"": 1, ""derive:l7_env_risk_appetite"": 1, ""futu"": 1, ""derive:l7_mood_fomo"": 1, ""derive:l8_industry_demand_supply"": 1, ""derive:l8_industry_price_war"": 1, ""derive:l8_val_priced_in"": 1}",company,L2.newbiz.commercialization;L2.newbiz.revenue_contrib;L2.newbiz.tam;L2.newbiz.uncertainty;L2.newbiz.valuation_contrib,L10.val.expansion_compression;L11.long.business_model;L11.long.compete_moat;L11.long.industry_space;L11.long.margin;L11.long.score;L11.mid.eps_upward;L11.mid.margin_guidance;L11.mid.orders_revenue;L11.mid.score;L11.mode;L11.short.event_impact;L11.short.flow_boost;L11.short.score;L11.short.sentiment_shift;L11.short.technical;L11.trade.signal;L6.mult.pb;L6.mult.pe;L6.path.second_derivative;L6.path.tag;L6.sens.cashflow;L6.sens.growth_margin;L6.sens.rates;L6.sens.risk_narrative;L7.env.risk_appetite;L7.market.l2_quote;L7.mood.fomo;L7.trade.volume_turnover;L8.industry.demand_supply;L8.industry.price_war;L8.val.priced_in,
300014.SZ,亿纬锂能,A,STORAGE_GRID,59,1,5,51,2,0,96,0,102,250,40.80,"{""derive:l10_val_expansion_compression"": 1, ""derived:pe_pb_history"": 1, ""derive:bootstrap_l11_subscore"": 11, ""derive:l11_long_score"": 1, ""derive:l11_mid_score"": 1, ""derive:l11_mode"": 1, ""derive:l11_short_score"": 1, ""derive:l11_trade_signal"": 1, ""tushare:cashflow+income.derived"": 1, ""tushare:income.derived"": 5, ""tushare:balancesheet+income.derived"": 2, ""tushare:balancesheet"": 4, ""tushare:balancesheet.derived"": 1, ""tushare:cashflow"": 5, ""tushare:fina_indicator"": 16, ""tushare:income"": 5, ""tushare:report_rc"": 1, ""tushare:daily_basic+cashflow"": 1, ""tushare:daily_basic"": 4, ""derive:l6_path_second_derivative"": 1, ""derive:l6_path_tag"": 1, ""derived:turnover_history"": 1, ""derived:price_history"": 1, ""derive:l6_sens_cashflow"": 1, ""derive:l6_sens_growth_margin"": 1, ""derive:l6_sens_rates"": 1, ""derive:l6_sens_risk_narrative"": 1, ""tushare:daily_basic.history"": 1, ""derive:l7_env_risk_appetite"": 1, ""tushare:moneyflow"": 1, ""derive:l7_mood_fomo"": 1, ""akshare:stock_hot_rank_em+keyword"": 1, ""akshare:stock_hot_keyword_em"": 1, ""tushare:margin_detail"": 1, ""tushare:cashflow+income+balancesheet.derived"": 1, ""tushare:balancesheet+fina_indicator.derived"": 2, ""tushare:stk_holdertrade|alias→L8.gov.insider_sell"": 1, ""tushare:stk_managers|alias→L8.gov.management_change"": 1, ""derive:l8_industry_demand_supply"": 1, ""derive:l8_industry_price_war"": 1, ""derived:from_quantile"": 1, ""derive:l8_val_priced_in"": 1, ""tushare:dividend"": 1, ""tushare:forecast"": 1, ""tushare:stk_managers"": 1, ""tushare:stk_holdertrade"": 3, ""akshare:stock_individual_notice_report"": 1, ""akshare:em_news"": 1, ""akshare:xq_hot"": 1}",company,L2.newbiz.commercialization;L2.newbiz.revenue_contrib;L2.newbiz.tam;L2.newbiz.uncertainty;L2.newbiz.valuation_contrib,L10.val.expansion_compression;L10.val.historical_quantile;L11.long.business_model;L11.long.compete_moat;L11.long.industry_space;L11.long.margin;L11.long.score;L11.mid.eps_upward;L11.mid.margin_guidance;L11.mid.orders_revenue;L11.mid.score;L11.mode;L11.short.event_impact;L11.short.flow_boost;L11.short.score;L11.short.sentiment_shift;L11.short.technical;L11.trade.signal;L4.cost.labor;L4.cost.raw_material;L4.eff.cycle;L4.eff.turnover;L5.bs.ar_ap;L5.bs.cash_debt;L5.bs.goodwill_ppe;L5.bs.inventory;L5.bs.leverage;L5.cf.buyback_dividend;L5.cf.capex;L5.cf.fcf;L5.cf.icf_fcf;L5.cf.ocf;L5.fina.asset_turnover;L5.fina.bps;L5.fina.cfps;L5.fina.debt_ratio;L5.fina.eps;L5.fina.gross_margin;L5.fina.net_margin;L5.fina.net_profit_yoy;L5.fina.ocf_quality;L5.fina.profit_yoy_q;L5.fina.revenue_yoy;L5.fina.revenue_yoy_q;L5.fina.roa;L5.fina.roe;L5.fina.total_revenue_yoy;L5.fina.working_capital;L5.is.eps;L5.is.gross_margin;L5.is.gross_profit;L5.is.margins;L5.is.net_profit;L5.is.operating_profit;L5.is.revenue;L5.is.revenue_growth;L5.is.sga_rd;L5.surprise.sell_side;L6.mult.mcap_fcf;L6.mult.pb;L6.mult.pe;L6.mult.ps;L6.path.second_derivative;L6.path.tag;L6.priced.crowdedness;L6.priced.run_up;L6.sens.cashflow;L6.sens.growth_margin;L6.sens.rates;L6.sens.risk_narrative;L6.state.historical_percentile;L7.env.risk_appetite;L7.flow.active_inflow;L7.mood.fomo;L7.mood.media_social;L7.mood.theme;L7.trade.margin_short;L7.trade.volume_turnover;L8.fin.cash_ar;L8.fin.debt_pressure;L8.gov.insider_sell;L8.gov.management_change;L8.industry.demand_supply;L8.industry.price_war;L8.op.inventory_glut;L8.val.overvalued;L8.val.priced_in;L9.company.buyback_dividend;L9.company.earnings_guidance;L9.company.mgmt_litigation;L9.event.holder_trade_signal;L9.event.intraday_announcement;L9.event.intraday_news;L9.event.major_holder_decrease;L9.event.major_holder_increase;L9.media.social_buzz,
300024.SZ,机器人,A,ROBOTICS,59,1,5,51,2,0,94,0,100,250,40.00,"{""derive:l10_val_expansion_compression"": 1, ""derived:pe_pb_history"": 1, ""derive:bootstrap_l11_subscore"": 11, ""derive:l11_long_score"": 1, ""derive:l11_mid_score"": 1, ""derive:l11_mode"": 1, ""derive:l11_short_score"": 1, ""derive:l11_trade_signal"": 1, ""tushare:cashflow+income.derived"": 1, ""tushare:income.derived"": 5, ""tushare:balancesheet+income.derived"": 2, ""tushare:balancesheet"": 3, ""tushare:balancesheet.derived"": 1, ""tushare:cashflow"": 5, ""tushare:fina_indicator"": 16, ""tushare:income"": 5, ""tushare:report_rc"": 1, ""tushare:daily_basic+cashflow"": 1, ""tushare:daily_basic"": 3, ""derive:l6_path_second_derivative"": 1, ""derive:l6_path_tag"": 1, ""derived:turnover_history"": 1, ""derived:price_history"": 1, ""derive:l6_sens_cashflow"": 1, ""derive:l6_sens_growth_margin"": 1, ""derive:l6_sens_rates"": 1, ""derive:l6_sens_risk_narrative"": 1, ""tushare:daily_basic.history"": 1, ""derive:l7_env_risk_appetite"": 1, ""tushare:moneyflow"": 1, ""derive:l7_mood_fomo"": 1, ""akshare:stock_hot_rank_em+keyword"": 1, ""akshare:stock_hot_keyword_em"": 1, ""tushare:margin_detail"": 1, ""tushare:cashflow+income+balancesheet.derived"": 1, ""tushare:balancesheet+fina_indicator.derived"": 2, ""tushare:stk_holdertrade|alias→L8.gov.insider_sell"": 1, ""tushare:stk_managers|alias→L8.gov.management_change"": 1, ""derive:l8_industry_demand_supply"": 1, ""derive:l8_industry_price_war"": 1, ""derived:from_quantile"": 1, ""derive:l8_val_priced_in"": 1, ""tushare:dividend"": 1, ""tushare:forecast"": 1, ""tushare:stk_managers"": 1, ""tushare:stk_holdertrade"": 3, ""akshare:stock_individual_notice_report"": 1, ""akshare:em_news"": 1, ""akshare:xq_hot"": 1}",company,L2.newbiz.commercialization;L2.newbiz.revenue_contrib;L2.newbiz.tam;L2.newbiz.uncertainty;L2.newbiz.valuation_contrib,L10.val.expansion_compression;L10.val.historical_quantile;L11.long.business_model;L11.long.compete_moat;L11.long.industry_space;L11.long.margin;L11.long.score;L11.mid.eps_upward;L11.mid.margin_guidance;L11.mid.orders_revenue;L11.mid.score;L11.mode;L11.short.event_impact;L11.short.flow_boost;L11.short.score;L11.short.sentiment_shift;L11.short.technical;L11.trade.signal;L4.cost.labor;L4.cost.raw_material;L4.eff.cycle;L4.eff.turnover;L5.bs.ar_ap;L5.bs.cash_debt;L5.bs.inventory;L5.bs.leverage;L5.cf.buyback_dividend;L5.cf.capex;L5.cf.fcf;L5.cf.icf_fcf;L5.cf.ocf;L5.fina.asset_turnover;L5.fina.bps;L5.fina.cfps;L5.fina.debt_ratio;L5.fina.eps;L5.fina.gross_margin;L5.fina.net_margin;L5.fina.net_profit_yoy;L5.fina.ocf_quality;L5.fina.profit_yoy_q;L5.fina.revenue_yoy;L5.fina.revenue_yoy_q;L5.fina.roa;L5.fina.roe;L5.fina.total_revenue_yoy;L5.fina.working_capital;L5.is.eps;L5.is.gross_margin;L5.is.gross_profit;L5.is.margins;L5.is.net_profit;L5.is.operating_profit;L5.is.revenue;L5.is.revenue_growth;L5.is.sga_rd;L5.surprise.sell_side;L6.mult.mcap_fcf;L6.mult.pb;L6.mult.ps;L6.path.second_derivative;L6.path.tag;L6.priced.crowdedness;L6.priced.run_up;L6.sens.cashflow;L6.sens.growth_margin;L6.sens.rates;L6.sens.risk_narrative;L6.state.historical_percentile;L7.env.risk_appetite;L7.flow.active_inflow;L7.mood.fomo;L7.mood.media_social;L7.mood.theme;L7.trade.margin_short;L7.trade.volume_turnover;L8.fin.cash_ar;L8.fin.debt_pressure;L8.gov.insider_sell;L8.gov.management_change;L8.industry.demand_supply;L8.industry.price_war;L8.op.inventory_glut;L8.val.overvalued;L8.val.priced_in;L9.company.buyback_dividend;L9.company.earnings_guidance;L9.company.mgmt_litigation;L9.event.holder_trade_signal;L9.event.intraday_announcement;L9.event.intraday_news;L9.event.major_holder_decrease;L9.event.major_holder_increase;L9.media.social_buzz,
300033.SZ,同花顺,A,HK_CN_INTERNET,59,1,5,51,2,0,94,0,100,250,40.00,"{""derive:l10_val_expansion_compression"": 1, ""derived:pe_pb_history"": 1, ""derive:bootstrap_l11_subscore"": 11, ""derive:l11_long_score"": 1, ""derive:l11_mid_score"": 1, ""derive:l11_mode"": 1, ""derive:l11_short_score"": 1, ""derive:l11_trade_signal"": 1, ""tushare:cashflow+income.derived"": 1, ""tushare:income.derived"": 5, ""tushare:balancesheet+income.derived"": 2, ""tushare:balancesheet"": 3, ""tushare:balancesheet.derived"": 1, ""tushare:cashflow"": 4, ""tushare:fina_indicator"": 16, ""tushare:income"": 5, ""tushare:report_rc"": 1, ""tushare:daily_basic+cashflow"": 1, ""tushare:daily_basic"": 4, ""derive:l6_path_second_derivative"": 1, ""derive:l6_path_tag"": 1, ""derived:turnover_history"": 1, ""derived:price_history"": 1, ""derive:l6_sens_cashflow"": 1, ""derive:l6_sens_growth_margin"": 1, ""derive:l6_sens_rates"": 1, ""derive:l6_sens_risk_narrative"": 1, ""tushare:daily_basic.history"": 1, ""derive:l7_env_risk_appetite"": 1, ""tushare:moneyflow"": 1, ""derive:l7_mood_fomo"": 1, ""akshare:stock_hot_rank_em+keyword"": 1, ""akshare:stock_hot_keyword_em"": 1, ""tushare:margin_detail"": 1, ""tushare:cashflow+income+balancesheet.derived"": 1, ""tushare:balancesheet+fina_indicator.derived"": 2, ""tushare:stk_holdertrade|alias→L8.gov.insider_sell"": 1, ""tushare:stk_managers|alias→L8.gov.management_change"": 1, ""derive:l8_industry_demand_supply"": 1, ""derive:l8_industry_price_war"": 1, ""derived:from_quantile"": 1, ""derive:l8_val_priced_in"": 1, ""tushare:dividend"": 1, ""tushare:forecast"": 1, ""tushare:stk_managers"": 1, ""tushare:stk_holdertrade"": 3, ""akshare:stock_individual_notice_report"": 1, ""akshare:em_news"": 1, ""akshare:xq_hot"": 1}",company,L2.newbiz.commercialization;L2.newbiz.revenue_contrib;L2.newbiz.tam;L2.newbiz.uncertainty;L2.newbiz.valuation_contrib,L10.val.expansion_compression;L10.val.historical_quantile;L11.long.business_model;L11.long.compete_moat;L11.long.industry_space;L11.long.margin;L11.long.score;L11.mid.eps_upward;L11.mid.margin_guidance;L11.mid.orders_revenue;L11.mid.score;L11.mode;L11.short.event_impact;L11.short.flow_boost;L11.short.score;L11.short.sentiment_shift;L11.short.technical;L11.trade.signal;L4.cost.labor;L4.cost.raw_material;L4.eff.cycle;L4.eff.turnover;L5.bs.ar_ap;L5.bs.cash_debt;L5.bs.goodwill_ppe;L5.bs.leverage;L5.cf.capex;L5.cf.fcf;L5.cf.icf_fcf;L5.cf.ocf;L5.fina.asset_turnover;L5.fina.bps;L5.fina.cfps;L5.fina.debt_ratio;L5.fina.eps;L5.fina.gross_margin;L5.fina.net_margin;L5.fina.net_profit_yoy;L5.fina.ocf_quality;L5.fina.profit_yoy_q;L5.fina.revenue_yoy;L5.fina.revenue_yoy_q;L5.fina.roa;L5.fina.roe;L5.fina.total_revenue_yoy;L5.fina.working_capital;L5.is.eps;L5.is.gross_margin;L5.is.gross_profit;L5.is.margins;L5.is.net_profit;L5.is.operating_profit;L5.is.revenue;L5.is.revenue_growth;L5.is.sga_rd;L5.surprise.sell_side;L6.mult.mcap_fcf;L6.mult.pb;L6.mult.pe;L6.mult.ps;L6.path.second_derivative;L6.path.tag;L6.priced.crowdedness;L6.priced.run_up;L6.sens.cashflow;L6.sens.growth_margin;L6.sens.rates;L6.sens.risk_narrative;L6.state.historical_percentile;L7.env.risk_appetite;L7.flow.active_inflow;L7.mood.fomo;L7.mood.media_social;L7.mood.theme;L7.trade.margin_short;L7.trade.volume_turnover;L8.fin.cash_ar;L8.fin.debt_pressure;L8.gov.insider_sell;L8.gov.management_change;L8.industry.demand_supply;L8.industry.price_war;L8.op.inventory_glut;L8.val.overvalued;L8.val.priced_in;L9.company.buyback_dividend;L9.company.earnings_guidance;L9.company.mgmt_litigation;L9.event.holder_trade_signal;L9.event.intraday_announcement;L9.event.intraday_news;L9.event.major_holder_decrease;L9.event.major_holder_increase;L9.media.social_buzz,
300059.SZ,东方财富,A,FINANCIAL_HIGH_DIVIDEND|HK_CN_INTERNET,59,1,5,51,2,0,95,0,101,250,40.40,"{""derive:l10_val_expansion_compression"": 1, ""derived:pe_pb_history"": 1, ""derive:bootstrap_l11_subscore"": 11, ""derive:l11_long_score"": 1, ""derive:l11_mid_score"": 1, ""derive:l11_mode"": 1, ""derive:l11_short_score"": 1, ""derive:l11_trade_signal"": 1, ""tushare:cashflow+income.derived"": 1, ""tushare:income.derived"": 5, ""tushare:balancesheet+income.derived"": 2, ""tushare:balancesheet"": 3, ""tushare:balancesheet.derived"": 1, ""tushare:cashflow"": 5, ""tushare:fina_indicator"": 16, ""tushare:income"": 5, ""tushare:report_rc"": 1, ""tushare:daily_basic+cashflow"": 1, ""tushare:daily_basic"": 4, ""derive:l6_path_second_derivative"": 1, ""derive:l6_path_tag"": 1, ""derived:turnover_history"": 1, ""derived:price_history"": 1, ""derive:l6_sens_cashflow"": 1, ""derive:l6_sens_growth_margin"": 1, ""derive:l6_sens_rates"": 1, ""derive:l6_sens_risk_narrative"": 1, ""tushare:daily_basic.history"": 1, ""derive:l7_env_risk_appetite"": 1, ""tushare:moneyflow"": 1, ""derive:l7_mood_fomo"": 1, ""akshare:stock_hot_rank_em+keyword"": 1, ""akshare:stock_hot_keyword_em"": 1, ""tushare:margin_detail"": 1, ""tushare:cashflow+income+balancesheet.derived"": 1, ""tushare:balancesheet+fina_indicator.derived"": 2, ""tushare:stk_holdertrade|alias→L8.gov.insider_sell"": 1, ""tushare:stk_managers|alias→L8.gov.management_change"": 1, ""derive:l8_industry_demand_supply"": 1, ""derive:l8_industry_price_war"": 1, ""derived:from_quantile"": 1, ""derive:l8_val_priced_in"": 1, ""tushare:dividend"": 1, ""tushare:forecast"": 1, ""tushare:stk_managers"": 1, ""tushare:stk_holdertrade"": 3, ""akshare:stock_individual_notice_report"": 1, ""akshare:em_news"": 1, ""akshare:xq_hot"": 1}",company,L2.newbiz.commercialization;L2.newbiz.revenue_contrib;L2.newbiz.tam;L2.newbiz.uncertainty;L2.newbiz.valuation_contrib,L10.val.expansion_compression;L10.val.historical_quantile;L11.long.business_model;L11.long.compete_moat;L11.long.industry_space;L11.long.margin;L11.long.score;L11.mid.eps_upward;L11.mid.margin_guidance;L11.mid.orders_revenue;L11.mid.score;L11.mode;L11.short.event_impact;L11.short.flow_boost;L11.short.score;L11.short.sentiment_shift;L11.short.technical;L11.trade.signal;L4.cost.labor;L4.cost.raw_material;L4.eff.cycle;L4.eff.turnover;L5.bs.ar_ap;L5.bs.cash_debt;L5.bs.goodwill_ppe;L5.bs.leverage;L5.cf.buyback_dividend;L5.cf.capex;L5.cf.fcf;L5.cf.icf_fcf;L5.cf.ocf;L5.fina.asset_turnover;L5.fina.bps;L5.fina.cfps;L5.fina.debt_ratio;L5.fina.eps;L5.fina.gross_margin;L5.fina.net_margin;L5.fina.net_profit_yoy;L5.fina.ocf_quality;L5.fina.profit_yoy_q;L5.fina.revenue_yoy;L5.fina.revenue_yoy_q;L5.fina.roa;L5.fina.roe;L5.fina.total_revenue_yoy;L5.fina.working_capital;L5.is.eps;L5.is.gross_margin;L5.is.gross_profit;L5.is.margins;L5.is.net_profit;L5.is.operating_profit;L5.is.revenue;L5.is.revenue_growth;L5.is.sga_rd;L5.surprise.sell_side;L6.mult.mcap_fcf;L6.mult.pb;L6.mult.pe;L6.mult.ps;L6.path.second_derivative;L6.path.tag;L6.priced.crowdedness;L6.priced.run_up;L6.sens.cashflow;L6.sens.growth_margin;L6.sens.rates;L6.sens.risk_narrative;L6.state.historical_percentile;L7.env.risk_appetite;L7.flow.active_inflow;L7.mood.fomo;L7.mood.media_social;L7.mood.theme;L7.trade.margin_short;L7.trade.volume_turnover;L8.fin.cash_ar;L8.fin.debt_pressure;L8.gov.insider_sell;L8.gov.management_change;L8.industry.demand_supply;L8.industry.price_war;L8.op.inventory_glut;L8.val.overvalued;L8.val.priced_in;L9.company.buyback_dividend;L9.company.earnings_guidance;L9.company.mgmt_litigation;L9.event.holder_trade_signal;L9.event.intraday_announcement;L9.event.intraday_news;L9.event.major_holder_decrease;L9.event.major_holder_increase;L9.media.social_buzz,
300073.SZ,当升科技,A,STORAGE_GRID,59,1,5,51,2,0,95,0,101,250,40.40,"{""derive:l10_val_expansion_compression"": 1, ""derived:pe_pb_history"": 1, ""derive:bootstrap_l11_subscore"": 11, ""derive:l11_long_score"": 1, ""derive:l11_mid_score"": 1, ""derive:l11_mode"": 1, ""derive:l11_short_score"": 1, ""derive:l11_trade_signal"": 1, ""tushare:cashflow+income.derived"": 1, ""tushare:income.derived"": 5, ""tushare:balancesheet+income.derived"": 2, ""tushare:balancesheet"": 4, ""tushare:balancesheet.derived"": 1, ""tushare:cashflow"": 4, ""tushare:fina_indicator"": 16, ""tushare:income"": 5, ""tushare:report_rc"": 1, ""tushare:daily_basic+cashflow"": 1, ""tushare:daily_basic"": 4, ""derive:l6_path_second_derivative"": 1, ""derive:l6_path_tag"": 1, ""derived:turnover_history"": 1, ""derived:price_history"": 1, ""derive:l6_sens_cashflow"": 1, ""derive:l6_sens_growth_margin"": 1, ""derive:l6_sens_rates"": 1, ""derive:l6_sens_risk_narrative"": 1, ""tushare:daily_basic.history"": 1, ""derive:l7_env_risk_appetite"": 1, ""tushare:moneyflow"": 1, ""derive:l7_mood_fomo"": 1, ""akshare:stock_hot_rank_em+keyword"": 1, ""akshare:stock_hot_keyword_em"": 1, ""tushare:margin_detail"": 1, ""tushare:cashflow+income+balancesheet.derived"": 1, ""tushare:balancesheet+fina_indicator.derived"": 2, ""tushare:stk_holdertrade|alias→L8.gov.insider_sell"": 1, ""tushare:stk_managers|alias→L8.gov.management_change"": 1, ""derive:l8_industry_demand_supply"": 1, ""derive:l8_industry_price_war"": 1, ""derived:from_quantile"": 1, ""derive:l8_val_priced_in"": 1, ""tushare:dividend"": 1, ""tushare:forecast"": 1, ""tushare:stk_managers"": 1, ""tushare:stk_holdertrade"": 3, ""akshare:stock_individual_notice_report"": 1, ""akshare:em_news"": 1, ""akshare:xq_hot"": 1}",company,L2.newbiz.commercialization;L2.newbiz.revenue_contrib;L2.newbiz.tam;L2.newbiz.uncertainty;L2.newbiz.valuation_contrib,L10.val.expansion_compression;L10.val.historical_quantile;L11.long.business_model;L11.long.compete_moat;L11.long.industry_space;L11.long.margin;L11.long.score;L11.mid.eps_upward;L11.mid.margin_guidance;L11.mid.orders_revenue;L11.mid.score;L11.mode;L11.short.event_impact;L11.short.flow_boost;L11.short.score;L11.short.sentiment_shift;L11.short.technical;L11.trade.signal;L4.cost.labor;L4.cost.raw_material;L4.eff.cycle;L4.eff.turnover;L5.bs.ar_ap;L5.bs.cash_debt;L5.bs.goodwill_ppe;L5.bs.inventory;L5.bs.leverage;L5.cf.capex;L5.cf.fcf;L5.cf.icf_fcf;L5.cf.ocf;L5.fina.asset_turnover;L5.fina.bps;L5.fina.cfps;L5.fina.debt_ratio;L5.fina.eps;L5.fina.gross_margin;L5.fina.net_margin;L5.fina.net_profit_yoy;L5.fina.ocf_quality;L5.fina.profit_yoy_q;L5.fina.revenue_yoy;L5.fina.revenue_yoy_q;L5.fina.roa;L5.fina.roe;L5.fina.total_revenue_yoy;L5.fina.working_capital;L5.is.eps;L5.is.gross_margin;L5.is.gross_profit;L5.is.margins;L5.is.net_profit;L5.is.operating_profit;L5.is.revenue;L5.is.revenue_growth;L5.is.sga_rd;L5.surprise.sell_side;L6.mult.mcap_fcf;L6.mult.pb;L6.mult.pe;L6.mult.ps;L6.path.second_derivative;L6.path.tag;L6.priced.crowdedness;L6.priced.run_up;L6.sens.cashflow;L6.sens.growth_margin;L6.sens.rates;L6.sens.risk_narrative;L6.state.historical_percentile;L7.env.risk_appetite;L7.flow.active_inflow;L7.mood.fomo;L7.mood.media_social;L7.mood.theme;L7.trade.margin_short;L7.trade.volume_turnover;L8.fin.cash_ar;L8.fin.debt_pressure;L8.gov.insider_sell;L8.gov.management_change;L8.industry.demand_supply;L8.industry.price_war;L8.op.inventory_glut;L8.val.overvalued;L8.val.priced_in;L9.company.buyback_dividend;L9.company.earnings_guidance;L9.company.mgmt_litigation;L9.event.holder_trade_signal;L9.event.intraday_announcement;L9.event.intraday_news;L9.event.major_holder_decrease;L9.event.major_holder_increase;L9.media.social_buzz,
300124.SZ,汇川技术,A,ROBOTICS,59,1,5,51,2,0,96,0,102,250,40.80,"{""derive:l10_val_expansion_compression"": 1, ""derived:pe_pb_history"": 1, ""derive:bootstrap_l11_subscore"": 11, ""derive:l11_long_score"": 1, ""derive:l11_mid_score"": 1, ""derive:l11_mode"": 1, ""derive:l11_short_score"": 1, ""derive:l11_trade_signal"": 1, ""tushare:cashflow+income.derived"": 1, ""tushare:income.derived"": 5, ""tushare:balancesheet+income.derived"": 2, ""tushare:balancesheet"": 4, ""tushare:balancesheet.derived"": 1, ""tushare:cashflow"": 5, ""tushare:fina_indicator"": 16, ""tushare:income"": 5, ""tushare:report_rc"": 1, ""tushare:daily_basic+cashflow"": 1, ""tushare:daily_basic"": 4, ""derive:l6_path_second_derivative"": 1, ""derive:l6_path_tag"": 1, ""derived:turnover_history"": 1, ""derived:price_history"": 1, ""derive:l6_sens_cashflow"": 1, ""derive:l6_sens_growth_margin"": 1, ""derive:l6_sens_rates"": 1, ""derive:l6_sens_risk_narrative"": 1, ""tushare:daily_basic.history"": 1, ""derive:l7_env_risk_appetite"": 1, ""tushare:moneyflow"": 1, ""derive:l7_mood_fomo"": 1, ""akshare:stock_hot_rank_em+keyword"": 1, ""akshare:stock_hot_keyword_em"": 1, ""tushare:margin_detail"": 1, ""tushare:cashflow+income+balancesheet.derived"": 1, ""tushare:balancesheet+fina_indicator.derived"": 2, ""tushare:stk_holdertrade|alias→L8.gov.insider_sell"": 1, ""tushare:stk_managers|alias→L8.gov.management_change"": 1, ""derive:l8_industry_demand_supply"": 1, ""derive:l8_industry_price_war"": 1, ""derived:from_quantile"": 1, ""derive:l8_val_priced_in"": 1, ""tushare:dividend"": 1, ""tushare:forecast"": 1, ""tushare:stk_managers"": 1, ""tushare:stk_holdertrade"": 3, ""akshare:stock_individual_notice_report"": 1, ""akshare:em_news"": 1, ""akshare:xq_hot"": 1}",company,L2.newbiz.commercialization;L2.newbiz.revenue_contrib;L2.newbiz.tam;L2.newbiz.uncertainty;L2.newbiz.valuation_contrib,L10.val.expansion_compression;L10.val.historical_quantile;L11.long.business_model;L11.long.compete_moat;L11.long.industry_space;L11.long.margin;L11.long.score;L11.mid.eps_upward;L11.mid.margin_guidance;L11.mid.orders_revenue;L11.mid.score;L11.mode;L11.short.event_impact;L11.short.flow_boost;L11.short.score;L11.short.sentiment_shift;L11.short.technical;L11.trade.signal;L4.cost.labor;L4.cost.raw_material;L4.eff.cycle;L4.eff.turnover;L5.bs.ar_ap;L5.bs.cash_debt;L5.bs.goodwill_ppe;L5.bs.inventory;L5.bs.leverage;L5.cf.buyback_dividend;L5.cf.capex;L5.cf.fcf;L5.cf.icf_fcf;L5.cf.ocf;L5.fina.asset_turnover;L5.fina.bps;L5.fina.cfps;L5.fina.debt_ratio;L5.fina.eps;L5.fina.gross_margin;L5.fina.net_margin;L5.fina.net_profit_yoy;L5.fina.ocf_quality;L5.fina.profit_yoy_q;L5.fina.revenue_yoy;L5.fina.revenue_yoy_q;L5.fina.roa;L5.fina.roe;L5.fina.total_revenue_yoy;L5.fina.working_capital;L5.is.eps;L5.is.gross_margin;L5.is.gross_profit;L5.is.margins;L5.is.net_profit;L5.is.operating_profit;L5.is.revenue;L5.is.revenue_growth;L5.is.sga_rd;L5.surprise.sell_side;L6.mult.mcap_fcf;L6.mult.pb;L6.mult.pe;L6.mult.ps;L6.path.second_derivative;L6.path.tag;L6.priced.crowdedness;L6.priced.run_up;L6.sens.cashflow;L6.sens.growth_margin;L6.sens.rates;L6.sens.risk_narrative;L6.state.historical_percentile;L7.env.risk_appetite;L7.flow.active_inflow;L7.mood.fomo;L7.mood.media_social;L7.mood.theme;L7.trade.margin_short;L7.trade.volume_turnover;L8.fin.cash_ar;L8.fin.debt_pressure;L8.gov.insider_sell;L8.gov.management_change;L8.industry.demand_supply;L8.industry.price_war;L8.op.inventory_glut;L8.val.overvalued;L8.val.priced_in;L9.company.buyback_dividend;L9.company.earnings_guidance;L9.company.mgmt_litigation;L9.event.holder_trade_signal;L9.event.intraday_announcement;L9.event.intraday_news;L9.event.major_holder_decrease;L9.event.major_holder_increase;L9.media.social_buzz,
300144.SZ,宋城演艺,A,DOMESTIC_CONSUMPTION,59,1,5,51,2,0,96,0,102,250,40.80,"{""derive:l10_val_expansion_compression"": 1, ""derived:pe_pb_history"": 1, ""derive:bootstrap_l11_subscore"": 11, ""derive:l11_long_score"": 1, ""derive:l11_mid_score"": 1, ""derive:l11_mode"": 1, ""derive:l11_short_score"": 1, ""derive:l11_trade_signal"": 1, ""tushare:cashflow+income.derived"": 1, ""tushare:income.derived"": 5, ""tushare:balancesheet+income.derived"": 2, ""tushare:balancesheet"": 4, ""tushare:balancesheet.derived"": 1, ""tushare:cashflow"": 5, ""tushare:fina_indicator"": 16, ""tushare:income"": 5, ""tushare:report_rc"": 1, ""tushare:daily_basic+cashflow"": 1, ""tushare:daily_basic"": 4, ""derive:l6_path_second_derivative"": 1, ""derive:l6_path_tag"": 1, ""derived:turnover_history"": 1, ""derived:price_history"": 1, ""derive:l6_sens_cashflow"": 1, ""derive:l6_sens_growth_margin"": 1, ""derive:l6_sens_rates"": 1, ""derive:l6_sens_risk_narrative"": 1, ""tushare:daily_basic.history"": 1, ""derive:l7_env_risk_appetite"": 1, ""tushare:moneyflow"": 1, ""derive:l7_mood_fomo"": 1, ""akshare:stock_hot_rank_em+keyword"": 1, ""akshare:stock_hot_keyword_em"": 1, ""tushare:margin_detail"": 1, ""tushare:cashflow+income+balancesheet.derived"": 1, ""tushare:balancesheet+fina_indicator.derived"": 2, ""tushare:stk_holdertrade|alias→L8.gov.insider_sell"": 1, ""tushare:stk_managers|alias→L8.gov.management_change"": 1, ""derive:l8_industry_demand_supply"": 1, ""derive:l8_industry_price_war"": 1, ""derived:from_quantile"": 1, ""derive:l8_val_priced_in"": 1, ""tushare:dividend"": 1, ""tushare:forecast"": 1, ""tushare:stk_managers"": 1, ""tushare:stk_holdertrade"": 3, ""akshare:stock_individual_notice_report"": 1, ""akshare:em_news"": 1, ""akshare:xq_hot"": 1}",company,L2.newbiz.commercialization;L2.newbiz.revenue_contrib;L2.newbiz.tam;L2.newbiz.uncertainty;L2.newbiz.valuation_contrib,L10.val.expansion_compression;L10.val.historical_quantile;L11.long.business_model;L11.long.compete_moat;L11.long.industry_space;L11.long.margin;L11.long.score;L11.mid.eps_upward;L11.mid.margin_guidance;L11.mid.orders_revenue;L11.mid.score;L11.mode;L11.short.event_impact;L11.short.flow_boost;L11.short.score;L11.short.sentiment_shift;L11.short.technical;L11.trade.signal;L4.cost.labor;L4.cost.raw_material;L4.eff.cycle;L4.eff.turnover;L5.bs.ar_ap;L5.bs.cash_debt;L5.bs.goodwill_ppe;L5.bs.inventory;L5.bs.leverage;L5.cf.buyback_dividend;L5.cf.capex;L5.cf.fcf;L5.cf.icf_fcf;L5.cf.ocf;L5.fina.asset_turnover;L5.fina.bps;L5.fina.cfps;L5.fina.debt_ratio;L5.fina.eps;L5.fina.gross_margin;L5.fina.net_margin;L5.fina.net_profit_yoy;L5.fina.ocf_quality;L5.fina.profit_yoy_q;L5.fina.revenue_yoy;L5.fina.revenue_yoy_q;L5.fina.roa;L5.fina.roe;L5.fina.total_revenue_yoy;L5.fina.working_capital;L5.is.eps;L5.is.gross_margin;L5.is.gross_profit;L5.is.margins;L5.is.net_profit;L5.is.operating_profit;L5.is.revenue;L5.is.revenue_growth;L5.is.sga_rd;L5.surprise.sell_side;L6.mult.mcap_fcf;L6.mult.pb;L6.mult.pe;L6.mult.ps;L6.path.second_derivative;L6.path.tag;L6.priced.crowdedness;L6.priced.run_up;L6.sens.cashflow;L6.sens.growth_margin;L6.sens.rates;L6.sens.risk_narrative;L6.state.historical_percentile;L7.env.risk_appetite;L7.flow.active_inflow;L7.mood.fomo;L7.mood.media_social;L7.mood.theme;L7.trade.margin_short;L7.trade.volume_turnover;L8.fin.cash_ar;L8.fin.debt_pressure;L8.gov.insider_sell;L8.gov.management_change;L8.industry.demand_supply;L8.industry.price_war;L8.op.inventory_glut;L8.val.overvalued;L8.val.priced_in;L9.company.buyback_dividend;L9.company.earnings_guidance;L9.company.mgmt_litigation;L9.event.holder_trade_signal;L9.event.intraday_announcement;L9.event.intraday_news;L9.event.major_holder_decrease;L9.event.major_holder_increase;L9.media.social_buzz,
300274.SZ,阳光电源,A,STORAGE_GRID,59,1,5,51,2,0,96,0,102,250,40.80,"{""derive:l10_val_expansion_compression"": 1, ""derived:pe_pb_history"": 1, ""derive:bootstrap_l11_subscore"": 11, ""derive:l11_long_score"": 1, ""derive:l11_mid_score"": 1, ""derive:l11_mode"": 1, ""derive:l11_short_score"": 1, ""derive:l11_trade_signal"": 1, ""tushare:cashflow+income.derived"": 1, ""tushare:income.derived"": 5, ""tushare:balancesheet+income.derived"": 2, ""tushare:balancesheet"": 4, ""tushare:balancesheet.derived"": 1, ""tushare:cashflow"": 5, ""tushare:fina_indicator"": 16, ""tushare:income"": 5, ""tushare:report_rc"": 1, ""tushare:daily_basic+cashflow"": 1, ""tushare:daily_basic"": 4, ""derive:l6_path_second_derivative"": 1, ""derive:l6_path_tag"": 1, ""derived:turnover_history"": 1, ""derived:price_history"": 1, ""derive:l6_sens_cashflow"": 1, ""derive:l6_sens_growth_margin"": 1, ""derive:l6_sens_rates"": 1, ""derive:l6_sens_risk_narrative"": 1, ""tushare:daily_basic.history"": 1, ""derive:l7_env_risk_appetite"": 1, ""tushare:moneyflow"": 1, ""derive:l7_mood_fomo"": 1, ""akshare:stock_hot_rank_em+keyword"": 1, ""akshare:stock_hot_keyword_em"": 1, ""tushare:margin_detail"": 1, ""tushare:cashflow+income+balancesheet.derived"": 1, ""tushare:balancesheet+fina_indicator.derived"": 2, ""tushare:stk_holdertrade|alias→L8.gov.insider_sell"": 1, ""tushare:stk_managers|alias→L8.gov.management_change"": 1, ""derive:l8_industry_demand_supply"": 1, ""derive:l8_industry_price_war"": 1, ""derived:from_quantile"": 1, ""derive:l8_val_priced_in"": 1, ""tushare:dividend"": 1, ""tushare:forecast"": 1, ""tushare:stk_managers"": 1, ""tushare:stk_holdertrade"": 3, ""akshare:stock_individual_notice_report"": 1, ""akshare:em_news"": 1, ""akshare:xq_hot"": 1}",company,L2.newbiz.commercialization;L2.newbiz.revenue_contrib;L2.newbiz.tam;L2.newbiz.uncertainty;L2.newbiz.valuation_contrib,L10.val.expansion_compression;L10.val.historical_quantile;L11.long.business_model;L11.long.compete_moat;L11.long.industry_space;L11.long.margin;L11.long.score;L11.mid.eps_upward;L11.mid.margin_guidance;L11.mid.orders_revenue;L11.mid.score;L11.mode;L11.short.event_impact;L11.short.flow_boost;L11.short.score;L11.short.sentiment_shift;L11.short.technical;L11.trade.signal;L4.cost.labor;L4.cost.raw_material;L4.eff.cycle;L4.eff.turnover;L5.bs.ar_ap;L5.bs.cash_debt;L5.bs.goodwill_ppe;L5.bs.inventory;L5.bs.leverage;L5.cf.buyback_dividend;L5.cf.capex;L5.cf.fcf;L5.cf.icf_fcf;L5.cf.ocf;L5.fina.asset_turnover;L5.fina.bps;L5.fina.cfps;L5.fina.debt_ratio;L5.fina.eps;L5.fina.gross_margin;L5.fina.net_margin;L5.fina.net_profit_yoy;L5.fina.ocf_quality;L5.fina.profit_yoy_q;L5.fina.revenue_yoy;L5.fina.revenue_yoy_q;L5.fina.roa;L5.fina.roe;L5.fina.total_revenue_yoy;L5.fina.working_capital;L5.is.eps;L5.is.gross_margin;L5.is.gross_profit;L5.is.margins;L5.is.net_profit;L5.is.operating_profit;L5.is.revenue;L5.is.revenue_growth;L5.is.sga_rd;L5.surprise.sell_side;L6.mult.mcap_fcf;L6.mult.pb;L6.mult.pe;L6.mult.ps;L6.path.second_derivative;L6.path.tag;L6.priced.crowdedness;L6.priced.run_up;L6.sens.cashflow;L6.sens.growth_margin;L6.sens.rates;L6.sens.risk_narrative;L6.state.historical_percentile;L7.env.risk_appetite;L7.flow.active_inflow;L7.mood.fomo;L7.mood.media_social;L7.mood.theme;L7.trade.margin_short;L7.trade.volume_turnover;L8.fin.cash_ar;L8.fin.debt_pressure;L8.gov.insider_sell;L8.gov.management_change;L8.industry.demand_supply;L8.industry.price_war;L8.op.inventory_glut;L8.val.overvalued;L8.val.priced_in;L9.company.buyback_dividend;L9.company.earnings_guidance;L9.company.mgmt_litigation;L9.event.holder_trade_signal;L9.event.intraday_announcement;L9.event.intraday_news;L9.event.major_holder_decrease;L9.event.major_holder_increase;L9.media.social_buzz,
300308.SZ,中际旭创,A,AI_COMPUTE,59,1,5,51,2,0,96,0,102,250,40.80,"{""derive:l10_val_expansion_compression"": 1, ""derived:pe_pb_history"": 1, ""derive:bootstrap_l11_subscore"": 11, ""derive:l11_long_score"": 1, ""derive:l11_mid_score"": 1, ""derive:l11_mode"": 1, ""derive:l11_short_score"": 1, ""derive:l11_trade_signal"": 1, ""tushare:cashflow+income.derived"": 1, ""tushare:income.derived"": 5, ""tushare:balancesheet+income.derived"": 2, ""tushare:balancesheet"": 4, ""tushare:balancesheet.derived"": 1, ""tushare:cashflow"": 5, ""tushare:fina_indicator"": 16, ""tushare:income"": 5, ""tushare:report_rc"": 1, ""tushare:daily_basic+cashflow"": 1, ""tushare:daily_basic"": 4, ""derive:l6_path_second_derivative"": 1, ""derive:l6_path_tag"": 1, ""derived:turnover_history"": 1, ""derived:price_history"": 1, ""derive:l6_sens_cashflow"": 1, ""derive:l6_sens_growth_margin"": 1, ""derive:l6_sens_rates"": 1, ""derive:l6_sens_risk_narrative"": 1, ""tushare:daily_basic.history"": 1, ""derive:l7_env_risk_appetite"": 1, ""tushare:moneyflow"": 1, ""derive:l7_mood_fomo"": 1, ""akshare:stock_hot_rank_em+keyword"": 1, ""akshare:stock_hot_keyword_em"": 1, ""tushare:margin_detail"": 1, ""tushare:cashflow+income+balancesheet.derived"": 1, ""tushare:balancesheet+fina_indicator.derived"": 2, ""tushare:stk_holdertrade|alias→L8.gov.insider_sell"": 1, ""tushare:stk_managers|alias→L8.gov.management_change"": 1, ""derive:l8_industry_demand_supply"": 1, ""derive:l8_industry_price_war"": 1, ""derived:from_quantile"": 1, ""derive:l8_val_priced_in"": 1, ""tushare:dividend"": 1, ""tushare:forecast"": 1, ""tushare:stk_managers"": 1, ""tushare:stk_holdertrade"": 3, ""akshare:stock_individual_notice_report"": 1, ""akshare:em_news"": 1, ""akshare:xq_hot"": 1}",company,L2.newbiz.commercialization;L2.newbiz.revenue_contrib;L2.newbiz.tam;L2.newbiz.uncertainty;L2.newbiz.valuation_contrib,L10.val.expansion_compression;L10.val.historical_quantile;L11.long.business_model;L11.long.compete_moat;L11.long.industry_space;L11.long.margin;L11.long.score;L11.mid.eps_upward;L11.mid.margin_guidance;L11.mid.orders_revenue;L11.mid.score;L11.mode;L11.short.event_impact;L11.short.flow_boost;L11.short.score;L11.short.sentiment_shift;L11.short.technical;L11.trade.signal;L4.cost.labor;L4.cost.raw_material;L4.eff.cycle;L4.eff.turnover;L5.bs.ar_ap;L5.bs.cash_debt;L5.bs.goodwill_ppe;L5.bs.inventory;L5.bs.leverage;L5.cf.buyback_dividend;L5.cf.capex;L5.cf.fcf;L5.cf.icf_fcf;L5.cf.ocf;L5.fina.asset_turnover;L5.fina.bps;L5.fina.cfps;L5.fina.debt_ratio;L5.fina.eps;L5.fina.gross_margin;L5.fina.net_margin;L5.fina.net_profit_yoy;L5.fina.ocf_quality;L5.fina.profit_yoy_q;L5.fina.revenue_yoy;L5.fina.revenue_yoy_q;L5.fina.roa;L5.fina.roe;L5.fina.total_revenue_yoy;L5.fina.working_capital;L5.is.eps;L5.is.gross_margin;L5.is.gross_profit;L5.is.margins;L5.is.net_profit;L5.is.operating_profit;L5.is.revenue;L5.is.revenue_growth;L5.is.sga_rd;L5.surprise.sell_side;L6.mult.mcap_fcf;L6.mult.pb;L6.mult.pe;L6.mult.ps;L6.path.second_derivative;L6.path.tag;L6.priced.crowdedness;L6.priced.run_up;L6.sens.cashflow;L6.sens.growth_margin;L6.sens.rates;L6.sens.risk_narrative;L6.state.historical_percentile;L7.env.risk_appetite;L7.flow.active_inflow;L7.mood.fomo;L7.mood.media_social;L7.mood.theme;L7.trade.margin_short;L7.trade.volume_turnover;L8.fin.cash_ar;L8.fin.debt_pressure;L8.gov.insider_sell;L8.gov.management_change;L8.industry.demand_supply;L8.industry.price_war;L8.op.inventory_glut;L8.val.overvalued;L8.val.priced_in;L9.company.buyback_dividend;L9.company.earnings_guidance;L9.company.mgmt_litigation;L9.event.holder_trade_signal;L9.event.intraday_announcement;L9.event.intraday_news;L9.event.major_holder_decrease;L9.event.major_holder_increase;L9.media.social_buzz,
300346.SZ,南大光电,A,SEMI_EQUIPMENT,59,1,5,51,2,0,96,0,102,250,40.80,"{""derive:l10_val_expansion_compression"": 1, ""derived:pe_pb_history"": 1, ""derive:bootstrap_l11_subscore"": 11, ""derive:l11_long_score"": 1, ""derive:l11_mid_score"": 1, ""derive:l11_mode"": 1, ""derive:l11_short_score"": 1, ""derive:l11_trade_signal"": 1, ""tushare:cashflow+income.derived"": 1, ""tushare:income.derived"": 5, ""tushare:balancesheet+income.derived"": 2, ""tushare:balancesheet"": 4, ""tushare:balancesheet.derived"": 1, ""tushare:cashflow"": 5, ""tushare:fina_indicator"": 16, ""tushare:income"": 5, ""tushare:report_rc"": 1, ""tushare:daily_basic+cashflow"": 1, ""tushare:daily_basic"": 4, ""derive:l6_path_second_derivative"": 1, ""derive:l6_path_tag"": 1, ""derived:turnover_history"": 1, ""derived:price_history"": 1, ""derive:l6_sens_cashflow"": 1, ""derive:l6_sens_growth_margin"": 1, ""derive:l6_sens_rates"": 1, ""derive:l6_sens_risk_narrative"": 1, ""tushare:daily_basic.history"": 1, ""derive:l7_env_risk_appetite"": 1, ""tushare:moneyflow"": 1, ""derive:l7_mood_fomo"": 1, ""akshare:stock_hot_rank_em+keyword"": 1, ""akshare:stock_hot_keyword_em"": 1, ""tushare:margin_detail"": 1, ""tushare:cashflow+income+balancesheet.derived"": 1, ""tushare:balancesheet+fina_indicator.derived"": 2, ""tushare:stk_holdertrade|alias→L8.gov.insider_sell"": 1, ""tushare:stk_managers|alias→L8.gov.management_change"": 1, ""derive:l8_industry_demand_supply"": 1, ""derive:l8_industry_price_war"": 1, ""derived:from_quantile"": 1, ""derive:l8_val_priced_in"": 1, ""tushare:dividend"": 1, ""tushare:forecast"": 1, ""tushare:stk_managers"": 1, ""tushare:stk_holdertrade"": 3, ""akshare:stock_individual_notice_report"": 1, ""akshare:em_news"": 1, ""akshare:xq_hot"": 1}",company,L2.newbiz.commercialization;L2.newbiz.revenue_contrib;L2.newbiz.tam;L2.newbiz.uncertainty;L2.newbiz.valuation_contrib,L10.val.expansion_compression;L10.val.historical_quantile;L11.long.business_model;L11.long.compete_moat;L11.long.industry_space;L11.long.margin;L11.long.score;L11.mid.eps_upward;L11.mid.margin_guidance;L11.mid.orders_revenue;L11.mid.score;L11.mode;L11.short.event_impact;L11.short.flow_boost;L11.short.score;L11.short.sentiment_shift;L11.short.technical;L11.trade.signal;L4.cost.labor;L4.cost.raw_material;L4.eff.cycle;L4.eff.turnover;L5.bs.ar_ap;L5.bs.cash_debt;L5.bs.goodwill_ppe;L5.bs.inventory;L5.bs.leverage;L5.cf.buyback_dividend;L5.cf.capex;L5.cf.fcf;L5.cf.icf_fcf;L5.cf.ocf;L5.fina.asset_turnover;L5.fina.bps;L5.fina.cfps;L5.fina.debt_ratio;L5.fina.eps;L5.fina.gross_margin;L5.fina.net_margin;L5.fina.net_profit_yoy;L5.fina.ocf_quality;L5.fina.profit_yoy_q;L5.fina.revenue_yoy;L5.fina.revenue_yoy_q;L5.fina.roa;L5.fina.roe;L5.fina.total_revenue_yoy;L5.fina.working_capital;L5.is.eps;L5.is.gross_margin;L5.is.gross_profit;L5.is.margins;L5.is.net_profit;L5.is.operating_profit;L5.is.revenue;L5.is.revenue_growth;L5.is.sga_rd;L5.surprise.sell_side;L6.mult.mcap_fcf;L6.mult.pb;L6.mult.pe;L6.mult.ps;L6.path.second_derivative;L6.path.tag;L6.priced.crowdedness;L6.priced.run_up;L6.sens.cashflow;L6.sens.growth_margin;L6.sens.rates;L6.sens.risk_narrative;L6.state.historical_percentile;L7.env.risk_appetite;L7.flow.active_inflow;L7.mood.fomo;L7.mood.media_social;L7.mood.theme;L7.trade.margin_short;L7.trade.volume_turnover;L8.fin.cash_ar;L8.fin.debt_pressure;L8.gov.insider_sell;L8.gov.management_change;L8.industry.demand_supply;L8.industry.price_war;L8.op.inventory_glut;L8.val.overvalued;L8.val.priced_in;L9.company.buyback_dividend;L9.company.earnings_guidance;L9.company.mgmt_litigation;L9.event.holder_trade_signal;L9.event.intraday_announcement;L9.event.intraday_news;L9.event.major_holder_decrease;L9.event.major_holder_increase;L9.media.social_buzz,
300347.SZ,泰格医药,A,INNOVATIVE_PHARMA,59,1,5,51,2,0,96,0,102,250,40.80,"{""derive:l10_val_expansion_compression"": 1, ""derived:pe_pb_history"": 1, ""derive:bootstrap_l11_subscore"": 11, ""derive:l11_long_score"": 1, ""derive:l11_mid_score"": 1, ""derive:l11_mode"": 1, ""derive:l11_short_score"": 1, ""derive:l11_trade_signal"": 1, ""tushare:cashflow+income.derived"": 1, ""tushare:income.derived"": 5, ""tushare:balancesheet+income.derived"": 2, ""tushare:balancesheet"": 4, ""tushare:balancesheet.derived"": 1, ""tushare:cashflow"": 5, ""tushare:fina_indicator"": 16, ""tushare:income"": 5, ""tushare:report_rc"": 1, ""tushare:daily_basic+cashflow"": 1, ""tushare:daily_basic"": 4, ""derive:l6_path_second_derivative"": 1, ""derive:l6_path_tag"": 1, ""derived:turnover_history"": 1, ""derived:price_history"": 1, ""derive:l6_sens_cashflow"": 1, ""derive:l6_sens_growth_margin"": 1, ""derive:l6_sens_rates"": 1, ""derive:l6_sens_risk_narrative"": 1, ""tushare:daily_basic.history"": 1, ""derive:l7_env_risk_appetite"": 1, ""tushare:moneyflow"": 1, ""derive:l7_mood_fomo"": 1, ""akshare:stock_hot_rank_em+keyword"": 1, ""akshare:stock_hot_keyword_em"": 1, ""tushare:margin_detail"": 1, ""tushare:cashflow+income+balancesheet.derived"": 1, ""tushare:balancesheet+fina_indicator.derived"": 2, ""tushare:stk_holdertrade|alias→L8.gov.insider_sell"": 1, ""tushare:stk_managers|alias→L8.gov.management_change"": 1, ""derive:l8_industry_demand_supply"": 1, ""derive:l8_industry_price_war"": 1, ""derived:from_quantile"": 1, ""derive:l8_val_priced_in"": 1, ""tushare:dividend"": 1, ""tushare:forecast"": 1, ""tushare:stk_managers"": 1, ""tushare:stk_holdertrade"": 3, ""akshare:stock_individual_notice_report"": 1, ""akshare:em_news"": 1, ""akshare:xq_hot"": 1}",company,L2.newbiz.commercialization;L2.newbiz.revenue_contrib;L2.newbiz.tam;L2.newbiz.uncertainty;L2.newbiz.valuation_contrib,L10.val.expansion_compression;L10.val.historical_quantile;L11.long.business_model;L11.long.compete_moat;L11.long.industry_space;L11.long.margin;L11.long.score;L11.mid.eps_upward;L11.mid.margin_guidance;L11.mid.orders_revenue;L11.mid.score;L11.mode;L11.short.event_impact;L11.short.flow_boost;L11.short.score;L11.short.sentiment_shift;L11.short.technical;L11.trade.signal;L4.cost.labor;L4.cost.raw_material;L4.eff.cycle;L4.eff.turnover;L5.bs.ar_ap;L5.bs.cash_debt;L5.bs.goodwill_ppe;L5.bs.inventory;L5.bs.leverage;L5.cf.buyback_dividend;L5.cf.capex;L5.cf.fcf;L5.cf.icf_fcf;L5.cf.ocf;L5.fina.asset_turnover;L5.fina.bps;L5.fina.cfps;L5.fina.debt_ratio;L5.fina.eps;L5.fina.gross_margin;L5.fina.net_margin;L5.fina.net_profit_yoy;L5.fina.ocf_quality;L5.fina.profit_yoy_q;L5.fina.revenue_yoy;L5.fina.revenue_yoy_q;L5.fina.roa;L5.fina.roe;L5.fina.total_revenue_yoy;L5.fina.working_capital;L5.is.eps;L5.is.gross_margin;L5.is.gross_profit;L5.is.margins;L5.is.net_profit;L5.is.operating_profit;L5.is.revenue;L5.is.revenue_growth;L5.is.sga_rd;L5.surprise.sell_side;L6.mult.mcap_fcf;L6.mult.pb;L6.mult.pe;L6.mult.ps;L6.path.second_derivative;L6.path.tag;L6.priced.crowdedness;L6.priced.run_up;L6.sens.cashflow;L6.sens.growth_margin;L6.sens.rates;L6.sens.risk_narrative;L6.state.historical_percentile;L7.env.risk_appetite;L7.flow.active_inflow;L7.mood.fomo;L7.mood.media_social;L7.mood.theme;L7.trade.margin_short;L7.trade.volume_turnover;L8.fin.cash_ar;L8.fin.debt_pressure;L8.gov.insider_sell;L8.gov.management_change;L8.industry.demand_supply;L8.industry.price_war;L8.op.inventory_glut;L8.val.overvalued;L8.val.priced_in;L9.company.buyback_dividend;L9.company.earnings_guidance;L9.company.mgmt_litigation;L9.event.holder_trade_signal;L9.event.intraday_announcement;L9.event.intraday_news;L9.event.major_holder_decrease;L9.event.major_holder_increase;L9.media.social_buzz,
300394.SZ,天孚通信,A,AI_COMPUTE,59,1,5,51,2,0,96,0,102,250,40.80,"{""derive:l10_val_expansion_compression"": 1, ""derived:pe_pb_history"": 1, ""derive:bootstrap_l11_subscore"": 11, ""derive:l11_long_score"": 1, ""derive:l11_mid_score"": 1, ""derive:l11_mode"": 1, ""derive:l11_short_score"": 1, ""derive:l11_trade_signal"": 1, ""tushare:cashflow+income.derived"": 1, ""tushare:income.derived"": 5, ""tushare:balancesheet+income.derived"": 2, ""tushare:balancesheet"": 4, ""tushare:balancesheet.derived"": 1, ""tushare:cashflow"": 4, ""tushare:fina_indicator"": 16, ""tushare:income"": 5, ""tushare:report_rc"": 1, ""tushare:daily_basic+cashflow"": 1, ""tushare:daily_basic"": 4, ""derive:l6_path_second_derivative"": 1, ""derive:l6_path_tag"": 1, ""derived:turnover_history"": 1, ""derived:price_history"": 1, ""derive:l6_sens_cashflow"": 1, ""derive:l6_sens_growth_margin"": 1, ""derive:l6_sens_rates"": 1, ""derive:l6_sens_risk_narrative"": 1, ""tushare:daily_basic.history"": 1, ""derive:l7_env_risk_appetite"": 1, ""tushare:moneyflow"": 1, ""tushare:block_trade"": 1, ""derive:l7_mood_fomo"": 1, ""akshare:stock_hot_rank_em+keyword"": 1, ""akshare:stock_hot_keyword_em"": 1, ""tushare:margin_detail"": 1, ""tushare:cashflow+income+balancesheet.derived"": 1, ""tushare:balancesheet+fina_indicator.derived"": 2, ""tushare:stk_holdertrade|alias→L8.gov.insider_sell"": 1, ""tushare:stk_managers|alias→L8.gov.management_change"": 1, ""derive:l8_industry_demand_supply"": 1, ""derive:l8_industry_price_war"": 1, ""derived:from_quantile"": 1, ""derive:l8_val_priced_in"": 1, ""tushare:dividend"": 1, ""tushare:forecast"": 1, ""tushare:stk_managers"": 1, ""tushare:stk_holdertrade"": 3, ""akshare:stock_individual_notice_report"": 1, ""akshare:em_news"": 1, ""akshare:xq_hot"": 1}",company,L2.newbiz.commercialization;L2.newbiz.revenue_contrib;L2.newbiz.tam;L2.newbiz.uncertainty;L2.newbiz.valuation_contrib,L10.val.expansion_compression;L10.val.historical_quantile;L11.long.business_model;L11.long.compete_moat;L11.long.industry_space;L11.long.margin;L11.long.score;L11.mid.eps_upward;L11.mid.margin_guidance;L11.mid.orders_revenue;L11.mid.score;L11.mode;L11.short.event_impact;L11.short.flow_boost;L11.short.score;L11.short.sentiment_shift;L11.short.technical;L11.trade.signal;L4.cost.labor;L4.cost.raw_material;L4.eff.cycle;L4.eff.turnover;L5.bs.ar_ap;L5.bs.cash_debt;L5.bs.goodwill_ppe;L5.bs.inventory;L5.bs.leverage;L5.cf.capex;L5.cf.fcf;L5.cf.icf_fcf;L5.cf.ocf;L5.fina.asset_turnover;L5.fina.bps;L5.fina.cfps;L5.fina.debt_ratio;L5.fina.eps;L5.fina.gross_margin;L5.fina.net_margin;L5.fina.net_profit_yoy;L5.fina.ocf_quality;L5.fina.profit_yoy_q;L5.fina.revenue_yoy;L5.fina.revenue_yoy_q;L5.fina.roa;L5.fina.roe;L5.fina.total_revenue_yoy;L5.fina.working_capital;L5.is.eps;L5.is.gross_margin;L5.is.gross_profit;L5.is.margins;L5.is.net_profit;L5.is.operating_profit;L5.is.revenue;L5.is.revenue_growth;L5.is.sga_rd;L5.surprise.sell_side;L6.mult.mcap_fcf;L6.mult.pb;L6.mult.pe;L6.mult.ps;L6.path.second_derivative;L6.path.tag;L6.priced.crowdedness;L6.priced.run_up;L6.sens.cashflow;L6.sens.growth_margin;L6.sens.rates;L6.sens.risk_narrative;L6.state.historical_percentile;L7.env.risk_appetite;L7.flow.active_inflow;L7.flow.block_trade;L7.mood.fomo;L7.mood.media_social;L7.mood.theme;L7.trade.margin_short;L7.trade.volume_turnover;L8.fin.cash_ar;L8.fin.debt_pressure;L8.gov.insider_sell;L8.gov.management_change;L8.industry.demand_supply;L8.industry.price_war;L8.op.inventory_glut;L8.val.overvalued;L8.val.priced_in;L9.company.buyback_dividend;L9.company.earnings_guidance;L9.company.mgmt_litigation;L9.event.holder_trade_signal;L9.event.intraday_announcement;L9.event.intraday_news;L9.event.major_holder_decrease;L9.event.major_holder_increase;L9.media.social_buzz,
300413.SZ,芒果超媒,A,HK_CN_INTERNET,59,1,5,51,2,0,95,0,101,250,40.40,"{""derive:l10_val_expansion_compression"": 1, ""derived:pe_pb_history"": 1, ""derive:bootstrap_l11_subscore"": 11, ""derive:l11_long_score"": 1, ""derive:l11_mid_score"": 1, ""derive:l11_mode"": 1, ""derive:l11_short_score"": 1, ""derive:l11_trade_signal"": 1, ""tushare:cashflow+income.derived"": 1, ""tushare:income.derived"": 5, ""tushare:balancesheet+income.derived"": 2, ""tushare:balancesheet"": 3, ""tushare:balancesheet.derived"": 1, ""tushare:cashflow"": 5, ""tushare:fina_indicator"": 16, ""tushare:income"": 5, ""tushare:report_rc"": 1, ""tushare:daily_basic+cashflow"": 1, ""tushare:daily_basic"": 4, ""derive:l6_path_second_derivative"": 1, ""derive:l6_path_tag"": 1, ""derived:turnover_history"": 1, ""derived:price_history"": 1, ""derive:l6_sens_cashflow"": 1, ""derive:l6_sens_growth_margin"": 1, ""derive:l6_sens_rates"": 1, ""derive:l6_sens_risk_narrative"": 1, ""tushare:daily_basic.history"": 1, ""derive:l7_env_risk_appetite"": 1, ""tushare:moneyflow"": 1, ""derive:l7_mood_fomo"": 1, ""akshare:stock_hot_rank_em+keyword"": 1, ""akshare:stock_hot_keyword_em"": 1, ""tushare:margin_detail"": 1, ""tushare:cashflow+income+balancesheet.derived"": 1, ""tushare:balancesheet+fina_indicator.derived"": 2, ""tushare:stk_holdertrade|alias→L8.gov.insider_sell"": 1, ""tushare:stk_managers|alias→L8.gov.management_change"": 1, ""derive:l8_industry_demand_supply"": 1, ""derive:l8_industry_price_war"": 1, ""derived:from_quantile"": 1, ""derive:l8_val_priced_in"": 1, ""tushare:dividend"": 1, ""tushare:forecast"": 1, ""tushare:stk_managers"": 1, ""tushare:stk_holdertrade"": 3, ""akshare:stock_individual_notice_report"": 1, ""akshare:em_news"": 1, ""akshare:xq_hot"": 1}",company,L2.newbiz.commercialization;L2.newbiz.revenue_contrib;L2.newbiz.tam;L2.newbiz.uncertainty;L2.newbiz.valuation_contrib,L10.val.expansion_compression;L10.val.historical_quantile;L11.long.business_model;L11.long.compete_moat;L11.long.industry_space;L11.long.margin;L11.long.score;L11.mid.eps_upward;L11.mid.margin_guidance;L11.mid.orders_revenue;L11.mid.score;L11.mode;L11.short.event_impact;L11.short.flow_boost;L11.short.score;L11.short.sentiment_shift;L11.short.technical;L11.trade.signal;L4.cost.labor;L4.cost.raw_material;L4.eff.cycle;L4.eff.turnover;L5.bs.ar_ap;L5.bs.cash_debt;L5.bs.inventory;L5.bs.leverage;L5.cf.buyback_dividend;L5.cf.capex;L5.cf.fcf;L5.cf.icf_fcf;L5.cf.ocf;L5.fina.asset_turnover;L5.fina.bps;L5.fina.cfps;L5.fina.debt_ratio;L5.fina.eps;L5.fina.gross_margin;L5.fina.net_margin;L5.fina.net_profit_yoy;L5.fina.ocf_quality;L5.fina.profit_yoy_q;L5.fina.revenue_yoy;L5.fina.revenue_yoy_q;L5.fina.roa;L5.fina.roe;L5.fina.total_revenue_yoy;L5.fina.working_capital;L5.is.eps;L5.is.gross_margin;L5.is.gross_profit;L5.is.margins;L5.is.net_profit;L5.is.operating_profit;L5.is.revenue;L5.is.revenue_growth;L5.is.sga_rd;L5.surprise.sell_side;L6.mult.mcap_fcf;L6.mult.pb;L6.mult.pe;L6.mult.ps;L6.path.second_derivative;L6.path.tag;L6.priced.crowdedness;L6.priced.run_up;L6.sens.cashflow;L6.sens.growth_margin;L6.sens.rates;L6.sens.risk_narrative;L6.state.historical_percentile;L7.env.risk_appetite;L7.flow.active_inflow;L7.mood.fomo;L7.mood.media_social;L7.mood.theme;L7.trade.margin_short;L7.trade.volume_turnover;L8.fin.cash_ar;L8.fin.debt_pressure;L8.gov.insider_sell;L8.gov.management_change;L8.industry.demand_supply;L8.industry.price_war;L8.op.inventory_glut;L8.val.overvalued;L8.val.priced_in;L9.company.buyback_dividend;L9.company.earnings_guidance;L9.company.mgmt_litigation;L9.event.holder_trade_signal;L9.event.intraday_announcement;L9.event.intraday_news;L9.event.major_holder_decrease;L9.event.major_holder_increase;L9.media.social_buzz,
300418.SZ,昆仑万维,A,HK_CN_INTERNET,59,1,5,51,2,0,95,0,101,250,40.40,"{""derive:l10_val_expansion_compression"": 1, ""derived:pe_pb_history"": 1, ""derive:bootstrap_l11_subscore"": 11, ""derive:l11_long_score"": 1, ""derive:l11_mid_score"": 1, ""derive:l11_mode"": 1, ""derive:l11_short_score"": 1, ""derive:l11_trade_signal"": 1, ""tushare:cashflow+income.derived"": 1, ""tushare:income.derived"": 5, ""tushare:balancesheet+income.derived"": 2, ""tushare:balancesheet"": 4, ""tushare:balancesheet.derived"": 1, ""tushare:cashflow"": 5, ""tushare:fina_indicator"": 16, ""tushare:income"": 5, ""tushare:report_rc"": 1, ""tushare:daily_basic+cashflow"": 1, ""tushare:daily_basic"": 3, ""derive:l6_path_second_derivative"": 1, ""derive:l6_path_tag"": 1, ""derived:turnover_history"": 1, ""derived:price_history"": 1, ""derive:l6_sens_cashflow"": 1, ""derive:l6_sens_growth_margin"": 1, ""derive:l6_sens_rates"": 1, ""derive:l6_sens_risk_narrative"": 1, ""tushare:daily_basic.history"": 1, ""derive:l7_env_risk_appetite"": 1, ""tushare:moneyflow"": 1, ""derive:l7_mood_fomo"": 1, ""akshare:stock_hot_rank_em+keyword"": 1, ""akshare:stock_hot_keyword_em"": 1, ""tushare:margin_detail"": 1, ""tushare:cashflow+income+balancesheet.derived"": 1, ""tushare:balancesheet+fina_indicator.derived"": 2, ""tushare:stk_holdertrade|alias→L8.gov.insider_sell"": 1, ""tushare:stk_managers|alias→L8.gov.management_change"": 1, ""derive:l8_industry_demand_supply"": 1, ""derive:l8_industry_price_war"": 1, ""derived:from_quantile"": 1, ""derive:l8_val_priced_in"": 1, ""tushare:dividend"": 1, ""tushare:forecast"": 1, ""tushare:stk_managers"": 1, ""tushare:stk_holdertrade"": 3, ""akshare:stock_individual_notice_report"": 1, ""akshare:em_news"": 1, ""akshare:xq_hot"": 1}",company,L2.newbiz.commercialization;L2.newbiz.revenue_contrib;L2.newbiz.tam;L2.newbiz.uncertainty;L2.newbiz.valuation_contrib,L10.val.expansion_compression;L10.val.historical_quantile;L11.long.business_model;L11.long.compete_moat;L11.long.industry_space;L11.long.margin;L11.long.score;L11.mid.eps_upward;L11.mid.margin_guidance;L11.mid.orders_revenue;L11.mid.score;L11.mode;L11.short.event_impact;L11.short.flow_boost;L11.short.score;L11.short.sentiment_shift;L11.short.technical;L11.trade.signal;L4.cost.labor;L4.cost.raw_material;L4.eff.cycle;L4.eff.turnover;L5.bs.ar_ap;L5.bs.cash_debt;L5.bs.goodwill_ppe;L5.bs.inventory;L5.bs.leverage;L5.cf.buyback_dividend;L5.cf.capex;L5.cf.fcf;L5.cf.icf_fcf;L5.cf.ocf;L5.fina.asset_turnover;L5.fina.bps;L5.fina.cfps;L5.fina.debt_ratio;L5.fina.eps;L5.fina.gross_margin;L5.fina.net_margin;L5.fina.net_profit_yoy;L5.fina.ocf_quality;L5.fina.profit_yoy_q;L5.fina.revenue_yoy;L5.fina.revenue_yoy_q;L5.fina.roa;L5.fina.roe;L5.fina.total_revenue_yoy;L5.fina.working_capital;L5.is.eps;L5.is.gross_margin;L5.is.gross_profit;L5.is.margins;L5.is.net_profit;L5.is.operating_profit;L5.is.revenue;L5.is.revenue_growth;L5.is.sga_rd;L5.surprise.sell_side;L6.mult.mcap_fcf;L6.mult.pb;L6.mult.ps;L6.path.second_derivative;L6.path.tag;L6.priced.crowdedness;L6.priced.run_up;L6.sens.cashflow;L6.sens.growth_margin;L6.sens.rates;L6.sens.risk_narrative;L6.state.historical_percentile;L7.env.risk_appetite;L7.flow.active_inflow;L7.mood.fomo;L7.mood.media_social;L7.mood.theme;L7.trade.margin_short;L7.trade.volume_turnover;L8.fin.cash_ar;L8.fin.debt_pressure;L8.gov.insider_sell;L8.gov.management_change;L8.industry.demand_supply;L8.industry.price_war;L8.op.inventory_glut;L8.val.overvalued;L8.val.priced_in;L9.company.buyback_dividend;L9.company.earnings_guidance;L9.company.mgmt_litigation;L9.event.holder_trade_signal;L9.event.intraday_announcement;L9.event.intraday_news;L9.event.major_holder_decrease;L9.event.major_holder_increase;L9.media.social_buzz,
300433.SZ,蓝思科技,A,CONSUMER_ELECTRONICS,59,1,5,51,2,0,96,0,102,250,40.80,"{""derive:l10_val_expansion_compression"": 1, ""derived:pe_pb_history"": 1, ""derive:bootstrap_l11_subscore"": 11, ""derive:l11_long_score"": 1, ""derive:l11_mid_score"": 1, ""derive:l11_mode"": 1, ""derive:l11_short_score"": 1, ""derive:l11_trade_signal"": 1, ""tushare:cashflow+income.derived"": 1, ""tushare:income.derived"": 5, ""tushare:balancesheet+income.derived"": 2, ""tushare:balancesheet"": 4, ""tushare:balancesheet.derived"": 1, ""tushare:cashflow"": 5, ""tushare:fina_indicator"": 16, ""tushare:income"": 5, ""tushare:report_rc"": 1, ""tushare:daily_basic+cashflow"": 1, ""tushare:daily_basic"": 4, ""derive:l6_path_second_derivative"": 1, ""derive:l6_path_tag"": 1, ""derived:turnover_history"": 1, ""derived:price_history"": 1, ""derive:l6_sens_cashflow"": 1, ""derive:l6_sens_growth_margin"": 1, ""derive:l6_sens_rates"": 1, ""derive:l6_sens_risk_narrative"": 1, ""tushare:daily_basic.history"": 1, ""derive:l7_env_risk_appetite"": 1, ""tushare:moneyflow"": 1, ""derive:l7_mood_fomo"": 1, ""akshare:stock_hot_rank_em+keyword"": 1, ""akshare:stock_hot_keyword_em"": 1, ""tushare:margin_detail"": 1, ""tushare:cashflow+income+balancesheet.derived"": 1, ""tushare:balancesheet+fina_indicator.derived"": 2, ""tushare:stk_holdertrade|alias→L8.gov.insider_sell"": 1, ""tushare:stk_managers|alias→L8.gov.management_change"": 1, ""derive:l8_industry_demand_supply"": 1, ""derive:l8_industry_price_war"": 1, ""derived:from_quantile"": 1, ""derive:l8_val_priced_in"": 1, ""tushare:dividend"": 1, ""tushare:forecast"": 1, ""tushare:stk_managers"": 1, ""tushare:stk_holdertrade"": 3, ""akshare:stock_individual_notice_report"": 1, ""akshare:em_news"": 1, ""akshare:xq_hot"": 1}",company,L2.newbiz.commercialization;L2.newbiz.revenue_contrib;L2.newbiz.tam;L2.newbiz.uncertainty;L2.newbiz.valuation_contrib,L10.val.expansion_compression;L10.val.historical_quantile;L11.long.business_model;L11.long.compete_moat;L11.long.industry_space;L11.long.margin;L11.long.score;L11.mid.eps_upward;L11.mid.margin_guidance;L11.mid.orders_revenue;L11.mid.score;L11.mode;L11.short.event_impact;L11.short.flow_boost;L11.short.score;L11.short.sentiment_shift;L11.short.technical;L11.trade.signal;L4.cost.labor;L4.cost.raw_material;L4.eff.cycle;L4.eff.turnover;L5.bs.ar_ap;L5.bs.cash_debt;L5.bs.goodwill_ppe;L5.bs.inventory;L5.bs.leverage;L5.cf.buyback_dividend;L5.cf.capex;L5.cf.fcf;L5.cf.icf_fcf;L5.cf.ocf;L5.fina.asset_turnover;L5.fina.bps;L5.fina.cfps;L5.fina.debt_ratio;L5.fina.eps;L5.fina.gross_margin;L5.fina.net_margin;L5.fina.net_profit_yoy;L5.fina.ocf_quality;L5.fina.profit_yoy_q;L5.fina.revenue_yoy;L5.fina.revenue_yoy_q;L5.fina.roa;L5.fina.roe;L5.fina.total_revenue_yoy;L5.fina.working_capital;L5.is.eps;L5.is.gross_margin;L5.is.gross_profit;L5.is.margins;L5.is.net_profit;L5.is.operating_profit;L5.is.revenue;L5.is.revenue_growth;L5.is.sga_rd;L5.surprise.sell_side;L6.mult.mcap_fcf;L6.mult.pb;L6.mult.pe;L6.mult.ps;L6.path.second_derivative;L6.path.tag;L6.priced.crowdedness;L6.priced.run_up;L6.sens.cashflow;L6.sens.growth_margin;L6.sens.rates;L6.sens.risk_narrative;L6.state.historical_percentile;L7.env.risk_appetite;L7.flow.active_inflow;L7.mood.fomo;L7.mood.media_social;L7.mood.theme;L7.trade.margin_short;L7.trade.volume_turnover;L8.fin.cash_ar;L8.fin.debt_pressure;L8.gov.insider_sell;L8.gov.management_change;L8.industry.demand_supply;L8.industry.price_war;L8.op.inventory_glut;L8.val.overvalued;L8.val.priced_in;L9.company.buyback_dividend;L9.company.earnings_guidance;L9.company.mgmt_litigation;L9.event.holder_trade_signal;L9.event.intraday_announcement;L9.event.intraday_news;L9.event.major_holder_decrease;L9.event.major_holder_increase;L9.media.social_buzz,
300476.SZ,胜宏科技,A,CONSUMER_ELECTRONICS,59,1,5,51,2,0,97,0,103,250,41.20,"{""derive:l10_val_expansion_compression"": 1, ""derived:pe_pb_history"": 1, ""derive:bootstrap_l11_subscore"": 11, ""derive:l11_long_score"": 1, ""derive:l11_mid_score"": 1, ""derive:l11_mode"": 1, ""derive:l11_short_score"": 1, ""derive:l11_trade_signal"": 1, ""tushare:cashflow+income.derived"": 1, ""tushare:income.derived"": 5, ""tushare:balancesheet+income.derived"": 2, ""tushare:balancesheet"": 4, ""tushare:balancesheet.derived"": 1, ""tushare:cashflow"": 5, ""tushare:fina_indicator"": 16, ""tushare:income"": 5, ""tushare:report_rc"": 1, ""tushare:daily_basic+cashflow"": 1, ""tushare:daily_basic"": 4, ""derive:l6_path_second_derivative"": 1, ""derive:l6_path_tag"": 1, ""derived:turnover_history"": 1, ""derived:price_history"": 1, ""derive:l6_sens_cashflow"": 1, ""derive:l6_sens_growth_margin"": 1, ""derive:l6_sens_rates"": 1, ""derive:l6_sens_risk_narrative"": 1, ""tushare:daily_basic.history"": 1, ""derive:l7_env_risk_appetite"": 1, ""tushare:moneyflow"": 1, ""tushare:block_trade"": 1, ""derive:l7_mood_fomo"": 1, ""akshare:stock_hot_rank_em+keyword"": 1, ""akshare:stock_hot_keyword_em"": 1, ""tushare:margin_detail"": 1, ""tushare:cashflow+income+balancesheet.derived"": 1, ""tushare:balancesheet+fina_indicator.derived"": 2, ""tushare:stk_holdertrade|alias→L8.gov.insider_sell"": 1, ""tushare:stk_managers|alias→L8.gov.management_change"": 1, ""derive:l8_industry_demand_supply"": 1, ""derive:l8_industry_price_war"": 1, ""derived:from_quantile"": 1, ""derive:l8_val_priced_in"": 1, ""tushare:dividend"": 1, ""tushare:forecast"": 1, ""tushare:stk_managers"": 1, ""tushare:stk_holdertrade"": 3, ""akshare:stock_individual_notice_report"": 1, ""akshare:em_news"": 1, ""akshare:xq_hot"": 1}",company,L2.newbiz.commercialization;L2.newbiz.revenue_contrib;L2.newbiz.tam;L2.newbiz.uncertainty;L2.newbiz.valuation_contrib,L10.val.expansion_compression;L10.val.historical_quantile;L11.long.business_model;L11.long.compete_moat;L11.long.industry_space;L11.long.margin;L11.long.score;L11.mid.eps_upward;L11.mid.margin_guidance;L11.mid.orders_revenue;L11.mid.score;L11.mode;L11.short.event_impact;L11.short.flow_boost;L11.short.score;L11.short.sentiment_shift;L11.short.technical;L11.trade.signal;L4.cost.labor;L4.cost.raw_material;L4.eff.cycle;L4.eff.turnover;L5.bs.ar_ap;L5.bs.cash_debt;L5.bs.goodwill_ppe;L5.bs.inventory;L5.bs.leverage;L5.cf.buyback_dividend;L5.cf.capex;L5.cf.fcf;L5.cf.icf_fcf;L5.cf.ocf;L5.fina.asset_turnover;L5.fina.bps;L5.fina.cfps;L5.fina.debt_ratio;L5.fina.eps;L5.fina.gross_margin;L5.fina.net_margin;L5.fina.net_profit_yoy;L5.fina.ocf_quality;L5.fina.profit_yoy_q;L5.fina.revenue_yoy;L5.fina.revenue_yoy_q;L5.fina.roa;L5.fina.roe;L5.fina.total_revenue_yoy;L5.fina.working_capital;L5.is.eps;L5.is.gross_margin;L5.is.gross_profit;L5.is.margins;L5.is.net_profit;L5.is.operating_profit;L5.is.revenue;L5.is.revenue_growth;L5.is.sga_rd;L5.surprise.sell_side;L6.mult.mcap_fcf;L6.mult.pb;L6.mult.pe;L6.mult.ps;L6.path.second_derivative;L6.path.tag;L6.priced.crowdedness;L6.priced.run_up;L6.sens.cashflow;L6.sens.growth_margin;L6.sens.rates;L6.sens.risk_narrative;L6.state.historical_percentile;L7.env.risk_appetite;L7.flow.active_inflow;L7.flow.block_trade;L7.mood.fomo;L7.mood.media_social;L7.mood.theme;L7.trade.margin_short;L7.trade.volume_turnover;L8.fin.cash_ar;L8.fin.debt_pressure;L8.gov.insider_sell;L8.gov.management_change;L8.industry.demand_supply;L8.industry.price_war;L8.op.inventory_glut;L8.val.overvalued;L8.val.priced_in;L9.company.buyback_dividend;L9.company.earnings_guidance;L9.company.mgmt_litigation;L9.event.holder_trade_signal;L9.event.intraday_announcement;L9.event.intraday_news;L9.event.major_holder_decrease;L9.event.major_holder_increase;L9.media.social_buzz,
300502.SZ,新易盛,A,AI_COMPUTE,59,1,5,51,2,0,96,0,102,250,40.80,"{""derive:l10_val_expansion_compression"": 1, ""derived:pe_pb_history"": 1, ""derive:bootstrap_l11_subscore"": 11, ""derive:l11_long_score"": 1, ""derive:l11_mid_score"": 1, ""derive:l11_mode"": 1, ""derive:l11_short_score"": 1, ""derive:l11_trade_signal"": 1, ""tushare:cashflow+income.derived"": 1, ""tushare:income.derived"": 5, ""tushare:balancesheet+income.derived"": 2, ""tushare:balancesheet"": 4, ""tushare:balancesheet.derived"": 1, ""tushare:cashflow"": 4, ""tushare:fina_indicator"": 16, ""tushare:income"": 5, ""tushare:report_rc"": 1, ""tushare:daily_basic+cashflow"": 1, ""tushare:daily_basic"": 4, ""derive:l6_path_second_derivative"": 1, ""derive:l6_path_tag"": 1, ""derived:turnover_history"": 1, ""derived:price_history"": 1, ""derive:l6_sens_cashflow"": 1, ""derive:l6_sens_growth_margin"": 1, ""derive:l6_sens_rates"": 1, ""derive:l6_sens_risk_narrative"": 1, ""tushare:daily_basic.history"": 1, ""derive:l7_env_risk_appetite"": 1, ""tushare:moneyflow"": 1, ""tushare:block_trade"": 1, ""derive:l7_mood_fomo"": 1, ""akshare:stock_hot_rank_em+keyword"": 1, ""akshare:stock_hot_keyword_em"": 1, ""tushare:margin_detail"": 1, ""tushare:cashflow+income+balancesheet.derived"": 1, ""tushare:balancesheet+fina_indicator.derived"": 2, ""tushare:stk_holdertrade|alias→L8.gov.insider_sell"": 1, ""tushare:stk_managers|alias→L8.gov.management_change"": 1, ""derive:l8_industry_demand_supply"": 1, ""derive:l8_industry_price_war"": 1, ""derived:from_quantile"": 1, ""derive:l8_val_priced_in"": 1, ""tushare:dividend"": 1, ""tushare:forecast"": 1, ""tushare:stk_managers"": 1, ""tushare:stk_holdertrade"": 3, ""akshare:stock_individual_notice_report"": 1, ""akshare:em_news"": 1, ""akshare:xq_hot"": 1}",company,L2.newbiz.commercialization;L2.newbiz.revenue_contrib;L2.newbiz.tam;L2.newbiz.uncertainty;L2.newbiz.valuation_contrib,L10.val.expansion_compression;L10.val.historical_quantile;L11.long.business_model;L11.long.compete_moat;L11.long.industry_space;L11.long.margin;L11.long.score;L11.mid.eps_upward;L11.mid.margin_guidance;L11.mid.orders_revenue;L11.mid.score;L11.mode;L11.short.event_impact;L11.short.flow_boost;L11.short.score;L11.short.sentiment_shift;L11.short.technical;L11.trade.signal;L4.cost.labor;L4.cost.raw_material;L4.eff.cycle;L4.eff.turnover;L5.bs.ar_ap;L5.bs.cash_debt;L5.bs.goodwill_ppe;L5.bs.inventory;L5.bs.leverage;L5.cf.capex;L5.cf.fcf;L5.cf.icf_fcf;L5.cf.ocf;L5.fina.asset_turnover;L5.fina.bps;L5.fina.cfps;L5.fina.debt_ratio;L5.fina.eps;L5.fina.gross_margin;L5.fina.net_margin;L5.fina.net_profit_yoy;L5.fina.ocf_quality;L5.fina.profit_yoy_q;L5.fina.revenue_yoy;L5.fina.revenue_yoy_q;L5.fina.roa;L5.fina.roe;L5.fina.total_revenue_yoy;L5.fina.working_capital;L5.is.eps;L5.is.gross_margin;L5.is.gross_profit;L5.is.margins;L5.is.net_profit;L5.is.operating_profit;L5.is.revenue;L5.is.revenue_growth;L5.is.sga_rd;L5.surprise.sell_side;L6.mult.mcap_fcf;L6.mult.pb;L6.mult.pe;L6.mult.ps;L6.path.second_derivative;L6.path.tag;L6.priced.crowdedness;L6.priced.run_up;L6.sens.cashflow;L6.sens.growth_margin;L6.sens.rates;L6.sens.risk_narrative;L6.state.historical_percentile;L7.env.risk_appetite;L7.flow.active_inflow;L7.flow.block_trade;L7.mood.fomo;L7.mood.media_social;L7.mood.theme;L7.trade.margin_short;L7.trade.volume_turnover;L8.fin.cash_ar;L8.fin.debt_pressure;L8.gov.insider_sell;L8.gov.management_change;L8.industry.demand_supply;L8.industry.price_war;L8.op.inventory_glut;L8.val.overvalued;L8.val.priced_in;L9.company.buyback_dividend;L9.company.earnings_guidance;L9.company.mgmt_litigation;L9.event.holder_trade_signal;L9.event.intraday_announcement;L9.event.intraday_news;L9.event.major_holder_decrease;L9.event.major_holder_increase;L9.media.social_buzz,
300666.SZ,江丰电子,A,SEMI_EQUIPMENT,59,1,5,51,2,0,96,0,102,250,40.80,"{""derive:l10_val_expansion_compression"": 1, ""derived:pe_pb_history"": 1, ""derive:bootstrap_l11_subscore"": 11, ""derive:l11_long_score"": 1, ""derive:l11_mid_score"": 1, ""derive:l11_mode"": 1, ""derive:l11_short_score"": 1, ""derive:l11_trade_signal"": 1, ""tushare:cashflow+income.derived"": 1, ""tushare:income.derived"": 5, ""tushare:balancesheet+income.derived"": 2, ""tushare:balancesheet"": 4, ""tushare:balancesheet.derived"": 1, ""tushare:cashflow"": 5, ""tushare:fina_indicator"": 16, ""tushare:income"": 5, ""tushare:report_rc"": 1, ""tushare:daily_basic+cashflow"": 1, ""tushare:daily_basic"": 4, ""derive:l6_path_second_derivative"": 1, ""derive:l6_path_tag"": 1, ""derived:turnover_history"": 1, ""derived:price_history"": 1, ""derive:l6_sens_cashflow"": 1, ""derive:l6_sens_growth_margin"": 1, ""derive:l6_sens_rates"": 1, ""derive:l6_sens_risk_narrative"": 1, ""tushare:daily_basic.history"": 1, ""derive:l7_env_risk_appetite"": 1, ""tushare:moneyflow"": 1, ""derive:l7_mood_fomo"": 1, ""akshare:stock_hot_rank_em+keyword"": 1, ""akshare:stock_hot_keyword_em"": 1, ""tushare:margin_detail"": 1, ""tushare:cashflow+income+balancesheet.derived"": 1, ""tushare:balancesheet+fina_indicator.derived"": 2, ""tushare:stk_holdertrade|alias→L8.gov.insider_sell"": 1, ""tushare:stk_managers|alias→L8.gov.management_change"": 1, ""derive:l8_industry_demand_supply"": 1, ""derive:l8_industry_price_war"": 1, ""derived:from_quantile"": 1, ""derive:l8_val_priced_in"": 1, ""tushare:dividend"": 1, ""tushare:forecast"": 1, ""tushare:stk_managers"": 1, ""tushare:stk_holdertrade"": 3, ""akshare:stock_individual_notice_report"": 1, ""akshare:em_news"": 1, ""akshare:xq_hot"": 1}",company,L2.newbiz.commercialization;L2.newbiz.revenue_contrib;L2.newbiz.tam;L2.newbiz.uncertainty;L2.newbiz.valuation_contrib,L10.val.expansion_compression;L10.val.historical_quantile;L11.long.business_model;L11.long.compete_moat;L11.long.industry_space;L11.long.margin;L11.long.score;L11.mid.eps_upward;L11.mid.margin_guidance;L11.mid.orders_revenue;L11.mid.score;L11.mode;L11.short.event_impact;L11.short.flow_boost;L11.short.score;L11.short.sentiment_shift;L11.short.technical;L11.trade.signal;L4.cost.labor;L4.cost.raw_material;L4.eff.cycle;L4.eff.turnover;L5.bs.ar_ap;L5.bs.cash_debt;L5.bs.goodwill_ppe;L5.bs.inventory;L5.bs.leverage;L5.cf.buyback_dividend;L5.cf.capex;L5.cf.fcf;L5.cf.icf_fcf;L5.cf.ocf;L5.fina.asset_turnover;L5.fina.bps;L5.fina.cfps;L5.fina.debt_ratio;L5.fina.eps;L5.fina.gross_margin;L5.fina.net_margin;L5.fina.net_profit_yoy;L5.fina.ocf_quality;L5.fina.profit_yoy_q;L5.fina.revenue_yoy;L5.fina.revenue_yoy_q;L5.fina.roa;L5.fina.roe;L5.fina.total_revenue_yoy;L5.fina.working_capital;L5.is.eps;L5.is.gross_margin;L5.is.gross_profit;L5.is.margins;L5.is.net_profit;L5.is.operating_profit;L5.is.revenue;L5.is.revenue_growth;L5.is.sga_rd;L5.surprise.sell_side;L6.mult.mcap_fcf;L6.mult.pb;L6.mult.pe;L6.mult.ps;L6.path.second_derivative;L6.path.tag;L6.priced.crowdedness;L6.priced.run_up;L6.sens.cashflow;L6.sens.growth_margin;L6.sens.rates;L6.sens.risk_narrative;L6.state.historical_percentile;L7.env.risk_appetite;L7.flow.active_inflow;L7.mood.fomo;L7.mood.media_social;L7.mood.theme;L7.trade.margin_short;L7.trade.volume_turnover;L8.fin.cash_ar;L8.fin.debt_pressure;L8.gov.insider_sell;L8.gov.management_change;L8.industry.demand_supply;L8.industry.price_war;L8.op.inventory_glut;L8.val.overvalued;L8.val.priced_in;L9.company.buyback_dividend;L9.company.earnings_guidance;L9.company.mgmt_litigation;L9.event.holder_trade_signal;L9.event.intraday_announcement;L9.event.intraday_news;L9.event.major_holder_decrease;L9.event.major_holder_increase;L9.media.social_buzz,
300750.SZ,宁德时代,A,STORAGE_GRID,59,1,5,51,2,0,100,0,106,250,42.40,"{""tushare:stock_company"": 1, ""derive:l10_val_expansion_compression"": 1, ""derived:pe_pb_history"": 1, ""derive:bootstrap_l11_subscore"": 11, ""derive:l11_long_score"": 1, ""derive:l11_mid_score"": 1, ""derive:l11_mode"": 1, ""derive:l11_short_score"": 1, ""derive:l11_trade_signal"": 1, ""tushare:cashflow+income.derived"": 1, ""tushare:income.derived"": 5, ""tushare:balancesheet+income.derived"": 2, ""tushare:balancesheet"": 4, ""tushare:balancesheet.derived"": 1, ""tushare:cashflow"": 5, ""tushare:fina_indicator"": 16, ""tushare:income"": 5, ""tushare:report_rc"": 1, ""tushare:daily_basic+cashflow"": 1, ""tushare:daily_basic"": 4, ""derive:l6_path_second_derivative"": 1, ""derive:l6_path_tag"": 1, ""derived:turnover_history"": 1, ""derived:price_history"": 1, ""derive:l6_sens_cashflow"": 1, ""derive:l6_sens_growth_margin"": 1, ""derive:l6_sens_rates"": 1, ""derive:l6_sens_risk_narrative"": 1, ""tushare:daily_basic.history"": 1, ""derive:l7_env_risk_appetite"": 1, ""tushare:moneyflow"": 1, ""tushare:block_trade"": 1, ""derive:l7_mood_fomo"": 1, ""akshare:stock_hot_rank_em+keyword"": 1, ""akshare:stock_hot_keyword_em"": 1, ""tushare:margin_detail"": 1, ""tushare:cashflow+income+balancesheet.derived"": 1, ""tushare:balancesheet+fina_indicator.derived"": 2, ""tushare:stk_holdertrade|alias→L8.gov.insider_sell"": 1, ""tushare:stk_managers|alias→L8.gov.management_change"": 1, ""tushare:stk_managers"": 2, ""derive:l8_industry_demand_supply"": 1, ""derive:l8_industry_price_war"": 1, ""derived:from_quantile"": 1, ""derive:l8_val_priced_in"": 1, ""tushare:dividend"": 1, ""tushare:forecast"": 1, ""tushare:irm_qa_sz"": 1, ""tushare:stk_holdertrade"": 3, ""akshare:stock_individual_notice_report"": 1, ""akshare:em_news"": 1, ""akshare:xq_hot"": 1}",company,L2.newbiz.commercialization;L2.newbiz.revenue_contrib;L2.newbiz.tam;L2.newbiz.uncertainty;L2.newbiz.valuation_contrib,L1.company.main_business;L10.val.expansion_compression;L10.val.historical_quantile;L11.long.business_model;L11.long.compete_moat;L11.long.industry_space;L11.long.margin;L11.long.score;L11.mid.eps_upward;L11.mid.margin_guidance;L11.mid.orders_revenue;L11.mid.score;L11.mode;L11.short.event_impact;L11.short.flow_boost;L11.short.score;L11.short.sentiment_shift;L11.short.technical;L11.trade.signal;L4.cost.labor;L4.cost.raw_material;L4.eff.cycle;L4.eff.turnover;L5.bs.ar_ap;L5.bs.cash_debt;L5.bs.goodwill_ppe;L5.bs.inventory;L5.bs.leverage;L5.cf.buyback_dividend;L5.cf.capex;L5.cf.fcf;L5.cf.icf_fcf;L5.cf.ocf;L5.fina.asset_turnover;L5.fina.bps;L5.fina.cfps;L5.fina.debt_ratio;L5.fina.eps;L5.fina.gross_margin;L5.fina.net_margin;L5.fina.net_profit_yoy;L5.fina.ocf_quality;L5.fina.profit_yoy_q;L5.fina.revenue_yoy;L5.fina.revenue_yoy_q;L5.fina.roa;L5.fina.roe;L5.fina.total_revenue_yoy;L5.fina.working_capital;L5.is.eps;L5.is.gross_margin;L5.is.gross_profit;L5.is.margins;L5.is.net_profit;L5.is.operating_profit;L5.is.revenue;L5.is.revenue_growth;L5.is.sga_rd;L5.surprise.sell_side;L6.mult.mcap_fcf;L6.mult.pb;L6.mult.pe;L6.mult.ps;L6.path.second_derivative;L6.path.tag;L6.priced.crowdedness;L6.priced.run_up;L6.sens.cashflow;L6.sens.growth_margin;L6.sens.rates;L6.sens.risk_narrative;L6.state.historical_percentile;L7.env.risk_appetite;L7.flow.active_inflow;L7.flow.block_trade;L7.mood.fomo;L7.mood.media_social;L7.mood.theme;L7.trade.margin_short;L7.trade.volume_turnover;L8.fin.cash_ar;L8.fin.debt_pressure;L8.gov.insider_sell;L8.gov.management_change;L8.gov.management_table;L8.industry.demand_supply;L8.industry.price_war;L8.op.inventory_glut;L8.val.overvalued;L8.val.priced_in;L9.company.buyback_dividend;L9.company.earnings_guidance;L9.company.mgmt_litigation;L9.disclosure.qa_recent;L9.event.holder_trade_signal;L9.event.intraday_announcement;L9.event.intraday_news;L9.event.major_holder_decrease;L9.event.major_holder_increase;L9.media.social_buzz,
300759.SZ,康龙化成,A,INNOVATIVE_PHARMA,59,1,5,51,2,0,96,0,102,250,40.80,"{""derive:l10_val_expansion_compression"": 1, ""derived:pe_pb_history"": 1, ""derive:bootstrap_l11_subscore"": 11, ""derive:l11_long_score"": 1, ""derive:l11_mid_score"": 1, ""derive:l11_mode"": 1, ""derive:l11_short_score"": 1, ""derive:l11_trade_signal"": 1, ""tushare:cashflow+income.derived"": 1, ""tushare:income.derived"": 5, ""tushare:balancesheet+income.derived"": 2, ""tushare:balancesheet"": 4, ""tushare:balancesheet.derived"": 1, ""tushare:cashflow"": 5, ""tushare:fina_indicator"": 16, ""tushare:income"": 5, ""tushare:report_rc"": 1, ""tushare:daily_basic+cashflow"": 1, ""tushare:daily_basic"": 4, ""derive:l6_path_second_derivative"": 1, ""derive:l6_path_tag"": 1, ""derived:turnover_history"": 1, ""derived:price_history"": 1, ""derive:l6_sens_cashflow"": 1, ""derive:l6_sens_growth_margin"": 1, ""derive:l6_sens_rates"": 1, ""derive:l6_sens_risk_narrative"": 1, ""tushare:daily_basic.history"": 1, ""derive:l7_env_risk_appetite"": 1, ""tushare:moneyflow"": 1, ""derive:l7_mood_fomo"": 1, ""akshare:stock_hot_rank_em+keyword"": 1, ""akshare:stock_hot_keyword_em"": 1, ""tushare:margin_detail"": 1, ""tushare:cashflow+income+balancesheet.derived"": 1, ""tushare:balancesheet+fina_indicator.derived"": 2, ""tushare:stk_holdertrade|alias→L8.gov.insider_sell"": 1, ""tushare:stk_managers|alias→L8.gov.management_change"": 1, ""derive:l8_industry_demand_supply"": 1, ""derive:l8_industry_price_war"": 1, ""derived:from_quantile"": 1, ""derive:l8_val_priced_in"": 1, ""tushare:dividend"": 1, ""tushare:forecast"": 1, ""tushare:stk_managers"": 1, ""tushare:stk_holdertrade"": 3, ""akshare:stock_individual_notice_report"": 1, ""akshare:em_news"": 1, ""akshare:xq_hot"": 1}",company,L2.newbiz.commercialization;L2.newbiz.revenue_contrib;L2.newbiz.tam;L2.newbiz.uncertainty;L2.newbiz.valuation_contrib,L10.val.expansion_compression;L10.val.historical_quantile;L11.long.business_model;L11.long.compete_moat;L11.long.industry_space;L11.long.margin;L11.long.score;L11.mid.eps_upward;L11.mid.margin_guidance;L11.mid.orders_revenue;L11.mid.score;L11.mode;L11.short.event_impact;L11.short.flow_boost;L11.short.score;L11.short.sentiment_shift;L11.short.technical;L11.trade.signal;L4.cost.labor;L4.cost.raw_material;L4.eff.cycle;L4.eff.turnover;L5.bs.ar_ap;L5.bs.cash_debt;L5.bs.goodwill_ppe;L5.bs.inventory;L5.bs.leverage;L5.cf.buyback_dividend;L5.cf.capex;L5.cf.fcf;L5.cf.icf_fcf;L5.cf.ocf;L5.fina.asset_turnover;L5.fina.bps;L5.fina.cfps;L5.fina.debt_ratio;L5.fina.eps;L5.fina.gross_margin;L5.fina.net_margin;L5.fina.net_profit_yoy;L5.fina.ocf_quality;L5.fina.profit_yoy_q;L5.fina.revenue_yoy;L5.fina.revenue_yoy_q;L5.fina.roa;L5.fina.roe;L5.fina.total_revenue_yoy;L5.fina.working_capital;L5.is.eps;L5.is.gross_margin;L5.is.gross_profit;L5.is.margins;L5.is.net_profit;L5.is.operating_profit;L5.is.revenue;L5.is.revenue_growth;L5.is.sga_rd;L5.surprise.sell_side;L6.mult.mcap_fcf;L6.mult.pb;L6.mult.pe;L6.mult.ps;L6.path.second_derivative;L6.path.tag;L6.priced.crowdedness;L6.priced.run_up;L6.sens.cashflow;L6.sens.growth_margin;L6.sens.rates;L6.sens.risk_narrative;L6.state.historical_percentile;L7.env.risk_appetite;L7.flow.active_inflow;L7.mood.fomo;L7.mood.media_social;L7.mood.theme;L7.trade.margin_short;L7.trade.volume_turnover;L8.fin.cash_ar;L8.fin.debt_pressure;L8.gov.insider_sell;L8.gov.management_change;L8.industry.demand_supply;L8.industry.price_war;L8.op.inventory_glut;L8.val.overvalued;L8.val.priced_in;L9.company.buyback_dividend;L9.company.earnings_guidance;L9.company.mgmt_litigation;L9.event.holder_trade_signal;L9.event.intraday_announcement;L9.event.intraday_news;L9.event.major_holder_decrease;L9.event.major_holder_increase;L9.media.social_buzz,
300760.SZ,迈瑞医疗,A,INNOVATIVE_PHARMA,59,1,5,51,2,0,96,0,102,250,40.80,"{""derive:l10_val_expansion_compression"": 1, ""derived:pe_pb_history"": 1, ""derive:bootstrap_l11_subscore"": 11, ""derive:l11_long_score"": 1, ""derive:l11_mid_score"": 1, ""derive:l11_mode"": 1, ""derive:l11_short_score"": 1, ""derive:l11_trade_signal"": 1, ""tushare:cashflow+income.derived"": 1, ""tushare:income.derived"": 5, ""tushare:balancesheet+income.derived"": 2, ""tushare:balancesheet"": 4, ""tushare:balancesheet.derived"": 1, ""tushare:cashflow"": 5, ""tushare:fina_indicator"": 16, ""tushare:income"": 5, ""tushare:report_rc"": 1, ""tushare:daily_basic+cashflow"": 1, ""tushare:daily_basic"": 4, ""derive:l6_path_second_derivative"": 1, ""derive:l6_path_tag"": 1, ""derived:turnover_history"": 1, ""derived:price_history"": 1, ""derive:l6_sens_cashflow"": 1, ""derive:l6_sens_growth_margin"": 1, ""derive:l6_sens_rates"": 1, ""derive:l6_sens_risk_narrative"": 1, ""tushare:daily_basic.history"": 1, ""derive:l7_env_risk_appetite"": 1, ""tushare:moneyflow"": 1, ""derive:l7_mood_fomo"": 1, ""akshare:stock_hot_rank_em+keyword"": 1, ""akshare:stock_hot_keyword_em"": 1, ""tushare:margin_detail"": 1, ""tushare:cashflow+income+balancesheet.derived"": 1, ""tushare:balancesheet+fina_indicator.derived"": 2, ""tushare:stk_holdertrade|alias→L8.gov.insider_sell"": 1, ""tushare:stk_managers|alias→L8.gov.management_change"": 1, ""derive:l8_industry_demand_supply"": 1, ""derive:l8_industry_price_war"": 1, ""derived:from_quantile"": 1, ""derive:l8_val_priced_in"": 1, ""tushare:dividend"": 1, ""tushare:forecast"": 1, ""tushare:stk_managers"": 1, ""tushare:stk_holdertrade"": 3, ""akshare:stock_individual_notice_report"": 1, ""akshare:em_news"": 1, ""akshare:xq_hot"": 1}",company,L2.newbiz.commercialization;L2.newbiz.revenue_contrib;L2.newbiz.tam;L2.newbiz.uncertainty;L2.newbiz.valuation_contrib,L10.val.expansion_compression;L10.val.historical_quantile;L11.long.business_model;L11.long.compete_moat;L11.long.industry_space;L11.long.margin;L11.long.score;L11.mid.eps_upward;L11.mid.margin_guidance;L11.mid.orders_revenue;L11.mid.score;L11.mode;L11.short.event_impact;L11.short.flow_boost;L11.short.score;L11.short.sentiment_shift;L11.short.technical;L11.trade.signal;L4.cost.labor;L4.cost.raw_material;L4.eff.cycle;L4.eff.turnover;L5.bs.ar_ap;L5.bs.cash_debt;L5.bs.goodwill_ppe;L5.bs.inventory;L5.bs.leverage;L5.cf.buyback_dividend;L5.cf.capex;L5.cf.fcf;L5.cf.icf_fcf;L5.cf.ocf;L5.fina.asset_turnover;L5.fina.bps;L5.fina.cfps;L5.fina.debt_ratio;L5.fina.eps;L5.fina.gross_margin;L5.fina.net_margin;L5.fina.net_profit_yoy;L5.fina.ocf_quality;L5.fina.profit_yoy_q;L5.fina.revenue_yoy;L5.fina.revenue_yoy_q;L5.fina.roa;L5.fina.roe;L5.fina.total_revenue_yoy;L5.fina.working_capital;L5.is.eps;L5.is.gross_margin;L5.is.gross_profit;L5.is.margins;L5.is.net_profit;L5.is.operating_profit;L5.is.revenue;L5.is.revenue_growth;L5.is.sga_rd;L5.surprise.sell_side;L6.mult.mcap_fcf;L6.mult.pb;L6.mult.pe;L6.mult.ps;L6.path.second_derivative;L6.path.tag;L6.priced.crowdedness;L6.priced.run_up;L6.sens.cashflow;L6.sens.growth_margin;L6.sens.rates;L6.sens.risk_narrative;L6.state.historical_percentile;L7.env.risk_appetite;L7.flow.active_inflow;L7.mood.fomo;L7.mood.media_social;L7.mood.theme;L7.trade.margin_short;L7.trade.volume_turnover;L8.fin.cash_ar;L8.fin.debt_pressure;L8.gov.insider_sell;L8.gov.management_change;L8.industry.demand_supply;L8.industry.price_war;L8.op.inventory_glut;L8.val.overvalued;L8.val.priced_in;L9.company.buyback_dividend;L9.company.earnings_guidance;L9.company.mgmt_litigation;L9.event.holder_trade_signal;L9.event.intraday_announcement;L9.event.intraday_news;L9.event.major_holder_decrease;L9.event.major_holder_increase;L9.media.social_buzz,
300896.SZ,爱美客,A,DOMESTIC_CONSUMPTION,59,1,5,51,2,0,96,0,102,250,40.80,"{""derive:l10_val_expansion_compression"": 1, ""derived:pe_pb_history"": 1, ""derive:bootstrap_l11_subscore"": 11, ""derive:l11_long_score"": 1, ""derive:l11_mid_score"": 1, ""derive:l11_mode"": 1, ""derive:l11_short_score"": 1, ""derive:l11_trade_signal"": 1, ""tushare:cashflow+income.derived"": 1, ""tushare:income.derived"": 5, ""tushare:balancesheet+income.derived"": 2, ""tushare:balancesheet"": 4, ""tushare:balancesheet.derived"": 1, ""tushare:cashflow"": 5, ""tushare:fina_indicator"": 16, ""tushare:income"": 5, ""tushare:report_rc"": 1, ""tushare:daily_basic+cashflow"": 1, ""tushare:daily_basic"": 4, ""derive:l6_path_second_derivative"": 1, ""derive:l6_path_tag"": 1, ""derived:turnover_history"": 1, ""derived:price_history"": 1, ""derive:l6_sens_cashflow"": 1, ""derive:l6_sens_growth_margin"": 1, ""derive:l6_sens_rates"": 1, ""derive:l6_sens_risk_narrative"": 1, ""tushare:daily_basic.history"": 1, ""derive:l7_env_risk_appetite"": 1, ""tushare:moneyflow"": 1, ""derive:l7_mood_fomo"": 1, ""akshare:stock_hot_rank_em+keyword"": 1, ""akshare:stock_hot_keyword_em"": 1, ""tushare:margin_detail"": 1, ""tushare:cashflow+income+balancesheet.derived"": 1, ""tushare:balancesheet+fina_indicator.derived"": 2, ""tushare:stk_holdertrade|alias→L8.gov.insider_sell"": 1, ""tushare:stk_managers|alias→L8.gov.management_change"": 1, ""derive:l8_industry_demand_supply"": 1, ""derive:l8_industry_price_war"": 1, ""derived:from_quantile"": 1, ""derive:l8_val_priced_in"": 1, ""tushare:dividend"": 1, ""tushare:forecast"": 1, ""tushare:stk_managers"": 1, ""tushare:stk_holdertrade"": 3, ""akshare:stock_individual_notice_report"": 1, ""akshare:em_news"": 1, ""akshare:xq_hot"": 1}",company,L2.newbiz.commercialization;L2.newbiz.revenue_contrib;L2.newbiz.tam;L2.newbiz.uncertainty;L2.newbiz.valuation_contrib,L10.val.expansion_compression;L10.val.historical_quantile;L11.long.business_model;L11.long.compete_moat;L11.long.industry_space;L11.long.margin;L11.long.score;L11.mid.eps_upward;L11.mid.margin_guidance;L11.mid.orders_revenue;L11.mid.score;L11.mode;L11.short.event_impact;L11.short.flow_boost;L11.short.score;L11.short.sentiment_shift;L11.short.technical;L11.trade.signal;L4.cost.labor;L4.cost.raw_material;L4.eff.cycle;L4.eff.turnover;L5.bs.ar_ap;L5.bs.cash_debt;L5.bs.goodwill_ppe;L5.bs.inventory;L5.bs.leverage;L5.cf.buyback_dividend;L5.cf.capex;L5.cf.fcf;L5.cf.icf_fcf;L5.cf.ocf;L5.fina.asset_turnover;L5.fina.bps;L5.fina.cfps;L5.fina.debt_ratio;L5.fina.eps;L5.fina.gross_margin;L5.fina.net_margin;L5.fina.net_profit_yoy;L5.fina.ocf_quality;L5.fina.profit_yoy_q;L5.fina.revenue_yoy;L5.fina.revenue_yoy_q;L5.fina.roa;L5.fina.roe;L5.fina.total_revenue_yoy;L5.fina.working_capital;L5.is.eps;L5.is.gross_margin;L5.is.gross_profit;L5.is.margins;L5.is.net_profit;L5.is.operating_profit;L5.is.revenue;L5.is.revenue_growth;L5.is.sga_rd;L5.surprise.sell_side;L6.mult.mcap_fcf;L6.mult.pb;L6.mult.pe;L6.mult.ps;L6.path.second_derivative;L6.path.tag;L6.priced.crowdedness;L6.priced.run_up;L6.sens.cashflow;L6.sens.growth_margin;L6.sens.rates;L6.sens.risk_narrative;L6.state.historical_percentile;L7.env.risk_appetite;L7.flow.active_inflow;L7.mood.fomo;L7.mood.media_social;L7.mood.theme;L7.trade.margin_short;L7.trade.volume_turnover;L8.fin.cash_ar;L8.fin.debt_pressure;L8.gov.insider_sell;L8.gov.management_change;L8.industry.demand_supply;L8.industry.price_war;L8.op.inventory_glut;L8.val.overvalued;L8.val.priced_in;L9.company.buyback_dividend;L9.company.earnings_guidance;L9.company.mgmt_litigation;L9.event.holder_trade_signal;L9.event.intraday_announcement;L9.event.intraday_news;L9.event.major_holder_decrease;L9.event.major_holder_increase;L9.media.social_buzz,
600009.SH,上海机场,A,DOMESTIC_CONSUMPTION,59,1,5,51,2,0,95,0,101,250,40.40,"{""derive:l10_val_expansion_compression"": 1, ""derived:pe_pb_history"": 1, ""derive:bootstrap_l11_subscore"": 11, ""derive:l11_long_score"": 1, ""derive:l11_mid_score"": 1, ""derive:l11_mode"": 1, ""derive:l11_short_score"": 1, ""derive:l11_trade_signal"": 1, ""tushare:cashflow+income.derived"": 1, ""tushare:income.derived"": 5, ""tushare:balancesheet+income.derived"": 2, ""tushare:balancesheet"": 3, ""tushare:balancesheet.derived"": 1, ""tushare:cashflow"": 5, ""tushare:fina_indicator"": 16, ""tushare:income"": 5, ""tushare:report_rc"": 1, ""tushare:daily_basic+cashflow"": 1, ""tushare:daily_basic"": 4, ""derive:l6_path_second_derivative"": 1, ""derive:l6_path_tag"": 1, ""derived:turnover_history"": 1, ""derived:price_history"": 1, ""derive:l6_sens_cashflow"": 1, ""derive:l6_sens_growth_margin"": 1, ""derive:l6_sens_rates"": 1, ""derive:l6_sens_risk_narrative"": 1, ""tushare:daily_basic.history"": 1, ""derive:l7_env_risk_appetite"": 1, ""tushare:moneyflow"": 1, ""derive:l7_mood_fomo"": 1, ""akshare:stock_hot_rank_em+keyword"": 1, ""akshare:stock_hot_keyword_em"": 1, ""tushare:margin_detail"": 1, ""tushare:cashflow+income+balancesheet.derived"": 1, ""tushare:balancesheet+fina_indicator.derived"": 2, ""tushare:stk_holdertrade|alias→L8.gov.insider_sell"": 1, ""tushare:stk_managers|alias→L8.gov.management_change"": 1, ""derive:l8_industry_demand_supply"": 1, ""derive:l8_industry_price_war"": 1, ""derived:from_quantile"": 1, ""derive:l8_val_priced_in"": 1, ""tushare:dividend"": 1, ""tushare:forecast"": 1, ""tushare:stk_managers"": 1, ""tushare:stk_holdertrade"": 3, ""akshare:stock_individual_notice_report"": 1, ""akshare:em_news"": 1, ""akshare:xq_hot"": 1}",company,L2.newbiz.commercialization;L2.newbiz.revenue_contrib;L2.newbiz.tam;L2.newbiz.uncertainty;L2.newbiz.valuation_contrib,L10.val.expansion_compression;L10.val.historical_quantile;L11.long.business_model;L11.long.compete_moat;L11.long.industry_space;L11.long.margin;L11.long.score;L11.mid.eps_upward;L11.mid.margin_guidance;L11.mid.orders_revenue;L11.mid.score;L11.mode;L11.short.event_impact;L11.short.flow_boost;L11.short.score;L11.short.sentiment_shift;L11.short.technical;L11.trade.signal;L4.cost.labor;L4.cost.raw_material;L4.eff.cycle;L4.eff.turnover;L5.bs.ar_ap;L5.bs.cash_debt;L5.bs.inventory;L5.bs.leverage;L5.cf.buyback_dividend;L5.cf.capex;L5.cf.fcf;L5.cf.icf_fcf;L5.cf.ocf;L5.fina.asset_turnover;L5.fina.bps;L5.fina.cfps;L5.fina.debt_ratio;L5.fina.eps;L5.fina.gross_margin;L5.fina.net_margin;L5.fina.net_profit_yoy;L5.fina.ocf_quality;L5.fina.profit_yoy_q;L5.fina.revenue_yoy;L5.fina.revenue_yoy_q;L5.fina.roa;L5.fina.roe;L5.fina.total_revenue_yoy;L5.fina.working_capital;L5.is.eps;L5.is.gross_margin;L5.is.gross_profit;L5.is.margins;L5.is.net_profit;L5.is.operating_profit;L5.is.revenue;L5.is.revenue_growth;L5.is.sga_rd;L5.surprise.sell_side;L6.mult.mcap_fcf;L6.mult.pb;L6.mult.pe;L6.mult.ps;L6.path.second_derivative;L6.path.tag;L6.priced.crowdedness;L6.priced.run_up;L6.sens.cashflow;L6.sens.growth_margin;L6.sens.rates;L6.sens.risk_narrative;L6.state.historical_percentile;L7.env.risk_appetite;L7.flow.active_inflow;L7.mood.fomo;L7.mood.media_social;L7.mood.theme;L7.trade.margin_short;L7.trade.volume_turnover;L8.fin.cash_ar;L8.fin.debt_pressure;L8.gov.insider_sell;L8.gov.management_change;L8.industry.demand_supply;L8.industry.price_war;L8.op.inventory_glut;L8.val.overvalued;L8.val.priced_in;L9.company.buyback_dividend;L9.company.earnings_guidance;L9.company.mgmt_litigation;L9.event.holder_trade_signal;L9.event.intraday_announcement;L9.event.intraday_news;L9.event.major_holder_decrease;L9.event.major_holder_increase;L9.media.social_buzz,
600019.SH,宝钢股份,A,ANTI_INVOLUTION_CYCLICAL,59,1,5,51,2,0,96,0,102,250,40.80,"{""derive:l10_val_expansion_compression"": 1, ""derived:pe_pb_history"": 1, ""derive:bootstrap_l11_subscore"": 11, ""derive:l11_long_score"": 1, ""derive:l11_mid_score"": 1, ""derive:l11_mode"": 1, ""derive:l11_short_score"": 1, ""derive:l11_trade_signal"": 1, ""tushare:cashflow+income.derived"": 1, ""tushare:income.derived"": 5, ""tushare:balancesheet+income.derived"": 2, ""tushare:balancesheet"": 4, ""tushare:balancesheet.derived"": 1, ""tushare:cashflow"": 5, ""tushare:fina_indicator"": 16, ""tushare:income"": 5, ""tushare:report_rc"": 1, ""tushare:daily_basic+cashflow"": 1, ""tushare:daily_basic"": 4, ""derive:l6_path_second_derivative"": 1, ""derive:l6_path_tag"": 1, ""derived:turnover_history"": 1, ""derived:price_history"": 1, ""derive:l6_sens_cashflow"": 1, ""derive:l6_sens_growth_margin"": 1, ""derive:l6_sens_rates"": 1, ""derive:l6_sens_risk_narrative"": 1, ""tushare:daily_basic.history"": 1, ""derive:l7_env_risk_appetite"": 1, ""tushare:moneyflow"": 1, ""derive:l7_mood_fomo"": 1, ""akshare:stock_hot_rank_em+keyword"": 1, ""akshare:stock_hot_keyword_em"": 1, ""tushare:margin_detail"": 1, ""tushare:cashflow+income+balancesheet.derived"": 1, ""tushare:balancesheet+fina_indicator.derived"": 2, ""tushare:stk_holdertrade|alias→L8.gov.insider_sell"": 1, ""tushare:stk_managers|alias→L8.gov.management_change"": 1, ""derive:l8_industry_demand_supply"": 1, ""derive:l8_industry_price_war"": 1, ""derived:from_quantile"": 1, ""derive:l8_val_priced_in"": 1, ""tushare:dividend"": 1, ""tushare:forecast"": 1, ""tushare:stk_managers"": 1, ""tushare:stk_holdertrade"": 3, ""akshare:stock_individual_notice_report"": 1, ""akshare:em_news"": 1, ""akshare:xq_hot"": 1}",company,L2.newbiz.commercialization;L2.newbiz.revenue_contrib;L2.newbiz.tam;L2.newbiz.uncertainty;L2.newbiz.valuation_contrib,L10.val.expansion_compression;L10.val.historical_quantile;L11.long.business_model;L11.long.compete_moat;L11.long.industry_space;L11.long.margin;L11.long.score;L11.mid.eps_upward;L11.mid.margin_guidance;L11.mid.orders_revenue;L11.mid.score;L11.mode;L11.short.event_impact;L11.short.flow_boost;L11.short.score;L11.short.sentiment_shift;L11.short.technical;L11.trade.signal;L4.cost.labor;L4.cost.raw_material;L4.eff.cycle;L4.eff.turnover;L5.bs.ar_ap;L5.bs.cash_debt;L5.bs.goodwill_ppe;L5.bs.inventory;L5.bs.leverage;L5.cf.buyback_dividend;L5.cf.capex;L5.cf.fcf;L5.cf.icf_fcf;L5.cf.ocf;L5.fina.asset_turnover;L5.fina.bps;L5.fina.cfps;L5.fina.debt_ratio;L5.fina.eps;L5.fina.gross_margin;L5.fina.net_margin;L5.fina.net_profit_yoy;L5.fina.ocf_quality;L5.fina.profit_yoy_q;L5.fina.revenue_yoy;L5.fina.revenue_yoy_q;L5.fina.roa;L5.fina.roe;L5.fina.total_revenue_yoy;L5.fina.working_capital;L5.is.eps;L5.is.gross_margin;L5.is.gross_profit;L5.is.margins;L5.is.net_profit;L5.is.operating_profit;L5.is.revenue;L5.is.revenue_growth;L5.is.sga_rd;L5.surprise.sell_side;L6.mult.mcap_fcf;L6.mult.pb;L6.mult.pe;L6.mult.ps;L6.path.second_derivative;L6.path.tag;L6.priced.crowdedness;L6.priced.run_up;L6.sens.cashflow;L6.sens.growth_margin;L6.sens.rates;L6.sens.risk_narrative;L6.state.historical_percentile;L7.env.risk_appetite;L7.flow.active_inflow;L7.mood.fomo;L7.mood.media_social;L7.mood.theme;L7.trade.margin_short;L7.trade.volume_turnover;L8.fin.cash_ar;L8.fin.debt_pressure;L8.gov.insider_sell;L8.gov.management_change;L8.industry.demand_supply;L8.industry.price_war;L8.op.inventory_glut;L8.val.overvalued;L8.val.priced_in;L9.company.buyback_dividend;L9.company.earnings_guidance;L9.company.mgmt_litigation;L9.event.holder_trade_signal;L9.event.intraday_announcement;L9.event.intraday_news;L9.event.major_holder_decrease;L9.event.major_holder_increase;L9.media.social_buzz,
600029.SH,南方航空,A,DOMESTIC_CONSUMPTION,59,1,5,51,2,0,96,0,102,250,40.80,"{""derive:l10_val_expansion_compression"": 1, ""derived:pe_pb_history"": 1, ""derive:bootstrap_l11_subscore"": 11, ""derive:l11_long_score"": 1, ""derive:l11_mid_score"": 1, ""derive:l11_mode"": 1, ""derive:l11_short_score"": 1, ""derive:l11_trade_signal"": 1, ""tushare:cashflow+income.derived"": 1, ""tushare:income.derived"": 5, ""tushare:balancesheet+income.derived"": 2, ""tushare:balancesheet"": 4, ""tushare:balancesheet.derived"": 1, ""tushare:cashflow"": 5, ""tushare:fina_indicator"": 16, ""tushare:income"": 5, ""tushare:report_rc"": 1, ""tushare:daily_basic+cashflow"": 1, ""tushare:daily_basic"": 4, ""derive:l6_path_second_derivative"": 1, ""derive:l6_path_tag"": 1, ""derived:turnover_history"": 1, ""derived:price_history"": 1, ""derive:l6_sens_cashflow"": 1, ""derive:l6_sens_growth_margin"": 1, ""derive:l6_sens_rates"": 1, ""derive:l6_sens_risk_narrative"": 1, ""tushare:daily_basic.history"": 1, ""derive:l7_env_risk_appetite"": 1, ""tushare:moneyflow"": 1, ""derive:l7_mood_fomo"": 1, ""akshare:stock_hot_rank_em+keyword"": 1, ""akshare:stock_hot_keyword_em"": 1, ""tushare:margin_detail"": 1, ""tushare:cashflow+income+balancesheet.derived"": 1, ""tushare:balancesheet+fina_indicator.derived"": 2, ""tushare:stk_holdertrade|alias→L8.gov.insider_sell"": 1, ""tushare:stk_managers|alias→L8.gov.management_change"": 1, ""derive:l8_industry_demand_supply"": 1, ""derive:l8_industry_price_war"": 1, ""derived:from_quantile"": 1, ""derive:l8_val_priced_in"": 1, ""tushare:dividend"": 1, ""tushare:forecast"": 1, ""tushare:stk_managers"": 1, ""tushare:stk_holdertrade"": 3, ""akshare:stock_individual_notice_report"": 1, ""akshare:em_news"": 1, ""akshare:xq_hot"": 1}",company,L2.newbiz.commercialization;L2.newbiz.revenue_contrib;L2.newbiz.tam;L2.newbiz.uncertainty;L2.newbiz.valuation_contrib,L10.val.expansion_compression;L10.val.historical_quantile;L11.long.business_model;L11.long.compete_moat;L11.long.industry_space;L11.long.margin;L11.long.score;L11.mid.eps_upward;L11.mid.margin_guidance;L11.mid.orders_revenue;L11.mid.score;L11.mode;L11.short.event_impact;L11.short.flow_boost;L11.short.score;L11.short.sentiment_shift;L11.short.technical;L11.trade.signal;L4.cost.labor;L4.cost.raw_material;L4.eff.cycle;L4.eff.turnover;L5.bs.ar_ap;L5.bs.cash_debt;L5.bs.goodwill_ppe;L5.bs.inventory;L5.bs.leverage;L5.cf.buyback_dividend;L5.cf.capex;L5.cf.fcf;L5.cf.icf_fcf;L5.cf.ocf;L5.fina.asset_turnover;L5.fina.bps;L5.fina.cfps;L5.fina.debt_ratio;L5.fina.eps;L5.fina.gross_margin;L5.fina.net_margin;L5.fina.net_profit_yoy;L5.fina.ocf_quality;L5.fina.profit_yoy_q;L5.fina.revenue_yoy;L5.fina.revenue_yoy_q;L5.fina.roa;L5.fina.roe;L5.fina.total_revenue_yoy;L5.fina.working_capital;L5.is.eps;L5.is.gross_margin;L5.is.gross_profit;L5.is.margins;L5.is.net_profit;L5.is.operating_profit;L5.is.revenue;L5.is.revenue_growth;L5.is.sga_rd;L5.surprise.sell_side;L6.mult.mcap_fcf;L6.mult.pb;L6.mult.pe;L6.mult.ps;L6.path.second_derivative;L6.path.tag;L6.priced.crowdedness;L6.priced.run_up;L6.sens.cashflow;L6.sens.growth_margin;L6.sens.rates;L6.sens.risk_narrative;L6.state.historical_percentile;L7.env.risk_appetite;L7.flow.active_inflow;L7.mood.fomo;L7.mood.media_social;L7.mood.theme;L7.trade.margin_short;L7.trade.volume_turnover;L8.fin.cash_ar;L8.fin.debt_pressure;L8.gov.insider_sell;L8.gov.management_change;L8.industry.demand_supply;L8.industry.price_war;L8.op.inventory_glut;L8.val.overvalued;L8.val.priced_in;L9.company.buyback_dividend;L9.company.earnings_guidance;L9.company.mgmt_litigation;L9.event.holder_trade_signal;L9.event.intraday_announcement;L9.event.intraday_news;L9.event.major_holder_decrease;L9.event.major_holder_increase;L9.media.social_buzz,
600030.SH,中信证券,A,FINANCIAL_HIGH_DIVIDEND,59,1,5,51,2,0,90,0,96,250,38.40,"{""tushare:stock_company"": 1, ""derive:l10_val_expansion_compression"": 1, ""derived:pe_pb_history"": 1, ""derive:bootstrap_l11_subscore"": 11, ""derive:l11_long_score"": 1, ""derive:l11_mid_score"": 1, ""derive:l11_mode"": 1, ""derive:l11_short_score"": 1, ""derive:l11_trade_signal"": 1, ""tushare:cashflow+income.derived"": 1, ""tushare:income.derived"": 3, ""tushare:balancesheet+income.derived"": 2, ""tushare:balancesheet"": 2, ""tushare:balancesheet.derived"": 1, ""tushare:cashflow"": 4, ""tushare:fina_indicator"": 13, ""tushare:income"": 5, ""tushare:report_rc"": 1, ""tushare:daily_basic"": 4, ""derive:l6_path_second_derivative"": 1, ""derive:l6_path_tag"": 1, ""derived:turnover_history"": 1, ""derived:price_history"": 1, ""derive:l6_sens_cashflow"": 1, ""derive:l6_sens_growth_margin"": 1, ""derive:l6_sens_rates"": 1, ""derive:l6_sens_risk_narrative"": 1, ""tushare:daily_basic.history"": 1, ""derive:l7_env_risk_appetite"": 1, ""tushare:moneyflow"": 1, ""derive:l7_mood_fomo"": 1, ""akshare:stock_hot_rank_em+keyword"": 1, ""akshare:stock_hot_keyword_em"": 1, ""tushare:margin_detail"": 1, ""tushare:cashflow+income+balancesheet.derived"": 1, ""tushare:balancesheet+fina_indicator.derived"": 2, ""tushare:stk_holdertrade|alias→L8.gov.insider_sell"": 1, ""tushare:stk_managers|alias→L8.gov.management_change"": 1, ""tushare:stk_managers"": 2, ""derive:l8_industry_demand_supply"": 1, ""derive:l8_industry_price_war"": 1, ""derived:from_quantile"": 1, ""derive:l8_val_priced_in"": 1, ""tushare:dividend"": 1, ""tushare:forecast"": 1, ""tushare:irm_qa_sh"": 1, ""tushare:stk_holdertrade"": 3, ""akshare:stock_individual_notice_report"": 1, ""akshare:em_news"": 1, ""akshare:xq_hot"": 1}",company,L2.newbiz.commercialization;L2.newbiz.revenue_contrib;L2.newbiz.tam;L2.newbiz.uncertainty;L2.newbiz.valuation_contrib,L1.company.main_business;L10.val.expansion_compression;L10.val.historical_quantile;L11.long.business_model;L11.long.compete_moat;L11.long.industry_space;L11.long.margin;L11.long.score;L11.mid.eps_upward;L11.mid.margin_guidance;L11.mid.orders_revenue;L11.mid.score;L11.mode;L11.short.event_impact;L11.short.flow_boost;L11.short.score;L11.short.sentiment_shift;L11.short.technical;L11.trade.signal;L4.cost.labor;L4.cost.raw_material;L4.eff.cycle;L4.eff.turnover;L5.bs.cash_debt;L5.bs.goodwill_ppe;L5.bs.leverage;L5.cf.buyback_dividend;L5.cf.capex;L5.cf.icf_fcf;L5.cf.ocf;L5.fina.asset_turnover;L5.fina.bps;L5.fina.cfps;L5.fina.debt_ratio;L5.fina.eps;L5.fina.net_margin;L5.fina.net_profit_yoy;L5.fina.ocf_quality;L5.fina.profit_yoy_q;L5.fina.revenue_yoy;L5.fina.revenue_yoy_q;L5.fina.roe;L5.fina.total_revenue_yoy;L5.is.eps;L5.is.margins;L5.is.net_profit;L5.is.operating_profit;L5.is.revenue;L5.is.revenue_growth;L5.is.sga_rd;L5.surprise.sell_side;L6.mult.pb;L6.mult.pe;L6.mult.ps;L6.path.second_derivative;L6.path.tag;L6.priced.crowdedness;L6.priced.run_up;L6.sens.cashflow;L6.sens.growth_margin;L6.sens.rates;L6.sens.risk_narrative;L6.state.historical_percentile;L7.env.risk_appetite;L7.flow.active_inflow;L7.mood.fomo;L7.mood.media_social;L7.mood.theme;L7.trade.margin_short;L7.trade.volume_turnover;L8.fin.cash_ar;L8.fin.debt_pressure;L8.gov.insider_sell;L8.gov.management_change;L8.gov.management_table;L8.industry.demand_supply;L8.industry.price_war;L8.op.inventory_glut;L8.val.overvalued;L8.val.priced_in;L9.company.buyback_dividend;L9.company.earnings_guidance;L9.company.mgmt_litigation;L9.disclosure.qa_recent;L9.event.holder_trade_signal;L9.event.intraday_announcement;L9.event.intraday_news;L9.event.major_holder_decrease;L9.event.major_holder_increase;L9.media.social_buzz,
600031.SH,三一重工,A,EXPORT_MFG,59,1,5,51,2,0,96,0,102,250,40.80,"{""derive:l10_val_expansion_compression"": 1, ""derived:pe_pb_history"": 1, ""derive:bootstrap_l11_subscore"": 11, ""derive:l11_long_score"": 1, ""derive:l11_mid_score"": 1, ""derive:l11_mode"": 1, ""derive:l11_short_score"": 1, ""derive:l11_trade_signal"": 1, ""tushare:cashflow+income.derived"": 1, ""tushare:income.derived"": 5, ""tushare:balancesheet+income.derived"": 2, ""tushare:balancesheet"": 4, ""tushare:balancesheet.derived"": 1, ""tushare:cashflow"": 5, ""tushare:fina_indicator"": 16, ""tushare:income"": 5, ""tushare:report_rc"": 1, ""tushare:daily_basic+cashflow"": 1, ""tushare:daily_basic"": 4, ""derive:l6_path_second_derivative"": 1, ""derive:l6_path_tag"": 1, ""derived:turnover_history"": 1, ""derived:price_history"": 1, ""derive:l6_sens_cashflow"": 1, ""derive:l6_sens_growth_margin"": 1, ""derive:l6_sens_rates"": 1, ""derive:l6_sens_risk_narrative"": 1, ""tushare:daily_basic.history"": 1, ""derive:l7_env_risk_appetite"": 1, ""tushare:moneyflow"": 1, ""derive:l7_mood_fomo"": 1, ""akshare:stock_hot_rank_em+keyword"": 1, ""akshare:stock_hot_keyword_em"": 1, ""tushare:margin_detail"": 1, ""tushare:cashflow+income+balancesheet.derived"": 1, ""tushare:balancesheet+fina_indicator.derived"": 2, ""tushare:stk_holdertrade|alias→L8.gov.insider_sell"": 1, ""tushare:stk_managers|alias→L8.gov.management_change"": 1, ""derive:l8_industry_demand_supply"": 1, ""derive:l8_industry_price_war"": 1, ""derived:from_quantile"": 1, ""derive:l8_val_priced_in"": 1, ""tushare:dividend"": 1, ""tushare:forecast"": 1, ""tushare:stk_managers"": 1, ""tushare:stk_holdertrade"": 3, ""akshare:stock_individual_notice_report"": 1, ""akshare:em_news"": 1, ""akshare:xq_hot"": 1}",company,L2.newbiz.commercialization;L2.newbiz.revenue_contrib;L2.newbiz.tam;L2.newbiz.uncertainty;L2.newbiz.valuation_contrib,L10.val.expansion_compression;L10.val.historical_quantile;L11.long.business_model;L11.long.compete_moat;L11.long.industry_space;L11.long.margin;L11.long.score;L11.mid.eps_upward;L11.mid.margin_guidance;L11.mid.orders_revenue;L11.mid.score;L11.mode;L11.short.event_impact;L11.short.flow_boost;L11.short.score;L11.short.sentiment_shift;L11.short.technical;L11.trade.signal;L4.cost.labor;L4.cost.raw_material;L4.eff.cycle;L4.eff.turnover;L5.bs.ar_ap;L5.bs.cash_debt;L5.bs.goodwill_ppe;L5.bs.inventory;L5.bs.leverage;L5.cf.buyback_dividend;L5.cf.capex;L5.cf.fcf;L5.cf.icf_fcf;L5.cf.ocf;L5.fina.asset_turnover;L5.fina.bps;L5.fina.cfps;L5.fina.debt_ratio;L5.fina.eps;L5.fina.gross_margin;L5.fina.net_margin;L5.fina.net_profit_yoy;L5.fina.ocf_quality;L5.fina.profit_yoy_q;L5.fina.revenue_yoy;L5.fina.revenue_yoy_q;L5.fina.roa;L5.fina.roe;L5.fina.total_revenue_yoy;L5.fina.working_capital;L5.is.eps;L5.is.gross_margin;L5.is.gross_profit;L5.is.margins;L5.is.net_profit;L5.is.operating_profit;L5.is.revenue;L5.is.revenue_growth;L5.is.sga_rd;L5.surprise.sell_side;L6.mult.mcap_fcf;L6.mult.pb;L6.mult.pe;L6.mult.ps;L6.path.second_derivative;L6.path.tag;L6.priced.crowdedness;L6.priced.run_up;L6.sens.cashflow;L6.sens.growth_margin;L6.sens.rates;L6.sens.risk_narrative;L6.state.historical_percentile;L7.env.risk_appetite;L7.flow.active_inflow;L7.mood.fomo;L7.mood.media_social;L7.mood.theme;L7.trade.margin_short;L7.trade.volume_turnover;L8.fin.cash_ar;L8.fin.debt_pressure;L8.gov.insider_sell;L8.gov.management_change;L8.industry.demand_supply;L8.industry.price_war;L8.op.inventory_glut;L8.val.overvalued;L8.val.priced_in;L9.company.buyback_dividend;L9.company.earnings_guidance;L9.company.mgmt_litigation;L9.event.holder_trade_signal;L9.event.intraday_announcement;L9.event.intraday_news;L9.event.major_holder_decrease;L9.event.major_holder_increase;L9.media.social_buzz,
600036.SH,招商银行,A,FINANCIAL_HIGH_DIVIDEND,59,1,5,51,2,0,86,0,92,250,36.80,"{""derive:l10_val_expansion_compression"": 1, ""derived:pe_pb_history"": 1, ""derive:bootstrap_l11_subscore"": 11, ""derive:l11_long_score"": 1, ""derive:l11_mid_score"": 1, ""derive:l11_mode"": 1, ""derive:l11_short_score"": 1, ""derive:l11_trade_signal"": 1, ""tushare:cashflow+income.derived"": 1, ""tushare:income.derived"": 3, ""tushare:balancesheet+income.derived"": 2, ""tushare:balancesheet"": 1, ""tushare:balancesheet.derived"": 1, ""tushare:cashflow"": 4, ""tushare:fina_indicator"": 13, ""tushare:income"": 5, ""tushare:report_rc"": 1, ""tushare:daily_basic"": 4, ""derive:l6_path_second_derivative"": 1, ""derive:l6_path_tag"": 1, ""derived:turnover_history"": 1, ""derived:price_history"": 1, ""derive:l6_sens_cashflow"": 1, ""derive:l6_sens_growth_margin"": 1, ""derive:l6_sens_rates"": 1, ""derive:l6_sens_risk_narrative"": 1, ""tushare:daily_basic.history"": 1, ""derive:l7_env_risk_appetite"": 1, ""tushare:moneyflow"": 1, ""derive:l7_mood_fomo"": 1, ""akshare:stock_hot_rank_em+keyword"": 1, ""akshare:stock_hot_keyword_em"": 1, ""tushare:margin_detail"": 1, ""tushare:cashflow+income+balancesheet.derived"": 1, ""tushare:balancesheet+fina_indicator.derived"": 2, ""tushare:stk_holdertrade|alias→L8.gov.insider_sell"": 1, ""tushare:stk_managers|alias→L8.gov.management_change"": 1, ""derive:l8_industry_demand_supply"": 1, ""derive:l8_industry_price_war"": 1, ""derived:from_quantile"": 1, ""derive:l8_val_priced_in"": 1, ""tushare:dividend"": 1, ""tushare:forecast"": 1, ""tushare:stk_managers"": 1, ""tushare:stk_holdertrade"": 3, ""akshare:stock_individual_notice_report"": 1, ""akshare:em_news"": 1, ""akshare:xq_hot"": 1}",company,L2.newbiz.commercialization;L2.newbiz.revenue_contrib;L2.newbiz.tam;L2.newbiz.uncertainty;L2.newbiz.valuation_contrib,L10.val.expansion_compression;L10.val.historical_quantile;L11.long.business_model;L11.long.compete_moat;L11.long.industry_space;L11.long.margin;L11.long.score;L11.mid.eps_upward;L11.mid.margin_guidance;L11.mid.orders_revenue;L11.mid.score;L11.mode;L11.short.event_impact;L11.short.flow_boost;L11.short.score;L11.short.sentiment_shift;L11.short.technical;L11.trade.signal;L4.cost.labor;L4.cost.raw_material;L4.eff.cycle;L4.eff.turnover;L5.bs.goodwill_ppe;L5.bs.leverage;L5.cf.buyback_dividend;L5.cf.capex;L5.cf.icf_fcf;L5.cf.ocf;L5.fina.asset_turnover;L5.fina.bps;L5.fina.cfps;L5.fina.debt_ratio;L5.fina.eps;L5.fina.net_margin;L5.fina.net_profit_yoy;L5.fina.ocf_quality;L5.fina.profit_yoy_q;L5.fina.revenue_yoy;L5.fina.revenue_yoy_q;L5.fina.roe;L5.fina.total_revenue_yoy;L5.is.eps;L5.is.margins;L5.is.net_profit;L5.is.operating_profit;L5.is.revenue;L5.is.revenue_growth;L5.is.sga_rd;L5.surprise.sell_side;L6.mult.pb;L6.mult.pe;L6.mult.ps;L6.path.second_derivative;L6.path.tag;L6.priced.crowdedness;L6.priced.run_up;L6.sens.cashflow;L6.sens.growth_margin;L6.sens.rates;L6.sens.risk_narrative;L6.state.historical_percentile;L7.env.risk_appetite;L7.flow.active_inflow;L7.mood.fomo;L7.mood.media_social;L7.mood.theme;L7.trade.margin_short;L7.trade.volume_turnover;L8.fin.cash_ar;L8.fin.debt_pressure;L8.gov.insider_sell;L8.gov.management_change;L8.industry.demand_supply;L8.industry.price_war;L8.op.inventory_glut;L8.val.overvalued;L8.val.priced_in;L9.company.buyback_dividend;L9.company.earnings_guidance;L9.company.mgmt_litigation;L9.event.holder_trade_signal;L9.event.intraday_announcement;L9.event.intraday_news;L9.event.major_holder_decrease;L9.event.major_holder_increase;L9.media.social_buzz,
600111.SH,北方稀土,A,NONFERROUS_METALS,59,1,5,51,2,0,96,0,102,250,40.80,"{""derive:l10_val_expansion_compression"": 1, ""derived:pe_pb_history"": 1, ""derive:bootstrap_l11_subscore"": 11, ""derive:l11_long_score"": 1, ""derive:l11_mid_score"": 1, ""derive:l11_mode"": 1, ""derive:l11_short_score"": 1, ""derive:l11_trade_signal"": 1, ""tushare:cashflow+income.derived"": 1, ""tushare:income.derived"": 5, ""tushare:balancesheet+income.derived"": 2, ""tushare:balancesheet"": 4, ""tushare:balancesheet.derived"": 1, ""tushare:cashflow"": 5, ""tushare:fina_indicator"": 16, ""tushare:income"": 5, ""tushare:report_rc"": 1, ""tushare:daily_basic+cashflow"": 1, ""tushare:daily_basic"": 4, ""derive:l6_path_second_derivative"": 1, ""derive:l6_path_tag"": 1, ""derived:turnover_history"": 1, ""derived:price_history"": 1, ""derive:l6_sens_cashflow"": 1, ""derive:l6_sens_growth_margin"": 1, ""derive:l6_sens_rates"": 1, ""derive:l6_sens_risk_narrative"": 1, ""tushare:daily_basic.history"": 1, ""derive:l7_env_risk_appetite"": 1, ""tushare:moneyflow"": 1, ""derive:l7_mood_fomo"": 1, ""akshare:stock_hot_rank_em+keyword"": 1, ""akshare:stock_hot_keyword_em"": 1, ""tushare:margin_detail"": 1, ""tushare:cashflow+income+balancesheet.derived"": 1, ""tushare:balancesheet+fina_indicator.derived"": 2, ""tushare:stk_holdertrade|alias→L8.gov.insider_sell"": 1, ""tushare:stk_managers|alias→L8.gov.management_change"": 1, ""derive:l8_industry_demand_supply"": 1, ""derive:l8_industry_price_war"": 1, ""derived:from_quantile"": 1, ""derive:l8_val_priced_in"": 1, ""tushare:dividend"": 1, ""tushare:forecast"": 1, ""tushare:stk_managers"": 1, ""tushare:stk_holdertrade"": 3, ""akshare:stock_individual_notice_report"": 1, ""akshare:em_news"": 1, ""akshare:xq_hot"": 1}",company,L2.newbiz.commercialization;L2.newbiz.revenue_contrib;L2.newbiz.tam;L2.newbiz.uncertainty;L2.newbiz.valuation_contrib,L10.val.expansion_compression;L10.val.historical_quantile;L11.long.business_model;L11.long.compete_moat;L11.long.industry_space;L11.long.margin;L11.long.score;L11.mid.eps_upward;L11.mid.margin_guidance;L11.mid.orders_revenue;L11.mid.score;L11.mode;L11.short.event_impact;L11.short.flow_boost;L11.short.score;L11.short.sentiment_shift;L11.short.technical;L11.trade.signal;L4.cost.labor;L4.cost.raw_material;L4.eff.cycle;L4.eff.turnover;L5.bs.ar_ap;L5.bs.cash_debt;L5.bs.goodwill_ppe;L5.bs.inventory;L5.bs.leverage;L5.cf.buyback_dividend;L5.cf.capex;L5.cf.fcf;L5.cf.icf_fcf;L5.cf.ocf;L5.fina.asset_turnover;L5.fina.bps;L5.fina.cfps;L5.fina.debt_ratio;L5.fina.eps;L5.fina.gross_margin;L5.fina.net_margin;L5.fina.net_profit_yoy;L5.fina.ocf_quality;L5.fina.profit_yoy_q;L5.fina.revenue_yoy;L5.fina.revenue_yoy_q;L5.fina.roa;L5.fina.roe;L5.fina.total_revenue_yoy;L5.fina.working_capital;L5.is.eps;L5.is.gross_margin;L5.is.gross_profit;L5.is.margins;L5.is.net_profit;L5.is.operating_profit;L5.is.revenue;L5.is.revenue_growth;L5.is.sga_rd;L5.surprise.sell_side;L6.mult.mcap_fcf;L6.mult.pb;L6.mult.pe;L6.mult.ps;L6.path.second_derivative;L6.path.tag;L6.priced.crowdedness;L6.priced.run_up;L6.sens.cashflow;L6.sens.growth_margin;L6.sens.rates;L6.sens.risk_narrative;L6.state.historical_percentile;L7.env.risk_appetite;L7.flow.active_inflow;L7.mood.fomo;L7.mood.media_social;L7.mood.theme;L7.trade.margin_short;L7.trade.volume_turnover;L8.fin.cash_ar;L8.fin.debt_pressure;L8.gov.insider_sell;L8.gov.management_change;L8.industry.demand_supply;L8.industry.price_war;L8.op.inventory_glut;L8.val.overvalued;L8.val.priced_in;L9.company.buyback_dividend;L9.company.earnings_guidance;L9.company.mgmt_litigation;L9.event.holder_trade_signal;L9.event.intraday_announcement;L9.event.intraday_news;L9.event.major_holder_decrease;L9.event.major_holder_increase;L9.media.social_buzz,
600183.SH,生益科技,A,CONSUMER_ELECTRONICS,59,1,5,51,2,0,96,0,102,250,40.80,"{""derive:l10_val_expansion_compression"": 1, ""derived:pe_pb_history"": 1, ""derive:bootstrap_l11_subscore"": 11, ""derive:l11_long_score"": 1, ""derive:l11_mid_score"": 1, ""derive:l11_mode"": 1, ""derive:l11_short_score"": 1, ""derive:l11_trade_signal"": 1, ""tushare:cashflow+income.derived"": 1, ""tushare:income.derived"": 5, ""tushare:balancesheet+income.derived"": 2, ""tushare:balancesheet"": 4, ""tushare:balancesheet.derived"": 1, ""tushare:cashflow"": 5, ""tushare:fina_indicator"": 16, ""tushare:income"": 5, ""tushare:report_rc"": 1, ""tushare:daily_basic+cashflow"": 1, ""tushare:daily_basic"": 4, ""derive:l6_path_second_derivative"": 1, ""derive:l6_path_tag"": 1, ""derived:turnover_history"": 1, ""derived:price_history"": 1, ""derive:l6_sens_cashflow"": 1, ""derive:l6_sens_growth_margin"": 1, ""derive:l6_sens_rates"": 1, ""derive:l6_sens_risk_narrative"": 1, ""tushare:daily_basic.history"": 1, ""derive:l7_env_risk_appetite"": 1, ""tushare:moneyflow"": 1, ""derive:l7_mood_fomo"": 1, ""akshare:stock_hot_rank_em+keyword"": 1, ""akshare:stock_hot_keyword_em"": 1, ""tushare:margin_detail"": 1, ""tushare:cashflow+income+balancesheet.derived"": 1, ""tushare:balancesheet+fina_indicator.derived"": 2, ""tushare:stk_holdertrade|alias→L8.gov.insider_sell"": 1, ""tushare:stk_managers|alias→L8.gov.management_change"": 1, ""derive:l8_industry_demand_supply"": 1, ""derive:l8_industry_price_war"": 1, ""derived:from_quantile"": 1, ""derive:l8_val_priced_in"": 1, ""tushare:dividend"": 1, ""tushare:forecast"": 1, ""tushare:stk_managers"": 1, ""tushare:stk_holdertrade"": 3, ""akshare:stock_individual_notice_report"": 1, ""akshare:em_news"": 1, ""akshare:xq_hot"": 1}",company,L2.newbiz.commercialization;L2.newbiz.revenue_contrib;L2.newbiz.tam;L2.newbiz.uncertainty;L2.newbiz.valuation_contrib,L10.val.expansion_compression;L10.val.historical_quantile;L11.long.business_model;L11.long.compete_moat;L11.long.industry_space;L11.long.margin;L11.long.score;L11.mid.eps_upward;L11.mid.margin_guidance;L11.mid.orders_revenue;L11.mid.score;L11.mode;L11.short.event_impact;L11.short.flow_boost;L11.short.score;L11.short.sentiment_shift;L11.short.technical;L11.trade.signal;L4.cost.labor;L4.cost.raw_material;L4.eff.cycle;L4.eff.turnover;L5.bs.ar_ap;L5.bs.cash_debt;L5.bs.goodwill_ppe;L5.bs.inventory;L5.bs.leverage;L5.cf.buyback_dividend;L5.cf.capex;L5.cf.fcf;L5.cf.icf_fcf;L5.cf.ocf;L5.fina.asset_turnover;L5.fina.bps;L5.fina.cfps;L5.fina.debt_ratio;L5.fina.eps;L5.fina.gross_margin;L5.fina.net_margin;L5.fina.net_profit_yoy;L5.fina.ocf_quality;L5.fina.profit_yoy_q;L5.fina.revenue_yoy;L5.fina.revenue_yoy_q;L5.fina.roa;L5.fina.roe;L5.fina.total_revenue_yoy;L5.fina.working_capital;L5.is.eps;L5.is.gross_margin;L5.is.gross_profit;L5.is.margins;L5.is.net_profit;L5.is.operating_profit;L5.is.revenue;L5.is.revenue_growth;L5.is.sga_rd;L5.surprise.sell_side;L6.mult.mcap_fcf;L6.mult.pb;L6.mult.pe;L6.mult.ps;L6.path.second_derivative;L6.path.tag;L6.priced.crowdedness;L6.priced.run_up;L6.sens.cashflow;L6.sens.growth_margin;L6.sens.rates;L6.sens.risk_narrative;L6.state.historical_percentile;L7.env.risk_appetite;L7.flow.active_inflow;L7.mood.fomo;L7.mood.media_social;L7.mood.theme;L7.trade.margin_short;L7.trade.volume_turnover;L8.fin.cash_ar;L8.fin.debt_pressure;L8.gov.insider_sell;L8.gov.management_change;L8.industry.demand_supply;L8.industry.price_war;L8.op.inventory_glut;L8.val.overvalued;L8.val.priced_in;L9.company.buyback_dividend;L9.company.earnings_guidance;L9.company.mgmt_litigation;L9.event.holder_trade_signal;L9.event.intraday_announcement;L9.event.intraday_news;L9.event.major_holder_decrease;L9.event.major_holder_increase;L9.media.social_buzz,
600196.SH,复星医药,A,INNOVATIVE_PHARMA,59,1,5,51,2,0,96,0,102,250,40.80,"{""derive:l10_val_expansion_compression"": 1, ""derived:pe_pb_history"": 1, ""derive:bootstrap_l11_subscore"": 11, ""derive:l11_long_score"": 1, ""derive:l11_mid_score"": 1, ""derive:l11_mode"": 1, ""derive:l11_short_score"": 1, ""derive:l11_trade_signal"": 1, ""tushare:cashflow+income.derived"": 1, ""tushare:income.derived"": 5, ""tushare:balancesheet+income.derived"": 2, ""tushare:balancesheet"": 4, ""tushare:balancesheet.derived"": 1, ""tushare:cashflow"": 5, ""tushare:fina_indicator"": 16, ""tushare:income"": 5, ""tushare:report_rc"": 1, ""tushare:daily_basic+cashflow"": 1, ""tushare:daily_basic"": 4, ""derive:l6_path_second_derivative"": 1, ""derive:l6_path_tag"": 1, ""derived:turnover_history"": 1, ""derived:price_history"": 1, ""derive:l6_sens_cashflow"": 1, ""derive:l6_sens_growth_margin"": 1, ""derive:l6_sens_rates"": 1, ""derive:l6_sens_risk_narrative"": 1, ""tushare:daily_basic.history"": 1, ""derive:l7_env_risk_appetite"": 1, ""tushare:moneyflow"": 1, ""derive:l7_mood_fomo"": 1, ""akshare:stock_hot_rank_em+keyword"": 1, ""akshare:stock_hot_keyword_em"": 1, ""tushare:margin_detail"": 1, ""tushare:cashflow+income+balancesheet.derived"": 1, ""tushare:balancesheet+fina_indicator.derived"": 2, ""tushare:stk_holdertrade|alias→L8.gov.insider_sell"": 1, ""tushare:stk_managers|alias→L8.gov.management_change"": 1, ""derive:l8_industry_demand_supply"": 1, ""derive:l8_industry_price_war"": 1, ""derived:from_quantile"": 1, ""derive:l8_val_priced_in"": 1, ""tushare:dividend"": 1, ""tushare:forecast"": 1, ""tushare:stk_managers"": 1, ""tushare:stk_holdertrade"": 3, ""akshare:stock_individual_notice_report"": 1, ""akshare:em_news"": 1, ""akshare:xq_hot"": 1}",company,L2.newbiz.commercialization;L2.newbiz.revenue_contrib;L2.newbiz.tam;L2.newbiz.uncertainty;L2.newbiz.valuation_contrib,L10.val.expansion_compression;L10.val.historical_quantile;L11.long.business_model;L11.long.compete_moat;L11.long.industry_space;L11.long.margin;L11.long.score;L11.mid.eps_upward;L11.mid.margin_guidance;L11.mid.orders_revenue;L11.mid.score;L11.mode;L11.short.event_impact;L11.short.flow_boost;L11.short.score;L11.short.sentiment_shift;L11.short.technical;L11.trade.signal;L4.cost.labor;L4.cost.raw_material;L4.eff.cycle;L4.eff.turnover;L5.bs.ar_ap;L5.bs.cash_debt;L5.bs.goodwill_ppe;L5.bs.inventory;L5.bs.leverage;L5.cf.buyback_dividend;L5.cf.capex;L5.cf.fcf;L5.cf.icf_fcf;L5.cf.ocf;L5.fina.asset_turnover;L5.fina.bps;L5.fina.cfps;L5.fina.debt_ratio;L5.fina.eps;L5.fina.gross_margin;L5.fina.net_margin;L5.fina.net_profit_yoy;L5.fina.ocf_quality;L5.fina.profit_yoy_q;L5.fina.revenue_yoy;L5.fina.revenue_yoy_q;L5.fina.roa;L5.fina.roe;L5.fina.total_revenue_yoy;L5.fina.working_capital;L5.is.eps;L5.is.gross_margin;L5.is.gross_profit;L5.is.margins;L5.is.net_profit;L5.is.operating_profit;L5.is.revenue;L5.is.revenue_growth;L5.is.sga_rd;L5.surprise.sell_side;L6.mult.mcap_fcf;L6.mult.pb;L6.mult.pe;L6.mult.ps;L6.path.second_derivative;L6.path.tag;L6.priced.crowdedness;L6.priced.run_up;L6.sens.cashflow;L6.sens.growth_margin;L6.sens.rates;L6.sens.risk_narrative;L6.state.historical_percentile;L7.env.risk_appetite;L7.flow.active_inflow;L7.mood.fomo;L7.mood.media_social;L7.mood.theme;L7.trade.margin_short;L7.trade.volume_turnover;L8.fin.cash_ar;L8.fin.debt_pressure;L8.gov.insider_sell;L8.gov.management_change;L8.industry.demand_supply;L8.industry.price_war;L8.op.inventory_glut;L8.val.overvalued;L8.val.priced_in;L9.company.buyback_dividend;L9.company.earnings_guidance;L9.company.mgmt_litigation;L9.event.holder_trade_signal;L9.event.intraday_announcement;L9.event.intraday_news;L9.event.major_holder_decrease;L9.event.major_holder_increase;L9.media.social_buzz,
600258.SH,首旅酒店,A,DOMESTIC_CONSUMPTION,59,1,5,51,2,0,96,0,102,250,40.80,"{""derive:l10_val_expansion_compression"": 1, ""derived:pe_pb_history"": 1, ""derive:bootstrap_l11_subscore"": 11, ""derive:l11_long_score"": 1, ""derive:l11_mid_score"": 1, ""derive:l11_mode"": 1, ""derive:l11_short_score"": 1, ""derive:l11_trade_signal"": 1, ""tushare:cashflow+income.derived"": 1, ""tushare:income.derived"": 5, ""tushare:balancesheet+income.derived"": 2, ""tushare:balancesheet"": 4, ""tushare:balancesheet.derived"": 1, ""tushare:cashflow"": 5, ""tushare:fina_indicator"": 16, ""tushare:income"": 5, ""tushare:report_rc"": 1, ""tushare:daily_basic+cashflow"": 1, ""tushare:daily_basic"": 4, ""derive:l6_path_second_derivative"": 1, ""derive:l6_path_tag"": 1, ""derived:turnover_history"": 1, ""derived:price_history"": 1, ""derive:l6_sens_cashflow"": 1, ""derive:l6_sens_growth_margin"": 1, ""derive:l6_sens_rates"": 1, ""derive:l6_sens_risk_narrative"": 1, ""tushare:daily_basic.history"": 1, ""derive:l7_env_risk_appetite"": 1, ""tushare:moneyflow"": 1, ""derive:l7_mood_fomo"": 1, ""akshare:stock_hot_rank_em+keyword"": 1, ""akshare:stock_hot_keyword_em"": 1, ""tushare:margin_detail"": 1, ""tushare:cashflow+income+balancesheet.derived"": 1, ""tushare:balancesheet+fina_indicator.derived"": 2, ""tushare:stk_holdertrade|alias→L8.gov.insider_sell"": 1, ""tushare:stk_managers|alias→L8.gov.management_change"": 1, ""derive:l8_industry_demand_supply"": 1, ""derive:l8_industry_price_war"": 1, ""derived:from_quantile"": 1, ""derive:l8_val_priced_in"": 1, ""tushare:dividend"": 1, ""tushare:forecast"": 1, ""tushare:stk_managers"": 1, ""tushare:stk_holdertrade"": 3, ""akshare:stock_individual_notice_report"": 1, ""akshare:em_news"": 1, ""akshare:xq_hot"": 1}",company,L2.newbiz.commercialization;L2.newbiz.revenue_contrib;L2.newbiz.tam;L2.newbiz.uncertainty;L2.newbiz.valuation_contrib,L10.val.expansion_compression;L10.val.historical_quantile;L11.long.business_model;L11.long.compete_moat;L11.long.industry_space;L11.long.margin;L11.long.score;L11.mid.eps_upward;L11.mid.margin_guidance;L11.mid.orders_revenue;L11.mid.score;L11.mode;L11.short.event_impact;L11.short.flow_boost;L11.short.score;L11.short.sentiment_shift;L11.short.technical;L11.trade.signal;L4.cost.labor;L4.cost.raw_material;L4.eff.cycle;L4.eff.turnover;L5.bs.ar_ap;L5.bs.cash_debt;L5.bs.goodwill_ppe;L5.bs.inventory;L5.bs.leverage;L5.cf.buyback_dividend;L5.cf.capex;L5.cf.fcf;L5.cf.icf_fcf;L5.cf.ocf;L5.fina.asset_turnover;L5.fina.bps;L5.fina.cfps;L5.fina.debt_ratio;L5.fina.eps;L5.fina.gross_margin;L5.fina.net_margin;L5.fina.net_profit_yoy;L5.fina.ocf_quality;L5.fina.profit_yoy_q;L5.fina.revenue_yoy;L5.fina.revenue_yoy_q;L5.fina.roa;L5.fina.roe;L5.fina.total_revenue_yoy;L5.fina.working_capital;L5.is.eps;L5.is.gross_margin;L5.is.gross_profit;L5.is.margins;L5.is.net_profit;L5.is.operating_profit;L5.is.revenue;L5.is.revenue_growth;L5.is.sga_rd;L5.surprise.sell_side;L6.mult.mcap_fcf;L6.mult.pb;L6.mult.pe;L6.mult.ps;L6.path.second_derivative;L6.path.tag;L6.priced.crowdedness;L6.priced.run_up;L6.sens.cashflow;L6.sens.growth_margin;L6.sens.rates;L6.sens.risk_narrative;L6.state.historical_percentile;L7.env.risk_appetite;L7.flow.active_inflow;L7.mood.fomo;L7.mood.media_social;L7.mood.theme;L7.trade.margin_short;L7.trade.volume_turnover;L8.fin.cash_ar;L8.fin.debt_pressure;L8.gov.insider_sell;L8.gov.management_change;L8.industry.demand_supply;L8.industry.price_war;L8.op.inventory_glut;L8.val.overvalued;L8.val.priced_in;L9.company.buyback_dividend;L9.company.earnings_guidance;L9.company.mgmt_litigation;L9.event.holder_trade_signal;L9.event.intraday_announcement;L9.event.intraday_news;L9.event.major_holder_decrease;L9.event.major_holder_increase;L9.media.social_buzz,
600276.SH,恒瑞医药,A,INNOVATIVE_PHARMA,59,1,5,51,2,0,95,0,101,250,40.40,"{""derive:l10_val_expansion_compression"": 1, ""derived:pe_pb_history"": 1, ""derive:bootstrap_l11_subscore"": 11, ""derive:l11_long_score"": 1, ""derive:l11_mid_score"": 1, ""derive:l11_mode"": 1, ""derive:l11_short_score"": 1, ""derive:l11_trade_signal"": 1, ""tushare:cashflow+income.derived"": 1, ""tushare:income.derived"": 5, ""tushare:balancesheet+income.derived"": 2, ""tushare:balancesheet"": 4, ""tushare:balancesheet.derived"": 1, ""tushare:cashflow"": 4, ""tushare:fina_indicator"": 16, ""tushare:income"": 5, ""tushare:report_rc"": 1, ""tushare:daily_basic+cashflow"": 1, ""tushare:daily_basic"": 4, ""derive:l6_path_second_derivative"": 1, ""derive:l6_path_tag"": 1, ""derived:turnover_history"": 1, ""derived:price_history"": 1, ""derive:l6_sens_cashflow"": 1, ""derive:l6_sens_growth_margin"": 1, ""derive:l6_sens_rates"": 1, ""derive:l6_sens_risk_narrative"": 1, ""tushare:daily_basic.history"": 1, ""derive:l7_env_risk_appetite"": 1, ""tushare:moneyflow"": 1, ""derive:l7_mood_fomo"": 1, ""akshare:stock_hot_rank_em+keyword"": 1, ""akshare:stock_hot_keyword_em"": 1, ""tushare:margin_detail"": 1, ""tushare:cashflow+income+balancesheet.derived"": 1, ""tushare:balancesheet+fina_indicator.derived"": 2, ""tushare:stk_holdertrade|alias→L8.gov.insider_sell"": 1, ""tushare:stk_managers|alias→L8.gov.management_change"": 1, ""derive:l8_industry_demand_supply"": 1, ""derive:l8_industry_price_war"": 1, ""derived:from_quantile"": 1, ""derive:l8_val_priced_in"": 1, ""tushare:dividend"": 1, ""tushare:forecast"": 1, ""tushare:stk_managers"": 1, ""tushare:stk_holdertrade"": 3, ""akshare:stock_individual_notice_report"": 1, ""akshare:em_news"": 1, ""akshare:xq_hot"": 1}",company,L2.newbiz.commercialization;L2.newbiz.revenue_contrib;L2.newbiz.tam;L2.newbiz.uncertainty;L2.newbiz.valuation_contrib,L10.val.expansion_compression;L10.val.historical_quantile;L11.long.business_model;L11.long.compete_moat;L11.long.industry_space;L11.long.margin;L11.long.score;L11.mid.eps_upward;L11.mid.margin_guidance;L11.mid.orders_revenue;L11.mid.score;L11.mode;L11.short.event_impact;L11.short.flow_boost;L11.short.score;L11.short.sentiment_shift;L11.short.technical;L11.trade.signal;L4.cost.labor;L4.cost.raw_material;L4.eff.cycle;L4.eff.turnover;L5.bs.ar_ap;L5.bs.cash_debt;L5.bs.goodwill_ppe;L5.bs.inventory;L5.bs.leverage;L5.cf.capex;L5.cf.fcf;L5.cf.icf_fcf;L5.cf.ocf;L5.fina.asset_turnover;L5.fina.bps;L5.fina.cfps;L5.fina.debt_ratio;L5.fina.eps;L5.fina.gross_margin;L5.fina.net_margin;L5.fina.net_profit_yoy;L5.fina.ocf_quality;L5.fina.profit_yoy_q;L5.fina.revenue_yoy;L5.fina.revenue_yoy_q;L5.fina.roa;L5.fina.roe;L5.fina.total_revenue_yoy;L5.fina.working_capital;L5.is.eps;L5.is.gross_margin;L5.is.gross_profit;L5.is.margins;L5.is.net_profit;L5.is.operating_profit;L5.is.revenue;L5.is.revenue_growth;L5.is.sga_rd;L5.surprise.sell_side;L6.mult.mcap_fcf;L6.mult.pb;L6.mult.pe;L6.mult.ps;L6.path.second_derivative;L6.path.tag;L6.priced.crowdedness;L6.priced.run_up;L6.sens.cashflow;L6.sens.growth_margin;L6.sens.rates;L6.sens.risk_narrative;L6.state.historical_percentile;L7.env.risk_appetite;L7.flow.active_inflow;L7.mood.fomo;L7.mood.media_social;L7.mood.theme;L7.trade.margin_short;L7.trade.volume_turnover;L8.fin.cash_ar;L8.fin.debt_pressure;L8.gov.insider_sell;L8.gov.management_change;L8.industry.demand_supply;L8.industry.price_war;L8.op.inventory_glut;L8.val.overvalued;L8.val.priced_in;L9.company.buyback_dividend;L9.company.earnings_guidance;L9.company.mgmt_litigation;L9.event.holder_trade_signal;L9.event.intraday_announcement;L9.event.intraday_news;L9.event.major_holder_decrease;L9.event.major_holder_increase;L9.media.social_buzz,
600309.SH,万华化学,A,ANTI_INVOLUTION_CYCLICAL,59,1,5,51,2,0,96,0,102,250,40.80,"{""derive:l10_val_expansion_compression"": 1, ""derived:pe_pb_history"": 1, ""derive:bootstrap_l11_subscore"": 11, ""derive:l11_long_score"": 1, ""derive:l11_mid_score"": 1, ""derive:l11_mode"": 1, ""derive:l11_short_score"": 1, ""derive:l11_trade_signal"": 1, ""tushare:cashflow+income.derived"": 1, ""tushare:income.derived"": 5, ""tushare:balancesheet+income.derived"": 2, ""tushare:balancesheet"": 4, ""tushare:balancesheet.derived"": 1, ""tushare:cashflow"": 5, ""tushare:fina_indicator"": 16, ""tushare:income"": 5, ""tushare:report_rc"": 1, ""tushare:daily_basic+cashflow"": 1, ""tushare:daily_basic"": 4, ""derive:l6_path_second_derivative"": 1, ""derive:l6_path_tag"": 1, ""derived:turnover_history"": 1, ""derived:price_history"": 1, ""derive:l6_sens_cashflow"": 1, ""derive:l6_sens_growth_margin"": 1, ""derive:l6_sens_rates"": 1, ""derive:l6_sens_risk_narrative"": 1, ""tushare:daily_basic.history"": 1, ""derive:l7_env_risk_appetite"": 1, ""tushare:moneyflow"": 1, ""derive:l7_mood_fomo"": 1, ""akshare:stock_hot_rank_em+keyword"": 1, ""akshare:stock_hot_keyword_em"": 1, ""tushare:margin_detail"": 1, ""tushare:cashflow+income+balancesheet.derived"": 1, ""tushare:balancesheet+fina_indicator.derived"": 2, ""tushare:stk_holdertrade|alias→L8.gov.insider_sell"": 1, ""tushare:stk_managers|alias→L8.gov.management_change"": 1, ""derive:l8_industry_demand_supply"": 1, ""derive:l8_industry_price_war"": 1, ""derived:from_quantile"": 1, ""derive:l8_val_priced_in"": 1, ""tushare:dividend"": 1, ""tushare:forecast"": 1, ""tushare:stk_managers"": 1, ""tushare:stk_holdertrade"": 3, ""akshare:stock_individual_notice_report"": 1, ""akshare:em_news"": 1, ""akshare:xq_hot"": 1}",company,L2.newbiz.commercialization;L2.newbiz.revenue_contrib;L2.newbiz.tam;L2.newbiz.uncertainty;L2.newbiz.valuation_contrib,L10.val.expansion_compression;L10.val.historical_quantile;L11.long.business_model;L11.long.compete_moat;L11.long.industry_space;L11.long.margin;L11.long.score;L11.mid.eps_upward;L11.mid.margin_guidance;L11.mid.orders_revenue;L11.mid.score;L11.mode;L11.short.event_impact;L11.short.flow_boost;L11.short.score;L11.short.sentiment_shift;L11.short.technical;L11.trade.signal;L4.cost.labor;L4.cost.raw_material;L4.eff.cycle;L4.eff.turnover;L5.bs.ar_ap;L5.bs.cash_debt;L5.bs.goodwill_ppe;L5.bs.inventory;L5.bs.leverage;L5.cf.buyback_dividend;L5.cf.capex;L5.cf.fcf;L5.cf.icf_fcf;L5.cf.ocf;L5.fina.asset_turnover;L5.fina.bps;L5.fina.cfps;L5.fina.debt_ratio;L5.fina.eps;L5.fina.gross_margin;L5.fina.net_margin;L5.fina.net_profit_yoy;L5.fina.ocf_quality;L5.fina.profit_yoy_q;L5.fina.revenue_yoy;L5.fina.revenue_yoy_q;L5.fina.roa;L5.fina.roe;L5.fina.total_revenue_yoy;L5.fina.working_capital;L5.is.eps;L5.is.gross_margin;L5.is.gross_profit;L5.is.margins;L5.is.net_profit;L5.is.operating_profit;L5.is.revenue;L5.is.revenue_growth;L5.is.sga_rd;L5.surprise.sell_side;L6.mult.mcap_fcf;L6.mult.pb;L6.mult.pe;L6.mult.ps;L6.path.second_derivative;L6.path.tag;L6.priced.crowdedness;L6.priced.run_up;L6.sens.cashflow;L6.sens.growth_margin;L6.sens.rates;L6.sens.risk_narrative;L6.state.historical_percentile;L7.env.risk_appetite;L7.flow.active_inflow;L7.mood.fomo;L7.mood.media_social;L7.mood.theme;L7.trade.margin_short;L7.trade.volume_turnover;L8.fin.cash_ar;L8.fin.debt_pressure;L8.gov.insider_sell;L8.gov.management_change;L8.industry.demand_supply;L8.industry.price_war;L8.op.inventory_glut;L8.val.overvalued;L8.val.priced_in;L9.company.buyback_dividend;L9.company.earnings_guidance;L9.company.mgmt_litigation;L9.event.holder_trade_signal;L9.event.intraday_announcement;L9.event.intraday_news;L9.event.major_holder_decrease;L9.event.major_holder_increase;L9.media.social_buzz,
600312.SH,平高电气,A,STORAGE_GRID,59,1,5,51,2,0,96,0,102,250,40.80,"{""derive:l10_val_expansion_compression"": 1, ""derived:pe_pb_history"": 1, ""derive:bootstrap_l11_subscore"": 11, ""derive:l11_long_score"": 1, ""derive:l11_mid_score"": 1, ""derive:l11_mode"": 1, ""derive:l11_short_score"": 1, ""derive:l11_trade_signal"": 1, ""tushare:cashflow+income.derived"": 1, ""tushare:income.derived"": 5, ""tushare:balancesheet+income.derived"": 2, ""tushare:balancesheet"": 4, ""tushare:balancesheet.derived"": 1, ""tushare:cashflow"": 5, ""tushare:fina_indicator"": 16, ""tushare:income"": 5, ""tushare:report_rc"": 1, ""tushare:daily_basic+cashflow"": 1, ""tushare:daily_basic"": 4, ""derive:l6_path_second_derivative"": 1, ""derive:l6_path_tag"": 1, ""derived:turnover_history"": 1, ""derived:price_history"": 1, ""derive:l6_sens_cashflow"": 1, ""derive:l6_sens_growth_margin"": 1, ""derive:l6_sens_rates"": 1, ""derive:l6_sens_risk_narrative"": 1, ""tushare:daily_basic.history"": 1, ""derive:l7_env_risk_appetite"": 1, ""tushare:moneyflow"": 1, ""derive:l7_mood_fomo"": 1, ""akshare:stock_hot_rank_em+keyword"": 1, ""akshare:stock_hot_keyword_em"": 1, ""tushare:margin_detail"": 1, ""tushare:cashflow+income+balancesheet.derived"": 1, ""tushare:balancesheet+fina_indicator.derived"": 2, ""tushare:stk_holdertrade|alias→L8.gov.insider_sell"": 1, ""tushare:stk_managers|alias→L8.gov.management_change"": 1, ""derive:l8_industry_demand_supply"": 1, ""derive:l8_industry_price_war"": 1, ""derived:from_quantile"": 1, ""derive:l8_val_priced_in"": 1, ""tushare:dividend"": 1, ""tushare:forecast"": 1, ""tushare:stk_managers"": 1, ""tushare:stk_holdertrade"": 3, ""akshare:stock_individual_notice_report"": 1, ""akshare:em_news"": 1, ""akshare:xq_hot"": 1}",company,L2.newbiz.commercialization;L2.newbiz.revenue_contrib;L2.newbiz.tam;L2.newbiz.uncertainty;L2.newbiz.valuation_contrib,L10.val.expansion_compression;L10.val.historical_quantile;L11.long.business_model;L11.long.compete_moat;L11.long.industry_space;L11.long.margin;L11.long.score;L11.mid.eps_upward;L11.mid.margin_guidance;L11.mid.orders_revenue;L11.mid.score;L11.mode;L11.short.event_impact;L11.short.flow_boost;L11.short.score;L11.short.sentiment_shift;L11.short.technical;L11.trade.signal;L4.cost.labor;L4.cost.raw_material;L4.eff.cycle;L4.eff.turnover;L5.bs.ar_ap;L5.bs.cash_debt;L5.bs.goodwill_ppe;L5.bs.inventory;L5.bs.leverage;L5.cf.buyback_dividend;L5.cf.capex;L5.cf.fcf;L5.cf.icf_fcf;L5.cf.ocf;L5.fina.asset_turnover;L5.fina.bps;L5.fina.cfps;L5.fina.debt_ratio;L5.fina.eps;L5.fina.gross_margin;L5.fina.net_margin;L5.fina.net_profit_yoy;L5.fina.ocf_quality;L5.fina.profit_yoy_q;L5.fina.revenue_yoy;L5.fina.revenue_yoy_q;L5.fina.roa;L5.fina.roe;L5.fina.total_revenue_yoy;L5.fina.working_capital;L5.is.eps;L5.is.gross_margin;L5.is.gross_profit;L5.is.margins;L5.is.net_profit;L5.is.operating_profit;L5.is.revenue;L5.is.revenue_growth;L5.is.sga_rd;L5.surprise.sell_side;L6.mult.mcap_fcf;L6.mult.pb;L6.mult.pe;L6.mult.ps;L6.path.second_derivative;L6.path.tag;L6.priced.crowdedness;L6.priced.run_up;L6.sens.cashflow;L6.sens.growth_margin;L6.sens.rates;L6.sens.risk_narrative;L6.state.historical_percentile;L7.env.risk_appetite;L7.flow.active_inflow;L7.mood.fomo;L7.mood.media_social;L7.mood.theme;L7.trade.margin_short;L7.trade.volume_turnover;L8.fin.cash_ar;L8.fin.debt_pressure;L8.gov.insider_sell;L8.gov.management_change;L8.industry.demand_supply;L8.industry.price_war;L8.op.inventory_glut;L8.val.overvalued;L8.val.priced_in;L9.company.buyback_dividend;L9.company.earnings_guidance;L9.company.mgmt_litigation;L9.event.holder_trade_signal;L9.event.intraday_announcement;L9.event.intraday_news;L9.event.major_holder_decrease;L9.event.major_holder_increase;L9.media.social_buzz,
600346.SH,恒力石化,A,ANTI_INVOLUTION_CYCLICAL,59,1,5,51,2,0,96,0,102,250,40.80,"{""derive:l10_val_expansion_compression"": 1, ""derived:pe_pb_history"": 1, ""derive:bootstrap_l11_subscore"": 11, ""derive:l11_long_score"": 1, ""derive:l11_mid_score"": 1, ""derive:l11_mode"": 1, ""derive:l11_short_score"": 1, ""derive:l11_trade_signal"": 1, ""tushare:cashflow+income.derived"": 1, ""tushare:income.derived"": 5, ""tushare:balancesheet+income.derived"": 2, ""tushare:balancesheet"": 4, ""tushare:balancesheet.derived"": 1, ""tushare:cashflow"": 5, ""tushare:fina_indicator"": 16, ""tushare:income"": 5, ""tushare:report_rc"": 1, ""tushare:daily_basic+cashflow"": 1, ""tushare:daily_basic"": 4, ""derive:l6_path_second_derivative"": 1, ""derive:l6_path_tag"": 1, ""derived:turnover_history"": 1, ""derived:price_history"": 1, ""derive:l6_sens_cashflow"": 1, ""derive:l6_sens_growth_margin"": 1, ""derive:l6_sens_rates"": 1, ""derive:l6_sens_risk_narrative"": 1, ""tushare:daily_basic.history"": 1, ""derive:l7_env_risk_appetite"": 1, ""tushare:moneyflow"": 1, ""derive:l7_mood_fomo"": 1, ""akshare:stock_hot_rank_em+keyword"": 1, ""akshare:stock_hot_keyword_em"": 1, ""tushare:margin_detail"": 1, ""tushare:cashflow+income+balancesheet.derived"": 1, ""tushare:balancesheet+fina_indicator.derived"": 2, ""tushare:stk_holdertrade|alias→L8.gov.insider_sell"": 1, ""tushare:stk_managers|alias→L8.gov.management_change"": 1, ""derive:l8_industry_demand_supply"": 1, ""derive:l8_industry_price_war"": 1, ""derived:from_quantile"": 1, ""derive:l8_val_priced_in"": 1, ""tushare:dividend"": 1, ""tushare:forecast"": 1, ""tushare:stk_managers"": 1, ""tushare:stk_holdertrade"": 3, ""akshare:stock_individual_notice_report"": 1, ""akshare:em_news"": 1, ""akshare:xq_hot"": 1}",company,L2.newbiz.commercialization;L2.newbiz.revenue_contrib;L2.newbiz.tam;L2.newbiz.uncertainty;L2.newbiz.valuation_contrib,L10.val.expansion_compression;L10.val.historical_quantile;L11.long.business_model;L11.long.compete_moat;L11.long.industry_space;L11.long.margin;L11.long.score;L11.mid.eps_upward;L11.mid.margin_guidance;L11.mid.orders_revenue;L11.mid.score;L11.mode;L11.short.event_impact;L11.short.flow_boost;L11.short.score;L11.short.sentiment_shift;L11.short.technical;L11.trade.signal;L4.cost.labor;L4.cost.raw_material;L4.eff.cycle;L4.eff.turnover;L5.bs.ar_ap;L5.bs.cash_debt;L5.bs.goodwill_ppe;L5.bs.inventory;L5.bs.leverage;L5.cf.buyback_dividend;L5.cf.capex;L5.cf.fcf;L5.cf.icf_fcf;L5.cf.ocf;L5.fina.asset_turnover;L5.fina.bps;L5.fina.cfps;L5.fina.debt_ratio;L5.fina.eps;L5.fina.gross_margin;L5.fina.net_margin;L5.fina.net_profit_yoy;L5.fina.ocf_quality;L5.fina.profit_yoy_q;L5.fina.revenue_yoy;L5.fina.revenue_yoy_q;L5.fina.roa;L5.fina.roe;L5.fina.total_revenue_yoy;L5.fina.working_capital;L5.is.eps;L5.is.gross_margin;L5.is.gross_profit;L5.is.margins;L5.is.net_profit;L5.is.operating_profit;L5.is.revenue;L5.is.revenue_growth;L5.is.sga_rd;L5.surprise.sell_side;L6.mult.mcap_fcf;L6.mult.pb;L6.mult.pe;L6.mult.ps;L6.path.second_derivative;L6.path.tag;L6.priced.crowdedness;L6.priced.run_up;L6.sens.cashflow;L6.sens.growth_margin;L6.sens.rates;L6.sens.risk_narrative;L6.state.historical_percentile;L7.env.risk_appetite;L7.flow.active_inflow;L7.mood.fomo;L7.mood.media_social;L7.mood.theme;L7.trade.margin_short;L7.trade.volume_turnover;L8.fin.cash_ar;L8.fin.debt_pressure;L8.gov.insider_sell;L8.gov.management_change;L8.industry.demand_supply;L8.industry.price_war;L8.op.inventory_glut;L8.val.overvalued;L8.val.priced_in;L9.company.buyback_dividend;L9.company.earnings_guidance;L9.company.mgmt_litigation;L9.event.holder_trade_signal;L9.event.intraday_announcement;L9.event.intraday_news;L9.event.major_holder_decrease;L9.event.major_holder_increase;L9.media.social_buzz,
600362.SH,江西铜业,A,NONFERROUS_METALS,59,1,5,51,2,0,96,0,102,250,40.80,"{""derive:l10_val_expansion_compression"": 1, ""derived:pe_pb_history"": 1, ""derive:bootstrap_l11_subscore"": 11, ""derive:l11_long_score"": 1, ""derive:l11_mid_score"": 1, ""derive:l11_mode"": 1, ""derive:l11_short_score"": 1, ""derive:l11_trade_signal"": 1, ""tushare:cashflow+income.derived"": 1, ""tushare:income.derived"": 5, ""tushare:balancesheet+income.derived"": 2, ""tushare:balancesheet"": 4, ""tushare:balancesheet.derived"": 1, ""tushare:cashflow"": 5, ""tushare:fina_indicator"": 16, ""tushare:income"": 5, ""tushare:report_rc"": 1, ""tushare:daily_basic+cashflow"": 1, ""tushare:daily_basic"": 4, ""derive:l6_path_second_derivative"": 1, ""derive:l6_path_tag"": 1, ""derived:turnover_history"": 1, ""derived:price_history"": 1, ""derive:l6_sens_cashflow"": 1, ""derive:l6_sens_growth_margin"": 1, ""derive:l6_sens_rates"": 1, ""derive:l6_sens_risk_narrative"": 1, ""tushare:daily_basic.history"": 1, ""derive:l7_env_risk_appetite"": 1, ""tushare:moneyflow"": 1, ""derive:l7_mood_fomo"": 1, ""akshare:stock_hot_rank_em+keyword"": 1, ""akshare:stock_hot_keyword_em"": 1, ""tushare:margin_detail"": 1, ""tushare:cashflow+income+balancesheet.derived"": 1, ""tushare:balancesheet+fina_indicator.derived"": 2, ""tushare:stk_holdertrade|alias→L8.gov.insider_sell"": 1, ""tushare:stk_managers|alias→L8.gov.management_change"": 1, ""derive:l8_industry_demand_supply"": 1, ""derive:l8_industry_price_war"": 1, ""derived:from_quantile"": 1, ""derive:l8_val_priced_in"": 1, ""tushare:dividend"": 1, ""tushare:forecast"": 1, ""tushare:stk_managers"": 1, ""tushare:stk_holdertrade"": 3, ""akshare:stock_individual_notice_report"": 1, ""akshare:em_news"": 1, ""akshare:xq_hot"": 1}",company,L2.newbiz.commercialization;L2.newbiz.revenue_contrib;L2.newbiz.tam;L2.newbiz.uncertainty;L2.newbiz.valuation_contrib,L10.val.expansion_compression;L10.val.historical_quantile;L11.long.business_model;L11.long.compete_moat;L11.long.industry_space;L11.long.margin;L11.long.score;L11.mid.eps_upward;L11.mid.margin_guidance;L11.mid.orders_revenue;L11.mid.score;L11.mode;L11.short.event_impact;L11.short.flow_boost;L11.short.score;L11.short.sentiment_shift;L11.short.technical;L11.trade.signal;L4.cost.labor;L4.cost.raw_material;L4.eff.cycle;L4.eff.turnover;L5.bs.ar_ap;L5.bs.cash_debt;L5.bs.goodwill_ppe;L5.bs.inventory;L5.bs.leverage;L5.cf.buyback_dividend;L5.cf.capex;L5.cf.fcf;L5.cf.icf_fcf;L5.cf.ocf;L5.fina.asset_turnover;L5.fina.bps;L5.fina.cfps;L5.fina.debt_ratio;L5.fina.eps;L5.fina.gross_margin;L5.fina.net_margin;L5.fina.net_profit_yoy;L5.fina.ocf_quality;L5.fina.profit_yoy_q;L5.fina.revenue_yoy;L5.fina.revenue_yoy_q;L5.fina.roa;L5.fina.roe;L5.fina.total_revenue_yoy;L5.fina.working_capital;L5.is.eps;L5.is.gross_margin;L5.is.gross_profit;L5.is.margins;L5.is.net_profit;L5.is.operating_profit;L5.is.revenue;L5.is.revenue_growth;L5.is.sga_rd;L5.surprise.sell_side;L6.mult.mcap_fcf;L6.mult.pb;L6.mult.pe;L6.mult.ps;L6.path.second_derivative;L6.path.tag;L6.priced.crowdedness;L6.priced.run_up;L6.sens.cashflow;L6.sens.growth_margin;L6.sens.rates;L6.sens.risk_narrative;L6.state.historical_percentile;L7.env.risk_appetite;L7.flow.active_inflow;L7.mood.fomo;L7.mood.media_social;L7.mood.theme;L7.trade.margin_short;L7.trade.volume_turnover;L8.fin.cash_ar;L8.fin.debt_pressure;L8.gov.insider_sell;L8.gov.management_change;L8.industry.demand_supply;L8.industry.price_war;L8.op.inventory_glut;L8.val.overvalued;L8.val.priced_in;L9.company.buyback_dividend;L9.company.earnings_guidance;L9.company.mgmt_litigation;L9.event.holder_trade_signal;L9.event.intraday_announcement;L9.event.intraday_news;L9.event.major_holder_decrease;L9.event.major_holder_increase;L9.media.social_buzz,
600406.SH,国电南瑞,A,STORAGE_GRID,59,1,5,51,2,0,96,0,102,250,40.80,"{""derive:l10_val_expansion_compression"": 1, ""derived:pe_pb_history"": 1, ""derive:bootstrap_l11_subscore"": 11, ""derive:l11_long_score"": 1, ""derive:l11_mid_score"": 1, ""derive:l11_mode"": 1, ""derive:l11_short_score"": 1, ""derive:l11_trade_signal"": 1, ""tushare:cashflow+income.derived"": 1, ""tushare:income.derived"": 5, ""tushare:balancesheet+income.derived"": 2, ""tushare:balancesheet"": 4, ""tushare:balancesheet.derived"": 1, ""tushare:cashflow"": 5, ""tushare:fina_indicator"": 16, ""tushare:income"": 5, ""tushare:report_rc"": 1, ""tushare:daily_basic+cashflow"": 1, ""tushare:daily_basic"": 4, ""derive:l6_path_second_derivative"": 1, ""derive:l6_path_tag"": 1, ""derived:turnover_history"": 1, ""derived:price_history"": 1, ""derive:l6_sens_cashflow"": 1, ""derive:l6_sens_growth_margin"": 1, ""derive:l6_sens_rates"": 1, ""derive:l6_sens_risk_narrative"": 1, ""tushare:daily_basic.history"": 1, ""derive:l7_env_risk_appetite"": 1, ""tushare:moneyflow"": 1, ""derive:l7_mood_fomo"": 1, ""akshare:stock_hot_rank_em+keyword"": 1, ""akshare:stock_hot_keyword_em"": 1, ""tushare:margin_detail"": 1, ""tushare:cashflow+income+balancesheet.derived"": 1, ""tushare:balancesheet+fina_indicator.derived"": 2, ""tushare:stk_holdertrade|alias→L8.gov.insider_sell"": 1, ""tushare:stk_managers|alias→L8.gov.management_change"": 1, ""derive:l8_industry_demand_supply"": 1, ""derive:l8_industry_price_war"": 1, ""derived:from_quantile"": 1, ""derive:l8_val_priced_in"": 1, ""tushare:dividend"": 1, ""tushare:forecast"": 1, ""tushare:stk_managers"": 1, ""tushare:stk_holdertrade"": 3, ""akshare:stock_individual_notice_report"": 1, ""akshare:em_news"": 1, ""akshare:xq_hot"": 1}",company,L2.newbiz.commercialization;L2.newbiz.revenue_contrib;L2.newbiz.tam;L2.newbiz.uncertainty;L2.newbiz.valuation_contrib,L10.val.expansion_compression;L10.val.historical_quantile;L11.long.business_model;L11.long.compete_moat;L11.long.industry_space;L11.long.margin;L11.long.score;L11.mid.eps_upward;L11.mid.margin_guidance;L11.mid.orders_revenue;L11.mid.score;L11.mode;L11.short.event_impact;L11.short.flow_boost;L11.short.score;L11.short.sentiment_shift;L11.short.technical;L11.trade.signal;L4.cost.labor;L4.cost.raw_material;L4.eff.cycle;L4.eff.turnover;L5.bs.ar_ap;L5.bs.cash_debt;L5.bs.goodwill_ppe;L5.bs.inventory;L5.bs.leverage;L5.cf.buyback_dividend;L5.cf.capex;L5.cf.fcf;L5.cf.icf_fcf;L5.cf.ocf;L5.fina.asset_turnover;L5.fina.bps;L5.fina.cfps;L5.fina.debt_ratio;L5.fina.eps;L5.fina.gross_margin;L5.fina.net_margin;L5.fina.net_profit_yoy;L5.fina.ocf_quality;L5.fina.profit_yoy_q;L5.fina.revenue_yoy;L5.fina.revenue_yoy_q;L5.fina.roa;L5.fina.roe;L5.fina.total_revenue_yoy;L5.fina.working_capital;L5.is.eps;L5.is.gross_margin;L5.is.gross_profit;L5.is.margins;L5.is.net_profit;L5.is.operating_profit;L5.is.revenue;L5.is.revenue_growth;L5.is.sga_rd;L5.surprise.sell_side;L6.mult.mcap_fcf;L6.mult.pb;L6.mult.pe;L6.mult.ps;L6.path.second_derivative;L6.path.tag;L6.priced.crowdedness;L6.priced.run_up;L6.sens.cashflow;L6.sens.growth_margin;L6.sens.rates;L6.sens.risk_narrative;L6.state.historical_percentile;L7.env.risk_appetite;L7.flow.active_inflow;L7.mood.fomo;L7.mood.media_social;L7.mood.theme;L7.trade.margin_short;L7.trade.volume_turnover;L8.fin.cash_ar;L8.fin.debt_pressure;L8.gov.insider_sell;L8.gov.management_change;L8.industry.demand_supply;L8.industry.price_war;L8.op.inventory_glut;L8.val.overvalued;L8.val.priced_in;L9.company.buyback_dividend;L9.company.earnings_guidance;L9.company.mgmt_litigation;L9.event.holder_trade_signal;L9.event.intraday_announcement;L9.event.intraday_news;L9.event.major_holder_decrease;L9.event.major_holder_increase;L9.media.social_buzz,
600426.SH,华鲁恒升,A,ANTI_INVOLUTION_CYCLICAL,59,1,5,51,2,0,95,0,101,250,40.40,"{""derive:l10_val_expansion_compression"": 1, ""derived:pe_pb_history"": 1, ""derive:bootstrap_l11_subscore"": 11, ""derive:l11_long_score"": 1, ""derive:l11_mid_score"": 1, ""derive:l11_mode"": 1, ""derive:l11_short_score"": 1, ""derive:l11_trade_signal"": 1, ""tushare:cashflow+income.derived"": 1, ""tushare:income.derived"": 5, ""tushare:balancesheet+income.derived"": 2, ""tushare:balancesheet"": 3, ""tushare:balancesheet.derived"": 1, ""tushare:cashflow"": 5, ""tushare:fina_indicator"": 16, ""tushare:income"": 5, ""tushare:report_rc"": 1, ""tushare:daily_basic+cashflow"": 1, ""tushare:daily_basic"": 4, ""derive:l6_path_second_derivative"": 1, ""derive:l6_path_tag"": 1, ""derived:turnover_history"": 1, ""derived:price_history"": 1, ""derive:l6_sens_cashflow"": 1, ""derive:l6_sens_growth_margin"": 1, ""derive:l6_sens_rates"": 1, ""derive:l6_sens_risk_narrative"": 1, ""tushare:daily_basic.history"": 1, ""derive:l7_env_risk_appetite"": 1, ""tushare:moneyflow"": 1, ""derive:l7_mood_fomo"": 1, ""akshare:stock_hot_rank_em+keyword"": 1, ""akshare:stock_hot_keyword_em"": 1, ""tushare:margin_detail"": 1, ""tushare:cashflow+income+balancesheet.derived"": 1, ""tushare:balancesheet+fina_indicator.derived"": 2, ""tushare:stk_holdertrade|alias→L8.gov.insider_sell"": 1, ""tushare:stk_managers|alias→L8.gov.management_change"": 1, ""derive:l8_industry_demand_supply"": 1, ""derive:l8_industry_price_war"": 1, ""derived:from_quantile"": 1, ""derive:l8_val_priced_in"": 1, ""tushare:dividend"": 1, ""tushare:forecast"": 1, ""tushare:stk_managers"": 1, ""tushare:stk_holdertrade"": 3, ""akshare:stock_individual_notice_report"": 1, ""akshare:em_news"": 1, ""akshare:xq_hot"": 1}",company,L2.newbiz.commercialization;L2.newbiz.revenue_contrib;L2.newbiz.tam;L2.newbiz.uncertainty;L2.newbiz.valuation_contrib,L10.val.expansion_compression;L10.val.historical_quantile;L11.long.business_model;L11.long.compete_moat;L11.long.industry_space;L11.long.margin;L11.long.score;L11.mid.eps_upward;L11.mid.margin_guidance;L11.mid.orders_revenue;L11.mid.score;L11.mode;L11.short.event_impact;L11.short.flow_boost;L11.short.score;L11.short.sentiment_shift;L11.short.technical;L11.trade.signal;L4.cost.labor;L4.cost.raw_material;L4.eff.cycle;L4.eff.turnover;L5.bs.ar_ap;L5.bs.cash_debt;L5.bs.inventory;L5.bs.leverage;L5.cf.buyback_dividend;L5.cf.capex;L5.cf.fcf;L5.cf.icf_fcf;L5.cf.ocf;L5.fina.asset_turnover;L5.fina.bps;L5.fina.cfps;L5.fina.debt_ratio;L5.fina.eps;L5.fina.gross_margin;L5.fina.net_margin;L5.fina.net_profit_yoy;L5.fina.ocf_quality;L5.fina.profit_yoy_q;L5.fina.revenue_yoy;L5.fina.revenue_yoy_q;L5.fina.roa;L5.fina.roe;L5.fina.total_revenue_yoy;L5.fina.working_capital;L5.is.eps;L5.is.gross_margin;L5.is.gross_profit;L5.is.margins;L5.is.net_profit;L5.is.operating_profit;L5.is.revenue;L5.is.revenue_growth;L5.is.sga_rd;L5.surprise.sell_side;L6.mult.mcap_fcf;L6.mult.pb;L6.mult.pe;L6.mult.ps;L6.path.second_derivative;L6.path.tag;L6.priced.crowdedness;L6.priced.run_up;L6.sens.cashflow;L6.sens.growth_margin;L6.sens.rates;L6.sens.risk_narrative;L6.state.historical_percentile;L7.env.risk_appetite;L7.flow.active_inflow;L7.mood.fomo;L7.mood.media_social;L7.mood.theme;L7.trade.margin_short;L7.trade.volume_turnover;L8.fin.cash_ar;L8.fin.debt_pressure;L8.gov.insider_sell;L8.gov.management_change;L8.industry.demand_supply;L8.industry.price_war;L8.op.inventory_glut;L8.val.overvalued;L8.val.priced_in;L9.company.buyback_dividend;L9.company.earnings_guidance;L9.company.mgmt_litigation;L9.event.holder_trade_signal;L9.event.intraday_announcement;L9.event.intraday_news;L9.event.major_holder_decrease;L9.event.major_holder_increase;L9.media.social_buzz,
600489.SH,中金黄金,A,NONFERROUS_METALS,59,1,5,51,2,0,96,0,102,250,40.80,"{""derive:l10_val_expansion_compression"": 1, ""derived:pe_pb_history"": 1, ""derive:bootstrap_l11_subscore"": 11, ""derive:l11_long_score"": 1, ""derive:l11_mid_score"": 1, ""derive:l11_mode"": 1, ""derive:l11_short_score"": 1, ""derive:l11_trade_signal"": 1, ""tushare:cashflow+income.derived"": 1, ""tushare:income.derived"": 5, ""tushare:balancesheet+income.derived"": 2, ""tushare:balancesheet"": 4, ""tushare:balancesheet.derived"": 1, ""tushare:cashflow"": 5, ""tushare:fina_indicator"": 16, ""tushare:income"": 5, ""tushare:report_rc"": 1, ""tushare:daily_basic+cashflow"": 1, ""tushare:daily_basic"": 4, ""derive:l6_path_second_derivative"": 1, ""derive:l6_path_tag"": 1, ""derived:turnover_history"": 1, ""derived:price_history"": 1, ""derive:l6_sens_cashflow"": 1, ""derive:l6_sens_growth_margin"": 1, ""derive:l6_sens_rates"": 1, ""derive:l6_sens_risk_narrative"": 1, ""tushare:daily_basic.history"": 1, ""derive:l7_env_risk_appetite"": 1, ""tushare:moneyflow"": 1, ""derive:l7_mood_fomo"": 1, ""akshare:stock_hot_rank_em+keyword"": 1, ""akshare:stock_hot_keyword_em"": 1, ""tushare:margin_detail"": 1, ""tushare:cashflow+income+balancesheet.derived"": 1, ""tushare:balancesheet+fina_indicator.derived"": 2, ""tushare:stk_holdertrade|alias→L8.gov.insider_sell"": 1, ""tushare:stk_managers|alias→L8.gov.management_change"": 1, ""derive:l8_industry_demand_supply"": 1, ""derive:l8_industry_price_war"": 1, ""derived:from_quantile"": 1, ""derive:l8_val_priced_in"": 1, ""tushare:dividend"": 1, ""tushare:forecast"": 1, ""tushare:stk_managers"": 1, ""tushare:stk_holdertrade"": 3, ""akshare:stock_individual_notice_report"": 1, ""akshare:em_news"": 1, ""akshare:xq_hot"": 1}",company,L2.newbiz.commercialization;L2.newbiz.revenue_contrib;L2.newbiz.tam;L2.newbiz.uncertainty;L2.newbiz.valuation_contrib,L10.val.expansion_compression;L10.val.historical_quantile;L11.long.business_model;L11.long.compete_moat;L11.long.industry_space;L11.long.margin;L11.long.score;L11.mid.eps_upward;L11.mid.margin_guidance;L11.mid.orders_revenue;L11.mid.score;L11.mode;L11.short.event_impact;L11.short.flow_boost;L11.short.score;L11.short.sentiment_shift;L11.short.technical;L11.trade.signal;L4.cost.labor;L4.cost.raw_material;L4.eff.cycle;L4.eff.turnover;L5.bs.ar_ap;L5.bs.cash_debt;L5.bs.goodwill_ppe;L5.bs.inventory;L5.bs.leverage;L5.cf.buyback_dividend;L5.cf.capex;L5.cf.fcf;L5.cf.icf_fcf;L5.cf.ocf;L5.fina.asset_turnover;L5.fina.bps;L5.fina.cfps;L5.fina.debt_ratio;L5.fina.eps;L5.fina.gross_margin;L5.fina.net_margin;L5.fina.net_profit_yoy;L5.fina.ocf_quality;L5.fina.profit_yoy_q;L5.fina.revenue_yoy;L5.fina.revenue_yoy_q;L5.fina.roa;L5.fina.roe;L5.fina.total_revenue_yoy;L5.fina.working_capital;L5.is.eps;L5.is.gross_margin;L5.is.gross_profit;L5.is.margins;L5.is.net_profit;L5.is.operating_profit;L5.is.revenue;L5.is.revenue_growth;L5.is.sga_rd;L5.surprise.sell_side;L6.mult.mcap_fcf;L6.mult.pb;L6.mult.pe;L6.mult.ps;L6.path.second_derivative;L6.path.tag;L6.priced.crowdedness;L6.priced.run_up;L6.sens.cashflow;L6.sens.growth_margin;L6.sens.rates;L6.sens.risk_narrative;L6.state.historical_percentile;L7.env.risk_appetite;L7.flow.active_inflow;L7.mood.fomo;L7.mood.media_social;L7.mood.theme;L7.trade.margin_short;L7.trade.volume_turnover;L8.fin.cash_ar;L8.fin.debt_pressure;L8.gov.insider_sell;L8.gov.management_change;L8.industry.demand_supply;L8.industry.price_war;L8.op.inventory_glut;L8.val.overvalued;L8.val.priced_in;L9.company.buyback_dividend;L9.company.earnings_guidance;L9.company.mgmt_litigation;L9.event.holder_trade_signal;L9.event.intraday_announcement;L9.event.intraday_news;L9.event.major_holder_decrease;L9.event.major_holder_increase;L9.media.social_buzz,
600547.SH,山东黄金,A,NONFERROUS_METALS,59,1,5,51,2,0,96,0,102,250,40.80,"{""derive:l10_val_expansion_compression"": 1, ""derived:pe_pb_history"": 1, ""derive:bootstrap_l11_subscore"": 11, ""derive:l11_long_score"": 1, ""derive:l11_mid_score"": 1, ""derive:l11_mode"": 1, ""derive:l11_short_score"": 1, ""derive:l11_trade_signal"": 1, ""tushare:cashflow+income.derived"": 1, ""tushare:income.derived"": 5, ""tushare:balancesheet+income.derived"": 2, ""tushare:balancesheet"": 4, ""tushare:balancesheet.derived"": 1, ""tushare:cashflow"": 5, ""tushare:fina_indicator"": 16, ""tushare:income"": 5, ""tushare:report_rc"": 1, ""tushare:daily_basic+cashflow"": 1, ""tushare:daily_basic"": 4, ""derive:l6_path_second_derivative"": 1, ""derive:l6_path_tag"": 1, ""derived:turnover_history"": 1, ""derived:price_history"": 1, ""derive:l6_sens_cashflow"": 1, ""derive:l6_sens_growth_margin"": 1, ""derive:l6_sens_rates"": 1, ""derive:l6_sens_risk_narrative"": 1, ""tushare:daily_basic.history"": 1, ""derive:l7_env_risk_appetite"": 1, ""tushare:moneyflow"": 1, ""derive:l7_mood_fomo"": 1, ""akshare:stock_hot_rank_em+keyword"": 1, ""akshare:stock_hot_keyword_em"": 1, ""tushare:margin_detail"": 1, ""tushare:cashflow+income+balancesheet.derived"": 1, ""tushare:balancesheet+fina_indicator.derived"": 2, ""tushare:stk_holdertrade|alias→L8.gov.insider_sell"": 1, ""tushare:stk_managers|alias→L8.gov.management_change"": 1, ""derive:l8_industry_demand_supply"": 1, ""derive:l8_industry_price_war"": 1, ""derived:from_quantile"": 1, ""derive:l8_val_priced_in"": 1, ""tushare:dividend"": 1, ""tushare:forecast"": 1, ""tushare:stk_managers"": 1, ""tushare:stk_holdertrade"": 3, ""akshare:stock_individual_notice_report"": 1, ""akshare:em_news"": 1, ""akshare:xq_hot"": 1}",company,L2.newbiz.commercialization;L2.newbiz.revenue_contrib;L2.newbiz.tam;L2.newbiz.uncertainty;L2.newbiz.valuation_contrib,L10.val.expansion_compression;L10.val.historical_quantile;L11.long.business_model;L11.long.compete_moat;L11.long.industry_space;L11.long.margin;L11.long.score;L11.mid.eps_upward;L11.mid.margin_guidance;L11.mid.orders_revenue;L11.mid.score;L11.mode;L11.short.event_impact;L11.short.flow_boost;L11.short.score;L11.short.sentiment_shift;L11.short.technical;L11.trade.signal;L4.cost.labor;L4.cost.raw_material;L4.eff.cycle;L4.eff.turnover;L5.bs.ar_ap;L5.bs.cash_debt;L5.bs.goodwill_ppe;L5.bs.inventory;L5.bs.leverage;L5.cf.buyback_dividend;L5.cf.capex;L5.cf.fcf;L5.cf.icf_fcf;L5.cf.ocf;L5.fina.asset_turnover;L5.fina.bps;L5.fina.cfps;L5.fina.debt_ratio;L5.fina.eps;L5.fina.gross_margin;L5.fina.net_margin;L5.fina.net_profit_yoy;L5.fina.ocf_quality;L5.fina.profit_yoy_q;L5.fina.revenue_yoy;L5.fina.revenue_yoy_q;L5.fina.roa;L5.fina.roe;L5.fina.total_revenue_yoy;L5.fina.working_capital;L5.is.eps;L5.is.gross_margin;L5.is.gross_profit;L5.is.margins;L5.is.net_profit;L5.is.operating_profit;L5.is.revenue;L5.is.revenue_growth;L5.is.sga_rd;L5.surprise.sell_side;L6.mult.mcap_fcf;L6.mult.pb;L6.mult.pe;L6.mult.ps;L6.path.second_derivative;L6.path.tag;L6.priced.crowdedness;L6.priced.run_up;L6.sens.cashflow;L6.sens.growth_margin;L6.sens.rates;L6.sens.risk_narrative;L6.state.historical_percentile;L7.env.risk_appetite;L7.flow.active_inflow;L7.mood.fomo;L7.mood.media_social;L7.mood.theme;L7.trade.margin_short;L7.trade.volume_turnover;L8.fin.cash_ar;L8.fin.debt_pressure;L8.gov.insider_sell;L8.gov.management_change;L8.industry.demand_supply;L8.industry.price_war;L8.op.inventory_glut;L8.val.overvalued;L8.val.priced_in;L9.company.buyback_dividend;L9.company.earnings_guidance;L9.company.mgmt_litigation;L9.event.holder_trade_signal;L9.event.intraday_announcement;L9.event.intraday_news;L9.event.major_holder_decrease;L9.event.major_holder_increase;L9.media.social_buzz,
600584.SH,长电科技,A,SEMI_EQUIPMENT,59,1,5,51,2,0,96,0,102,250,40.80,"{""derive:l10_val_expansion_compression"": 1, ""derived:pe_pb_history"": 1, ""derive:bootstrap_l11_subscore"": 11, ""derive:l11_long_score"": 1, ""derive:l11_mid_score"": 1, ""derive:l11_mode"": 1, ""derive:l11_short_score"": 1, ""derive:l11_trade_signal"": 1, ""tushare:cashflow+income.derived"": 1, ""tushare:income.derived"": 5, ""tushare:balancesheet+income.derived"": 2, ""tushare:balancesheet"": 4, ""tushare:balancesheet.derived"": 1, ""tushare:cashflow"": 5, ""tushare:fina_indicator"": 16, ""tushare:income"": 5, ""tushare:report_rc"": 1, ""tushare:daily_basic+cashflow"": 1, ""tushare:daily_basic"": 4, ""derive:l6_path_second_derivative"": 1, ""derive:l6_path_tag"": 1, ""derived:turnover_history"": 1, ""derived:price_history"": 1, ""derive:l6_sens_cashflow"": 1, ""derive:l6_sens_growth_margin"": 1, ""derive:l6_sens_rates"": 1, ""derive:l6_sens_risk_narrative"": 1, ""tushare:daily_basic.history"": 1, ""derive:l7_env_risk_appetite"": 1, ""tushare:moneyflow"": 1, ""derive:l7_mood_fomo"": 1, ""akshare:stock_hot_rank_em+keyword"": 1, ""akshare:stock_hot_keyword_em"": 1, ""tushare:margin_detail"": 1, ""tushare:cashflow+income+balancesheet.derived"": 1, ""tushare:balancesheet+fina_indicator.derived"": 2, ""tushare:stk_holdertrade|alias→L8.gov.insider_sell"": 1, ""tushare:stk_managers|alias→L8.gov.management_change"": 1, ""derive:l8_industry_demand_supply"": 1, ""derive:l8_industry_price_war"": 1, ""derived:from_quantile"": 1, ""derive:l8_val_priced_in"": 1, ""tushare:dividend"": 1, ""tushare:forecast"": 1, ""tushare:stk_managers"": 1, ""tushare:stk_holdertrade"": 3, ""akshare:stock_individual_notice_report"": 1, ""akshare:em_news"": 1, ""akshare:xq_hot"": 1}",company,L2.newbiz.commercialization;L2.newbiz.revenue_contrib;L2.newbiz.tam;L2.newbiz.uncertainty;L2.newbiz.valuation_contrib,L10.val.expansion_compression;L10.val.historical_quantile;L11.long.business_model;L11.long.compete_moat;L11.long.industry_space;L11.long.margin;L11.long.score;L11.mid.eps_upward;L11.mid.margin_guidance;L11.mid.orders_revenue;L11.mid.score;L11.mode;L11.short.event_impact;L11.short.flow_boost;L11.short.score;L11.short.sentiment_shift;L11.short.technical;L11.trade.signal;L4.cost.labor;L4.cost.raw_material;L4.eff.cycle;L4.eff.turnover;L5.bs.ar_ap;L5.bs.cash_debt;L5.bs.goodwill_ppe;L5.bs.inventory;L5.bs.leverage;L5.cf.buyback_dividend;L5.cf.capex;L5.cf.fcf;L5.cf.icf_fcf;L5.cf.ocf;L5.fina.asset_turnover;L5.fina.bps;L5.fina.cfps;L5.fina.debt_ratio;L5.fina.eps;L5.fina.gross_margin;L5.fina.net_margin;L5.fina.net_profit_yoy;L5.fina.ocf_quality;L5.fina.profit_yoy_q;L5.fina.revenue_yoy;L5.fina.revenue_yoy_q;L5.fina.roa;L5.fina.roe;L5.fina.total_revenue_yoy;L5.fina.working_capital;L5.is.eps;L5.is.gross_margin;L5.is.gross_profit;L5.is.margins;L5.is.net_profit;L5.is.operating_profit;L5.is.revenue;L5.is.revenue_growth;L5.is.sga_rd;L5.surprise.sell_side;L6.mult.mcap_fcf;L6.mult.pb;L6.mult.pe;L6.mult.ps;L6.path.second_derivative;L6.path.tag;L6.priced.crowdedness;L6.priced.run_up;L6.sens.cashflow;L6.sens.growth_margin;L6.sens.rates;L6.sens.risk_narrative;L6.state.historical_percentile;L7.env.risk_appetite;L7.flow.active_inflow;L7.mood.fomo;L7.mood.media_social;L7.mood.theme;L7.trade.margin_short;L7.trade.volume_turnover;L8.fin.cash_ar;L8.fin.debt_pressure;L8.gov.insider_sell;L8.gov.management_change;L8.industry.demand_supply;L8.industry.price_war;L8.op.inventory_glut;L8.val.overvalued;L8.val.priced_in;L9.company.buyback_dividend;L9.company.earnings_guidance;L9.company.mgmt_litigation;L9.event.holder_trade_signal;L9.event.intraday_announcement;L9.event.intraday_news;L9.event.major_holder_decrease;L9.event.major_holder_increase;L9.media.social_buzz,
600585.SH,海螺水泥,A,ANTI_INVOLUTION_CYCLICAL,59,1,5,51,2,0,96,0,102,250,40.80,"{""derive:l10_val_expansion_compression"": 1, ""derived:pe_pb_history"": 1, ""derive:bootstrap_l11_subscore"": 11, ""derive:l11_long_score"": 1, ""derive:l11_mid_score"": 1, ""derive:l11_mode"": 1, ""derive:l11_short_score"": 1, ""derive:l11_trade_signal"": 1, ""tushare:cashflow+income.derived"": 1, ""tushare:income.derived"": 5, ""tushare:balancesheet+income.derived"": 2, ""tushare:balancesheet"": 4, ""tushare:balancesheet.derived"": 1, ""tushare:cashflow"": 5, ""tushare:fina_indicator"": 16, ""tushare:income"": 5, ""tushare:report_rc"": 1, ""tushare:daily_basic+cashflow"": 1, ""tushare:daily_basic"": 4, ""derive:l6_path_second_derivative"": 1, ""derive:l6_path_tag"": 1, ""derived:turnover_history"": 1, ""derived:price_history"": 1, ""derive:l6_sens_cashflow"": 1, ""derive:l6_sens_growth_margin"": 1, ""derive:l6_sens_rates"": 1, ""derive:l6_sens_risk_narrative"": 1, ""tushare:daily_basic.history"": 1, ""derive:l7_env_risk_appetite"": 1, ""tushare:moneyflow"": 1, ""derive:l7_mood_fomo"": 1, ""akshare:stock_hot_rank_em+keyword"": 1, ""akshare:stock_hot_keyword_em"": 1, ""tushare:margin_detail"": 1, ""tushare:cashflow+income+balancesheet.derived"": 1, ""tushare:balancesheet+fina_indicator.derived"": 2, ""tushare:stk_holdertrade|alias→L8.gov.insider_sell"": 1, ""tushare:stk_managers|alias→L8.gov.management_change"": 1, ""derive:l8_industry_demand_supply"": 1, ""derive:l8_industry_price_war"": 1, ""derived:from_quantile"": 1, ""derive:l8_val_priced_in"": 1, ""tushare:dividend"": 1, ""tushare:forecast"": 1, ""tushare:stk_managers"": 1, ""tushare:stk_holdertrade"": 3, ""akshare:stock_individual_notice_report"": 1, ""akshare:em_news"": 1, ""akshare:xq_hot"": 1}",company,L2.newbiz.commercialization;L2.newbiz.revenue_contrib;L2.newbiz.tam;L2.newbiz.uncertainty;L2.newbiz.valuation_contrib,L10.val.expansion_compression;L10.val.historical_quantile;L11.long.business_model;L11.long.compete_moat;L11.long.industry_space;L11.long.margin;L11.long.score;L11.mid.eps_upward;L11.mid.margin_guidance;L11.mid.orders_revenue;L11.mid.score;L11.mode;L11.short.event_impact;L11.short.flow_boost;L11.short.score;L11.short.sentiment_shift;L11.short.technical;L11.trade.signal;L4.cost.labor;L4.cost.raw_material;L4.eff.cycle;L4.eff.turnover;L5.bs.ar_ap;L5.bs.cash_debt;L5.bs.goodwill_ppe;L5.bs.inventory;L5.bs.leverage;L5.cf.buyback_dividend;L5.cf.capex;L5.cf.fcf;L5.cf.icf_fcf;L5.cf.ocf;L5.fina.asset_turnover;L5.fina.bps;L5.fina.cfps;L5.fina.debt_ratio;L5.fina.eps;L5.fina.gross_margin;L5.fina.net_margin;L5.fina.net_profit_yoy;L5.fina.ocf_quality;L5.fina.profit_yoy_q;L5.fina.revenue_yoy;L5.fina.revenue_yoy_q;L5.fina.roa;L5.fina.roe;L5.fina.total_revenue_yoy;L5.fina.working_capital;L5.is.eps;L5.is.gross_margin;L5.is.gross_profit;L5.is.margins;L5.is.net_profit;L5.is.operating_profit;L5.is.revenue;L5.is.revenue_growth;L5.is.sga_rd;L5.surprise.sell_side;L6.mult.mcap_fcf;L6.mult.pb;L6.mult.pe;L6.mult.ps;L6.path.second_derivative;L6.path.tag;L6.priced.crowdedness;L6.priced.run_up;L6.sens.cashflow;L6.sens.growth_margin;L6.sens.rates;L6.sens.risk_narrative;L6.state.historical_percentile;L7.env.risk_appetite;L7.flow.active_inflow;L7.mood.fomo;L7.mood.media_social;L7.mood.theme;L7.trade.margin_short;L7.trade.volume_turnover;L8.fin.cash_ar;L8.fin.debt_pressure;L8.gov.insider_sell;L8.gov.management_change;L8.industry.demand_supply;L8.industry.price_war;L8.op.inventory_glut;L8.val.overvalued;L8.val.priced_in;L9.company.buyback_dividend;L9.company.earnings_guidance;L9.company.mgmt_litigation;L9.event.holder_trade_signal;L9.event.intraday_announcement;L9.event.intraday_news;L9.event.major_holder_decrease;L9.event.major_holder_increase;L9.media.social_buzz,
600660.SH,福耀玻璃,A,EXPORT_MFG,59,1,5,51,2,0,96,0,102,250,40.80,"{""derive:l10_val_expansion_compression"": 1, ""derived:pe_pb_history"": 1, ""derive:bootstrap_l11_subscore"": 11, ""derive:l11_long_score"": 1, ""derive:l11_mid_score"": 1, ""derive:l11_mode"": 1, ""derive:l11_short_score"": 1, ""derive:l11_trade_signal"": 1, ""tushare:cashflow+income.derived"": 1, ""tushare:income.derived"": 5, ""tushare:balancesheet+income.derived"": 2, ""tushare:balancesheet"": 4, ""tushare:balancesheet.derived"": 1, ""tushare:cashflow"": 5, ""tushare:fina_indicator"": 16, ""tushare:income"": 5, ""tushare:report_rc"": 1, ""tushare:daily_basic+cashflow"": 1, ""tushare:daily_basic"": 4, ""derive:l6_path_second_derivative"": 1, ""derive:l6_path_tag"": 1, ""derived:turnover_history"": 1, ""derived:price_history"": 1, ""derive:l6_sens_cashflow"": 1, ""derive:l6_sens_growth_margin"": 1, ""derive:l6_sens_rates"": 1, ""derive:l6_sens_risk_narrative"": 1, ""tushare:daily_basic.history"": 1, ""derive:l7_env_risk_appetite"": 1, ""tushare:moneyflow"": 1, ""derive:l7_mood_fomo"": 1, ""akshare:stock_hot_rank_em+keyword"": 1, ""akshare:stock_hot_keyword_em"": 1, ""tushare:margin_detail"": 1, ""tushare:cashflow+income+balancesheet.derived"": 1, ""tushare:balancesheet+fina_indicator.derived"": 2, ""tushare:stk_holdertrade|alias→L8.gov.insider_sell"": 1, ""tushare:stk_managers|alias→L8.gov.management_change"": 1, ""derive:l8_industry_demand_supply"": 1, ""derive:l8_industry_price_war"": 1, ""derived:from_quantile"": 1, ""derive:l8_val_priced_in"": 1, ""tushare:dividend"": 1, ""tushare:forecast"": 1, ""tushare:stk_managers"": 1, ""tushare:stk_holdertrade"": 3, ""akshare:stock_individual_notice_report"": 1, ""akshare:em_news"": 1, ""akshare:xq_hot"": 1}",company,L2.newbiz.commercialization;L2.newbiz.revenue_contrib;L2.newbiz.tam;L2.newbiz.uncertainty;L2.newbiz.valuation_contrib,L10.val.expansion_compression;L10.val.historical_quantile;L11.long.business_model;L11.long.compete_moat;L11.long.industry_space;L11.long.margin;L11.long.score;L11.mid.eps_upward;L11.mid.margin_guidance;L11.mid.orders_revenue;L11.mid.score;L11.mode;L11.short.event_impact;L11.short.flow_boost;L11.short.score;L11.short.sentiment_shift;L11.short.technical;L11.trade.signal;L4.cost.labor;L4.cost.raw_material;L4.eff.cycle;L4.eff.turnover;L5.bs.ar_ap;L5.bs.cash_debt;L5.bs.goodwill_ppe;L5.bs.inventory;L5.bs.leverage;L5.cf.buyback_dividend;L5.cf.capex;L5.cf.fcf;L5.cf.icf_fcf;L5.cf.ocf;L5.fina.asset_turnover;L5.fina.bps;L5.fina.cfps;L5.fina.debt_ratio;L5.fina.eps;L5.fina.gross_margin;L5.fina.net_margin;L5.fina.net_profit_yoy;L5.fina.ocf_quality;L5.fina.profit_yoy_q;L5.fina.revenue_yoy;L5.fina.revenue_yoy_q;L5.fina.roa;L5.fina.roe;L5.fina.total_revenue_yoy;L5.fina.working_capital;L5.is.eps;L5.is.gross_margin;L5.is.gross_profit;L5.is.margins;L5.is.net_profit;L5.is.operating_profit;L5.is.revenue;L5.is.revenue_growth;L5.is.sga_rd;L5.surprise.sell_side;L6.mult.mcap_fcf;L6.mult.pb;L6.mult.pe;L6.mult.ps;L6.path.second_derivative;L6.path.tag;L6.priced.crowdedness;L6.priced.run_up;L6.sens.cashflow;L6.sens.growth_margin;L6.sens.rates;L6.sens.risk_narrative;L6.state.historical_percentile;L7.env.risk_appetite;L7.flow.active_inflow;L7.mood.fomo;L7.mood.media_social;L7.mood.theme;L7.trade.margin_short;L7.trade.volume_turnover;L8.fin.cash_ar;L8.fin.debt_pressure;L8.gov.insider_sell;L8.gov.management_change;L8.industry.demand_supply;L8.industry.price_war;L8.op.inventory_glut;L8.val.overvalued;L8.val.priced_in;L9.company.buyback_dividend;L9.company.earnings_guidance;L9.company.mgmt_litigation;L9.event.holder_trade_signal;L9.event.intraday_announcement;L9.event.intraday_news;L9.event.major_holder_decrease;L9.event.major_holder_increase;L9.media.social_buzz,
600690.SH,海尔智家,A,EXPORT_MFG,59,1,5,51,2,0,96,0,102,250,40.80,"{""derive:l10_val_expansion_compression"": 1, ""derived:pe_pb_history"": 1, ""derive:bootstrap_l11_subscore"": 11, ""derive:l11_long_score"": 1, ""derive:l11_mid_score"": 1, ""derive:l11_mode"": 1, ""derive:l11_short_score"": 1, ""derive:l11_trade_signal"": 1, ""tushare:cashflow+income.derived"": 1, ""tushare:income.derived"": 5, ""tushare:balancesheet+income.derived"": 2, ""tushare:balancesheet"": 4, ""tushare:balancesheet.derived"": 1, ""tushare:cashflow"": 5, ""tushare:fina_indicator"": 16, ""tushare:income"": 5, ""tushare:report_rc"": 1, ""tushare:daily_basic+cashflow"": 1, ""tushare:daily_basic"": 4, ""derive:l6_path_second_derivative"": 1, ""derive:l6_path_tag"": 1, ""derived:turnover_history"": 1, ""derived:price_history"": 1, ""derive:l6_sens_cashflow"": 1, ""derive:l6_sens_growth_margin"": 1, ""derive:l6_sens_rates"": 1, ""derive:l6_sens_risk_narrative"": 1, ""tushare:daily_basic.history"": 1, ""derive:l7_env_risk_appetite"": 1, ""tushare:moneyflow"": 1, ""derive:l7_mood_fomo"": 1, ""akshare:stock_hot_rank_em+keyword"": 1, ""akshare:stock_hot_keyword_em"": 1, ""tushare:margin_detail"": 1, ""tushare:cashflow+income+balancesheet.derived"": 1, ""tushare:balancesheet+fina_indicator.derived"": 2, ""tushare:stk_holdertrade|alias→L8.gov.insider_sell"": 1, ""tushare:stk_managers|alias→L8.gov.management_change"": 1, ""derive:l8_industry_demand_supply"": 1, ""derive:l8_industry_price_war"": 1, ""derived:from_quantile"": 1, ""derive:l8_val_priced_in"": 1, ""tushare:dividend"": 1, ""tushare:forecast"": 1, ""tushare:stk_managers"": 1, ""tushare:stk_holdertrade"": 3, ""akshare:stock_individual_notice_report"": 1, ""akshare:em_news"": 1, ""akshare:xq_hot"": 1}",company,L2.newbiz.commercialization;L2.newbiz.revenue_contrib;L2.newbiz.tam;L2.newbiz.uncertainty;L2.newbiz.valuation_contrib,L10.val.expansion_compression;L10.val.historical_quantile;L11.long.business_model;L11.long.compete_moat;L11.long.industry_space;L11.long.margin;L11.long.score;L11.mid.eps_upward;L11.mid.margin_guidance;L11.mid.orders_revenue;L11.mid.score;L11.mode;L11.short.event_impact;L11.short.flow_boost;L11.short.score;L11.short.sentiment_shift;L11.short.technical;L11.trade.signal;L4.cost.labor;L4.cost.raw_material;L4.eff.cycle;L4.eff.turnover;L5.bs.ar_ap;L5.bs.cash_debt;L5.bs.goodwill_ppe;L5.bs.inventory;L5.bs.leverage;L5.cf.buyback_dividend;L5.cf.capex;L5.cf.fcf;L5.cf.icf_fcf;L5.cf.ocf;L5.fina.asset_turnover;L5.fina.bps;L5.fina.cfps;L5.fina.debt_ratio;L5.fina.eps;L5.fina.gross_margin;L5.fina.net_margin;L5.fina.net_profit_yoy;L5.fina.ocf_quality;L5.fina.profit_yoy_q;L5.fina.revenue_yoy;L5.fina.revenue_yoy_q;L5.fina.roa;L5.fina.roe;L5.fina.total_revenue_yoy;L5.fina.working_capital;L5.is.eps;L5.is.gross_margin;L5.is.gross_profit;L5.is.margins;L5.is.net_profit;L5.is.operating_profit;L5.is.revenue;L5.is.revenue_growth;L5.is.sga_rd;L5.surprise.sell_side;L6.mult.mcap_fcf;L6.mult.pb;L6.mult.pe;L6.mult.ps;L6.path.second_derivative;L6.path.tag;L6.priced.crowdedness;L6.priced.run_up;L6.sens.cashflow;L6.sens.growth_margin;L6.sens.rates;L6.sens.risk_narrative;L6.state.historical_percentile;L7.env.risk_appetite;L7.flow.active_inflow;L7.mood.fomo;L7.mood.media_social;L7.mood.theme;L7.trade.margin_short;L7.trade.volume_turnover;L8.fin.cash_ar;L8.fin.debt_pressure;L8.gov.insider_sell;L8.gov.management_change;L8.industry.demand_supply;L8.industry.price_war;L8.op.inventory_glut;L8.val.overvalued;L8.val.priced_in;L9.company.buyback_dividend;L9.company.earnings_guidance;L9.company.mgmt_litigation;L9.event.holder_trade_signal;L9.event.intraday_announcement;L9.event.intraday_news;L9.event.major_holder_decrease;L9.event.major_holder_increase;L9.media.social_buzz,
600754.SH,锦江酒店,A,DOMESTIC_CONSUMPTION,59,1,5,51,2,0,96,0,102,250,40.80,"{""derive:l10_val_expansion_compression"": 1, ""derived:pe_pb_history"": 1, ""derive:bootstrap_l11_subscore"": 11, ""derive:l11_long_score"": 1, ""derive:l11_mid_score"": 1, ""derive:l11_mode"": 1, ""derive:l11_short_score"": 1, ""derive:l11_trade_signal"": 1, ""tushare:cashflow+income.derived"": 1, ""tushare:income.derived"": 5, ""tushare:balancesheet+income.derived"": 2, ""tushare:balancesheet"": 4, ""tushare:balancesheet.derived"": 1, ""tushare:cashflow"": 5, ""tushare:fina_indicator"": 16, ""tushare:income"": 5, ""tushare:report_rc"": 1, ""tushare:daily_basic+cashflow"": 1, ""tushare:daily_basic"": 4, ""derive:l6_path_second_derivative"": 1, ""derive:l6_path_tag"": 1, ""derived:turnover_history"": 1, ""derived:price_history"": 1, ""derive:l6_sens_cashflow"": 1, ""derive:l6_sens_growth_margin"": 1, ""derive:l6_sens_rates"": 1, ""derive:l6_sens_risk_narrative"": 1, ""tushare:daily_basic.history"": 1, ""derive:l7_env_risk_appetite"": 1, ""tushare:moneyflow"": 1, ""derive:l7_mood_fomo"": 1, ""akshare:stock_hot_rank_em+keyword"": 1, ""akshare:stock_hot_keyword_em"": 1, ""tushare:margin_detail"": 1, ""tushare:cashflow+income+balancesheet.derived"": 1, ""tushare:balancesheet+fina_indicator.derived"": 2, ""tushare:stk_holdertrade|alias→L8.gov.insider_sell"": 1, ""tushare:stk_managers|alias→L8.gov.management_change"": 1, ""derive:l8_industry_demand_supply"": 1, ""derive:l8_industry_price_war"": 1, ""derived:from_quantile"": 1, ""derive:l8_val_priced_in"": 1, ""tushare:dividend"": 1, ""tushare:forecast"": 1, ""tushare:stk_managers"": 1, ""tushare:stk_holdertrade"": 3, ""akshare:stock_individual_notice_report"": 1, ""akshare:em_news"": 1, ""akshare:xq_hot"": 1}",company,L2.newbiz.commercialization;L2.newbiz.revenue_contrib;L2.newbiz.tam;L2.newbiz.uncertainty;L2.newbiz.valuation_contrib,L10.val.expansion_compression;L10.val.historical_quantile;L11.long.business_model;L11.long.compete_moat;L11.long.industry_space;L11.long.margin;L11.long.score;L11.mid.eps_upward;L11.mid.margin_guidance;L11.mid.orders_revenue;L11.mid.score;L11.mode;L11.short.event_impact;L11.short.flow_boost;L11.short.score;L11.short.sentiment_shift;L11.short.technical;L11.trade.signal;L4.cost.labor;L4.cost.raw_material;L4.eff.cycle;L4.eff.turnover;L5.bs.ar_ap;L5.bs.cash_debt;L5.bs.goodwill_ppe;L5.bs.inventory;L5.bs.leverage;L5.cf.buyback_dividend;L5.cf.capex;L5.cf.fcf;L5.cf.icf_fcf;L5.cf.ocf;L5.fina.asset_turnover;L5.fina.bps;L5.fina.cfps;L5.fina.debt_ratio;L5.fina.eps;L5.fina.gross_margin;L5.fina.net_margin;L5.fina.net_profit_yoy;L5.fina.ocf_quality;L5.fina.profit_yoy_q;L5.fina.revenue_yoy;L5.fina.revenue_yoy_q;L5.fina.roa;L5.fina.roe;L5.fina.total_revenue_yoy;L5.fina.working_capital;L5.is.eps;L5.is.gross_margin;L5.is.gross_profit;L5.is.margins;L5.is.net_profit;L5.is.operating_profit;L5.is.revenue;L5.is.revenue_growth;L5.is.sga_rd;L5.surprise.sell_side;L6.mult.mcap_fcf;L6.mult.pb;L6.mult.pe;L6.mult.ps;L6.path.second_derivative;L6.path.tag;L6.priced.crowdedness;L6.priced.run_up;L6.sens.cashflow;L6.sens.growth_margin;L6.sens.rates;L6.sens.risk_narrative;L6.state.historical_percentile;L7.env.risk_appetite;L7.flow.active_inflow;L7.mood.fomo;L7.mood.media_social;L7.mood.theme;L7.trade.margin_short;L7.trade.volume_turnover;L8.fin.cash_ar;L8.fin.debt_pressure;L8.gov.insider_sell;L8.gov.management_change;L8.industry.demand_supply;L8.industry.price_war;L8.op.inventory_glut;L8.val.overvalued;L8.val.priced_in;L9.company.buyback_dividend;L9.company.earnings_guidance;L9.company.mgmt_litigation;L9.event.holder_trade_signal;L9.event.intraday_announcement;L9.event.intraday_news;L9.event.major_holder_decrease;L9.event.major_holder_increase;L9.media.social_buzz,
600801.SH,华新水泥,A,ANTI_INVOLUTION_CYCLICAL,59,1,5,51,2,0,96,0,102,250,40.80,"{""derive:l10_val_expansion_compression"": 1, ""derived:pe_pb_history"": 1, ""derive:bootstrap_l11_subscore"": 11, ""derive:l11_long_score"": 1, ""derive:l11_mid_score"": 1, ""derive:l11_mode"": 1, ""derive:l11_short_score"": 1, ""derive:l11_trade_signal"": 1, ""tushare:cashflow+income.derived"": 1, ""tushare:income.derived"": 5, ""tushare:balancesheet+income.derived"": 2, ""tushare:balancesheet"": 4, ""tushare:balancesheet.derived"": 1, ""tushare:cashflow"": 5, ""tushare:fina_indicator"": 16, ""tushare:income"": 5, ""tushare:report_rc"": 1, ""tushare:daily_basic+cashflow"": 1, ""tushare:daily_basic"": 4, ""derive:l6_path_second_derivative"": 1, ""derive:l6_path_tag"": 1, ""derived:turnover_history"": 1, ""derived:price_history"": 1, ""derive:l6_sens_cashflow"": 1, ""derive:l6_sens_growth_margin"": 1, ""derive:l6_sens_rates"": 1, ""derive:l6_sens_risk_narrative"": 1, ""tushare:daily_basic.history"": 1, ""derive:l7_env_risk_appetite"": 1, ""tushare:moneyflow"": 1, ""derive:l7_mood_fomo"": 1, ""akshare:stock_hot_rank_em+keyword"": 1, ""akshare:stock_hot_keyword_em"": 1, ""tushare:margin_detail"": 1, ""tushare:cashflow+income+balancesheet.derived"": 1, ""tushare:balancesheet+fina_indicator.derived"": 2, ""tushare:stk_holdertrade|alias→L8.gov.insider_sell"": 1, ""tushare:stk_managers|alias→L8.gov.management_change"": 1, ""derive:l8_industry_demand_supply"": 1, ""derive:l8_industry_price_war"": 1, ""derived:from_quantile"": 1, ""derive:l8_val_priced_in"": 1, ""tushare:dividend"": 1, ""tushare:forecast"": 1, ""tushare:stk_managers"": 1, ""tushare:stk_holdertrade"": 3, ""akshare:stock_individual_notice_report"": 1, ""akshare:em_news"": 1, ""akshare:xq_hot"": 1}",company,L2.newbiz.commercialization;L2.newbiz.revenue_contrib;L2.newbiz.tam;L2.newbiz.uncertainty;L2.newbiz.valuation_contrib,L10.val.expansion_compression;L10.val.historical_quantile;L11.long.business_model;L11.long.compete_moat;L11.long.industry_space;L11.long.margin;L11.long.score;L11.mid.eps_upward;L11.mid.margin_guidance;L11.mid.orders_revenue;L11.mid.score;L11.mode;L11.short.event_impact;L11.short.flow_boost;L11.short.score;L11.short.sentiment_shift;L11.short.technical;L11.trade.signal;L4.cost.labor;L4.cost.raw_material;L4.eff.cycle;L4.eff.turnover;L5.bs.ar_ap;L5.bs.cash_debt;L5.bs.goodwill_ppe;L5.bs.inventory;L5.bs.leverage;L5.cf.buyback_dividend;L5.cf.capex;L5.cf.fcf;L5.cf.icf_fcf;L5.cf.ocf;L5.fina.asset_turnover;L5.fina.bps;L5.fina.cfps;L5.fina.debt_ratio;L5.fina.eps;L5.fina.gross_margin;L5.fina.net_margin;L5.fina.net_profit_yoy;L5.fina.ocf_quality;L5.fina.profit_yoy_q;L5.fina.revenue_yoy;L5.fina.revenue_yoy_q;L5.fina.roa;L5.fina.roe;L5.fina.total_revenue_yoy;L5.fina.working_capital;L5.is.eps;L5.is.gross_margin;L5.is.gross_profit;L5.is.margins;L5.is.net_profit;L5.is.operating_profit;L5.is.revenue;L5.is.revenue_growth;L5.is.sga_rd;L5.surprise.sell_side;L6.mult.mcap_fcf;L6.mult.pb;L6.mult.pe;L6.mult.ps;L6.path.second_derivative;L6.path.tag;L6.priced.crowdedness;L6.priced.run_up;L6.sens.cashflow;L6.sens.growth_margin;L6.sens.rates;L6.sens.risk_narrative;L6.state.historical_percentile;L7.env.risk_appetite;L7.flow.active_inflow;L7.mood.fomo;L7.mood.media_social;L7.mood.theme;L7.trade.margin_short;L7.trade.volume_turnover;L8.fin.cash_ar;L8.fin.debt_pressure;L8.gov.insider_sell;L8.gov.management_change;L8.industry.demand_supply;L8.industry.price_war;L8.op.inventory_glut;L8.val.overvalued;L8.val.priced_in;L9.company.buyback_dividend;L9.company.earnings_guidance;L9.company.mgmt_litigation;L9.event.holder_trade_signal;L9.event.intraday_announcement;L9.event.intraday_news;L9.event.major_holder_decrease;L9.event.major_holder_increase;L9.media.social_buzz,
600900.SH,长江电力,A,FINANCIAL_HIGH_DIVIDEND,59,1,5,51,2,0,96,0,102,250,40.80,"{""derive:l10_val_expansion_compression"": 1, ""derived:pe_pb_history"": 1, ""derive:bootstrap_l11_subscore"": 11, ""derive:l11_long_score"": 1, ""derive:l11_mid_score"": 1, ""derive:l11_mode"": 1, ""derive:l11_short_score"": 1, ""derive:l11_trade_signal"": 1, ""tushare:cashflow+income.derived"": 1, ""tushare:income.derived"": 5, ""tushare:balancesheet+income.derived"": 2, ""tushare:balancesheet"": 4, ""tushare:balancesheet.derived"": 1, ""tushare:cashflow"": 5, ""tushare:fina_indicator"": 16, ""tushare:income"": 5, ""tushare:report_rc"": 1, ""tushare:daily_basic+cashflow"": 1, ""tushare:daily_basic"": 4, ""derive:l6_path_second_derivative"": 1, ""derive:l6_path_tag"": 1, ""derived:turnover_history"": 1, ""derived:price_history"": 1, ""derive:l6_sens_cashflow"": 1, ""derive:l6_sens_growth_margin"": 1, ""derive:l6_sens_rates"": 1, ""derive:l6_sens_risk_narrative"": 1, ""tushare:daily_basic.history"": 1, ""derive:l7_env_risk_appetite"": 1, ""tushare:moneyflow"": 1, ""derive:l7_mood_fomo"": 1, ""akshare:stock_hot_rank_em+keyword"": 1, ""akshare:stock_hot_keyword_em"": 1, ""tushare:margin_detail"": 1, ""tushare:cashflow+income+balancesheet.derived"": 1, ""tushare:balancesheet+fina_indicator.derived"": 2, ""tushare:stk_holdertrade|alias→L8.gov.insider_sell"": 1, ""tushare:stk_managers|alias→L8.gov.management_change"": 1, ""derive:l8_industry_demand_supply"": 1, ""derive:l8_industry_price_war"": 1, ""derived:from_quantile"": 1, ""derive:l8_val_priced_in"": 1, ""tushare:dividend"": 1, ""tushare:forecast"": 1, ""tushare:stk_managers"": 1, ""tushare:stk_holdertrade"": 3, ""akshare:stock_individual_notice_report"": 1, ""akshare:em_news"": 1, ""akshare:xq_hot"": 1}",company,L2.newbiz.commercialization;L2.newbiz.revenue_contrib;L2.newbiz.tam;L2.newbiz.uncertainty;L2.newbiz.valuation_contrib,L10.val.expansion_compression;L10.val.historical_quantile;L11.long.business_model;L11.long.compete_moat;L11.long.industry_space;L11.long.margin;L11.long.score;L11.mid.eps_upward;L11.mid.margin_guidance;L11.mid.orders_revenue;L11.mid.score;L11.mode;L11.short.event_impact;L11.short.flow_boost;L11.short.score;L11.short.sentiment_shift;L11.short.technical;L11.trade.signal;L4.cost.labor;L4.cost.raw_material;L4.eff.cycle;L4.eff.turnover;L5.bs.ar_ap;L5.bs.cash_debt;L5.bs.goodwill_ppe;L5.bs.inventory;L5.bs.leverage;L5.cf.buyback_dividend;L5.cf.capex;L5.cf.fcf;L5.cf.icf_fcf;L5.cf.ocf;L5.fina.asset_turnover;L5.fina.bps;L5.fina.cfps;L5.fina.debt_ratio;L5.fina.eps;L5.fina.gross_margin;L5.fina.net_margin;L5.fina.net_profit_yoy;L5.fina.ocf_quality;L5.fina.profit_yoy_q;L5.fina.revenue_yoy;L5.fina.revenue_yoy_q;L5.fina.roa;L5.fina.roe;L5.fina.total_revenue_yoy;L5.fina.working_capital;L5.is.eps;L5.is.gross_margin;L5.is.gross_profit;L5.is.margins;L5.is.net_profit;L5.is.operating_profit;L5.is.revenue;L5.is.revenue_growth;L5.is.sga_rd;L5.surprise.sell_side;L6.mult.mcap_fcf;L6.mult.pb;L6.mult.pe;L6.mult.ps;L6.path.second_derivative;L6.path.tag;L6.priced.crowdedness;L6.priced.run_up;L6.sens.cashflow;L6.sens.growth_margin;L6.sens.rates;L6.sens.risk_narrative;L6.state.historical_percentile;L7.env.risk_appetite;L7.flow.active_inflow;L7.mood.fomo;L7.mood.media_social;L7.mood.theme;L7.trade.margin_short;L7.trade.volume_turnover;L8.fin.cash_ar;L8.fin.debt_pressure;L8.gov.insider_sell;L8.gov.management_change;L8.industry.demand_supply;L8.industry.price_war;L8.op.inventory_glut;L8.val.overvalued;L8.val.priced_in;L9.company.buyback_dividend;L9.company.earnings_guidance;L9.company.mgmt_litigation;L9.event.holder_trade_signal;L9.event.intraday_announcement;L9.event.intraday_news;L9.event.major_holder_decrease;L9.event.major_holder_increase;L9.media.social_buzz,
600989.SH,宝丰能源,A,ANTI_INVOLUTION_CYCLICAL,59,1,5,51,2,0,96,0,102,250,40.80,"{""derive:l10_val_expansion_compression"": 1, ""derived:pe_pb_history"": 1, ""derive:bootstrap_l11_subscore"": 11, ""derive:l11_long_score"": 1, ""derive:l11_mid_score"": 1, ""derive:l11_mode"": 1, ""derive:l11_short_score"": 1, ""derive:l11_trade_signal"": 1, ""tushare:cashflow+income.derived"": 1, ""tushare:income.derived"": 5, ""tushare:balancesheet+income.derived"": 2, ""tushare:balancesheet"": 4, ""tushare:balancesheet.derived"": 1, ""tushare:cashflow"": 5, ""tushare:fina_indicator"": 16, ""tushare:income"": 5, ""tushare:report_rc"": 1, ""tushare:daily_basic+cashflow"": 1, ""tushare:daily_basic"": 4, ""derive:l6_path_second_derivative"": 1, ""derive:l6_path_tag"": 1, ""derived:turnover_history"": 1, ""derived:price_history"": 1, ""derive:l6_sens_cashflow"": 1, ""derive:l6_sens_growth_margin"": 1, ""derive:l6_sens_rates"": 1, ""derive:l6_sens_risk_narrative"": 1, ""tushare:daily_basic.history"": 1, ""derive:l7_env_risk_appetite"": 1, ""tushare:moneyflow"": 1, ""derive:l7_mood_fomo"": 1, ""akshare:stock_hot_rank_em+keyword"": 1, ""akshare:stock_hot_keyword_em"": 1, ""tushare:margin_detail"": 1, ""tushare:cashflow+income+balancesheet.derived"": 1, ""tushare:balancesheet+fina_indicator.derived"": 2, ""tushare:stk_holdertrade|alias→L8.gov.insider_sell"": 1, ""tushare:stk_managers|alias→L8.gov.management_change"": 1, ""derive:l8_industry_demand_supply"": 1, ""derive:l8_industry_price_war"": 1, ""derived:from_quantile"": 1, ""derive:l8_val_priced_in"": 1, ""tushare:dividend"": 1, ""tushare:forecast"": 1, ""tushare:stk_managers"": 1, ""tushare:stk_holdertrade"": 3, ""akshare:stock_individual_notice_report"": 1, ""akshare:em_news"": 1, ""akshare:xq_hot"": 1}",company,L2.newbiz.commercialization;L2.newbiz.revenue_contrib;L2.newbiz.tam;L2.newbiz.uncertainty;L2.newbiz.valuation_contrib,L10.val.expansion_compression;L10.val.historical_quantile;L11.long.business_model;L11.long.compete_moat;L11.long.industry_space;L11.long.margin;L11.long.score;L11.mid.eps_upward;L11.mid.margin_guidance;L11.mid.orders_revenue;L11.mid.score;L11.mode;L11.short.event_impact;L11.short.flow_boost;L11.short.score;L11.short.sentiment_shift;L11.short.technical;L11.trade.signal;L4.cost.labor;L4.cost.raw_material;L4.eff.cycle;L4.eff.turnover;L5.bs.ar_ap;L5.bs.cash_debt;L5.bs.goodwill_ppe;L5.bs.inventory;L5.bs.leverage;L5.cf.buyback_dividend;L5.cf.capex;L5.cf.fcf;L5.cf.icf_fcf;L5.cf.ocf;L5.fina.asset_turnover;L5.fina.bps;L5.fina.cfps;L5.fina.debt_ratio;L5.fina.eps;L5.fina.gross_margin;L5.fina.net_margin;L5.fina.net_profit_yoy;L5.fina.ocf_quality;L5.fina.profit_yoy_q;L5.fina.revenue_yoy;L5.fina.revenue_yoy_q;L5.fina.roa;L5.fina.roe;L5.fina.total_revenue_yoy;L5.fina.working_capital;L5.is.eps;L5.is.gross_margin;L5.is.gross_profit;L5.is.margins;L5.is.net_profit;L5.is.operating_profit;L5.is.revenue;L5.is.revenue_growth;L5.is.sga_rd;L5.surprise.sell_side;L6.mult.mcap_fcf;L6.mult.pb;L6.mult.pe;L6.mult.ps;L6.path.second_derivative;L6.path.tag;L6.priced.crowdedness;L6.priced.run_up;L6.sens.cashflow;L6.sens.growth_margin;L6.sens.rates;L6.sens.risk_narrative;L6.state.historical_percentile;L7.env.risk_appetite;L7.flow.active_inflow;L7.mood.fomo;L7.mood.media_social;L7.mood.theme;L7.trade.margin_short;L7.trade.volume_turnover;L8.fin.cash_ar;L8.fin.debt_pressure;L8.gov.insider_sell;L8.gov.management_change;L8.industry.demand_supply;L8.industry.price_war;L8.op.inventory_glut;L8.val.overvalued;L8.val.priced_in;L9.company.buyback_dividend;L9.company.earnings_guidance;L9.company.mgmt_litigation;L9.event.holder_trade_signal;L9.event.intraday_announcement;L9.event.intraday_news;L9.event.major_holder_decrease;L9.event.major_holder_increase;L9.media.social_buzz,
601021.SH,春秋航空,A,DOMESTIC_CONSUMPTION,59,1,5,51,2,0,96,0,102,250,40.80,"{""derive:l10_val_expansion_compression"": 1, ""derived:pe_pb_history"": 1, ""derive:bootstrap_l11_subscore"": 11, ""derive:l11_long_score"": 1, ""derive:l11_mid_score"": 1, ""derive:l11_mode"": 1, ""derive:l11_short_score"": 1, ""derive:l11_trade_signal"": 1, ""tushare:cashflow+income.derived"": 1, ""tushare:income.derived"": 5, ""tushare:balancesheet+income.derived"": 2, ""tushare:balancesheet"": 4, ""tushare:balancesheet.derived"": 1, ""tushare:cashflow"": 5, ""tushare:fina_indicator"": 16, ""tushare:income"": 5, ""tushare:report_rc"": 1, ""tushare:daily_basic+cashflow"": 1, ""tushare:daily_basic"": 4, ""derive:l6_path_second_derivative"": 1, ""derive:l6_path_tag"": 1, ""derived:turnover_history"": 1, ""derived:price_history"": 1, ""derive:l6_sens_cashflow"": 1, ""derive:l6_sens_growth_margin"": 1, ""derive:l6_sens_rates"": 1, ""derive:l6_sens_risk_narrative"": 1, ""tushare:daily_basic.history"": 1, ""derive:l7_env_risk_appetite"": 1, ""tushare:moneyflow"": 1, ""derive:l7_mood_fomo"": 1, ""akshare:stock_hot_rank_em+keyword"": 1, ""akshare:stock_hot_keyword_em"": 1, ""tushare:margin_detail"": 1, ""tushare:cashflow+income+balancesheet.derived"": 1, ""tushare:balancesheet+fina_indicator.derived"": 2, ""tushare:stk_holdertrade|alias→L8.gov.insider_sell"": 1, ""tushare:stk_managers|alias→L8.gov.management_change"": 1, ""derive:l8_industry_demand_supply"": 1, ""derive:l8_industry_price_war"": 1, ""derived:from_quantile"": 1, ""derive:l8_val_priced_in"": 1, ""tushare:dividend"": 1, ""tushare:forecast"": 1, ""tushare:stk_managers"": 1, ""tushare:stk_holdertrade"": 3, ""akshare:stock_individual_notice_report"": 1, ""akshare:em_news"": 1, ""akshare:xq_hot"": 1}",company,L2.newbiz.commercialization;L2.newbiz.revenue_contrib;L2.newbiz.tam;L2.newbiz.uncertainty;L2.newbiz.valuation_contrib,L10.val.expansion_compression;L10.val.historical_quantile;L11.long.business_model;L11.long.compete_moat;L11.long.industry_space;L11.long.margin;L11.long.score;L11.mid.eps_upward;L11.mid.margin_guidance;L11.mid.orders_revenue;L11.mid.score;L11.mode;L11.short.event_impact;L11.short.flow_boost;L11.short.score;L11.short.sentiment_shift;L11.short.technical;L11.trade.signal;L4.cost.labor;L4.cost.raw_material;L4.eff.cycle;L4.eff.turnover;L5.bs.ar_ap;L5.bs.cash_debt;L5.bs.goodwill_ppe;L5.bs.inventory;L5.bs.leverage;L5.cf.buyback_dividend;L5.cf.capex;L5.cf.fcf;L5.cf.icf_fcf;L5.cf.ocf;L5.fina.asset_turnover;L5.fina.bps;L5.fina.cfps;L5.fina.debt_ratio;L5.fina.eps;L5.fina.gross_margin;L5.fina.net_margin;L5.fina.net_profit_yoy;L5.fina.ocf_quality;L5.fina.profit_yoy_q;L5.fina.revenue_yoy;L5.fina.revenue_yoy_q;L5.fina.roa;L5.fina.roe;L5.fina.total_revenue_yoy;L5.fina.working_capital;L5.is.eps;L5.is.gross_margin;L5.is.gross_profit;L5.is.margins;L5.is.net_profit;L5.is.operating_profit;L5.is.revenue;L5.is.revenue_growth;L5.is.sga_rd;L5.surprise.sell_side;L6.mult.mcap_fcf;L6.mult.pb;L6.mult.pe;L6.mult.ps;L6.path.second_derivative;L6.path.tag;L6.priced.crowdedness;L6.priced.run_up;L6.sens.cashflow;L6.sens.growth_margin;L6.sens.rates;L6.sens.risk_narrative;L6.state.historical_percentile;L7.env.risk_appetite;L7.flow.active_inflow;L7.mood.fomo;L7.mood.media_social;L7.mood.theme;L7.trade.margin_short;L7.trade.volume_turnover;L8.fin.cash_ar;L8.fin.debt_pressure;L8.gov.insider_sell;L8.gov.management_change;L8.industry.demand_supply;L8.industry.price_war;L8.op.inventory_glut;L8.val.overvalued;L8.val.priced_in;L9.company.buyback_dividend;L9.company.earnings_guidance;L9.company.mgmt_litigation;L9.event.holder_trade_signal;L9.event.intraday_announcement;L9.event.intraday_news;L9.event.major_holder_decrease;L9.event.major_holder_increase;L9.media.social_buzz,
601088.SH,中国神华,A,FINANCIAL_HIGH_DIVIDEND,59,1,5,51,2,0,96,0,102,250,40.80,"{""derive:l10_val_expansion_compression"": 1, ""derived:pe_pb_history"": 1, ""derive:bootstrap_l11_subscore"": 11, ""derive:l11_long_score"": 1, ""derive:l11_mid_score"": 1, ""derive:l11_mode"": 1, ""derive:l11_short_score"": 1, ""derive:l11_trade_signal"": 1, ""tushare:cashflow+income.derived"": 1, ""tushare:income.derived"": 5, ""tushare:balancesheet+income.derived"": 2, ""tushare:balancesheet"": 4, ""tushare:balancesheet.derived"": 1, ""tushare:cashflow"": 5, ""tushare:fina_indicator"": 16, ""tushare:income"": 5, ""tushare:report_rc"": 1, ""tushare:daily_basic+cashflow"": 1, ""tushare:daily_basic"": 4, ""derive:l6_path_second_derivative"": 1, ""derive:l6_path_tag"": 1, ""derived:turnover_history"": 1, ""derived:price_history"": 1, ""derive:l6_sens_cashflow"": 1, ""derive:l6_sens_growth_margin"": 1, ""derive:l6_sens_rates"": 1, ""derive:l6_sens_risk_narrative"": 1, ""tushare:daily_basic.history"": 1, ""derive:l7_env_risk_appetite"": 1, ""tushare:moneyflow"": 1, ""derive:l7_mood_fomo"": 1, ""akshare:stock_hot_rank_em+keyword"": 1, ""akshare:stock_hot_keyword_em"": 1, ""tushare:margin_detail"": 1, ""tushare:cashflow+income+balancesheet.derived"": 1, ""tushare:balancesheet+fina_indicator.derived"": 2, ""tushare:stk_holdertrade|alias→L8.gov.insider_sell"": 1, ""tushare:stk_managers|alias→L8.gov.management_change"": 1, ""derive:l8_industry_demand_supply"": 1, ""derive:l8_industry_price_war"": 1, ""derived:from_quantile"": 1, ""derive:l8_val_priced_in"": 1, ""tushare:dividend"": 1, ""tushare:forecast"": 1, ""tushare:stk_managers"": 1, ""tushare:stk_holdertrade"": 3, ""akshare:stock_individual_notice_report"": 1, ""akshare:em_news"": 1, ""akshare:xq_hot"": 1}",company,L2.newbiz.commercialization;L2.newbiz.revenue_contrib;L2.newbiz.tam;L2.newbiz.uncertainty;L2.newbiz.valuation_contrib,L10.val.expansion_compression;L10.val.historical_quantile;L11.long.business_model;L11.long.compete_moat;L11.long.industry_space;L11.long.margin;L11.long.score;L11.mid.eps_upward;L11.mid.margin_guidance;L11.mid.orders_revenue;L11.mid.score;L11.mode;L11.short.event_impact;L11.short.flow_boost;L11.short.score;L11.short.sentiment_shift;L11.short.technical;L11.trade.signal;L4.cost.labor;L4.cost.raw_material;L4.eff.cycle;L4.eff.turnover;L5.bs.ar_ap;L5.bs.cash_debt;L5.bs.goodwill_ppe;L5.bs.inventory;L5.bs.leverage;L5.cf.buyback_dividend;L5.cf.capex;L5.cf.fcf;L5.cf.icf_fcf;L5.cf.ocf;L5.fina.asset_turnover;L5.fina.bps;L5.fina.cfps;L5.fina.debt_ratio;L5.fina.eps;L5.fina.gross_margin;L5.fina.net_margin;L5.fina.net_profit_yoy;L5.fina.ocf_quality;L5.fina.profit_yoy_q;L5.fina.revenue_yoy;L5.fina.revenue_yoy_q;L5.fina.roa;L5.fina.roe;L5.fina.total_revenue_yoy;L5.fina.working_capital;L5.is.eps;L5.is.gross_margin;L5.is.gross_profit;L5.is.margins;L5.is.net_profit;L5.is.operating_profit;L5.is.revenue;L5.is.revenue_growth;L5.is.sga_rd;L5.surprise.sell_side;L6.mult.mcap_fcf;L6.mult.pb;L6.mult.pe;L6.mult.ps;L6.path.second_derivative;L6.path.tag;L6.priced.crowdedness;L6.priced.run_up;L6.sens.cashflow;L6.sens.growth_margin;L6.sens.rates;L6.sens.risk_narrative;L6.state.historical_percentile;L7.env.risk_appetite;L7.flow.active_inflow;L7.mood.fomo;L7.mood.media_social;L7.mood.theme;L7.trade.margin_short;L7.trade.volume_turnover;L8.fin.cash_ar;L8.fin.debt_pressure;L8.gov.insider_sell;L8.gov.management_change;L8.industry.demand_supply;L8.industry.price_war;L8.op.inventory_glut;L8.val.overvalued;L8.val.priced_in;L9.company.buyback_dividend;L9.company.earnings_guidance;L9.company.mgmt_litigation;L9.event.holder_trade_signal;L9.event.intraday_announcement;L9.event.intraday_news;L9.event.major_holder_decrease;L9.event.major_holder_increase;L9.media.social_buzz,
601111.SH,中国国航,A,DOMESTIC_CONSUMPTION,59,1,5,51,2,0,96,0,102,250,40.80,"{""derive:l10_val_expansion_compression"": 1, ""derived:pe_pb_history"": 1, ""derive:bootstrap_l11_subscore"": 11, ""derive:l11_long_score"": 1, ""derive:l11_mid_score"": 1, ""derive:l11_mode"": 1, ""derive:l11_short_score"": 1, ""derive:l11_trade_signal"": 1, ""tushare:cashflow+income.derived"": 1, ""tushare:income.derived"": 5, ""tushare:balancesheet+income.derived"": 2, ""tushare:balancesheet"": 4, ""tushare:balancesheet.derived"": 1, ""tushare:cashflow"": 5, ""tushare:fina_indicator"": 16, ""tushare:income"": 5, ""tushare:report_rc"": 1, ""tushare:daily_basic+cashflow"": 1, ""tushare:daily_basic"": 4, ""derive:l6_path_second_derivative"": 1, ""derive:l6_path_tag"": 1, ""derived:turnover_history"": 1, ""derived:price_history"": 1, ""derive:l6_sens_cashflow"": 1, ""derive:l6_sens_growth_margin"": 1, ""derive:l6_sens_rates"": 1, ""derive:l6_sens_risk_narrative"": 1, ""tushare:daily_basic.history"": 1, ""derive:l7_env_risk_appetite"": 1, ""tushare:moneyflow"": 1, ""derive:l7_mood_fomo"": 1, ""akshare:stock_hot_rank_em+keyword"": 1, ""akshare:stock_hot_keyword_em"": 1, ""tushare:margin_detail"": 1, ""tushare:cashflow+income+balancesheet.derived"": 1, ""tushare:balancesheet+fina_indicator.derived"": 2, ""tushare:stk_holdertrade|alias→L8.gov.insider_sell"": 1, ""tushare:stk_managers|alias→L8.gov.management_change"": 1, ""derive:l8_industry_demand_supply"": 1, ""derive:l8_industry_price_war"": 1, ""derived:from_quantile"": 1, ""derive:l8_val_priced_in"": 1, ""tushare:dividend"": 1, ""tushare:forecast"": 1, ""tushare:stk_managers"": 1, ""tushare:stk_holdertrade"": 3, ""akshare:stock_individual_notice_report"": 1, ""akshare:em_news"": 1, ""akshare:xq_hot"": 1}",company,L2.newbiz.commercialization;L2.newbiz.revenue_contrib;L2.newbiz.tam;L2.newbiz.uncertainty;L2.newbiz.valuation_contrib,L10.val.expansion_compression;L10.val.historical_quantile;L11.long.business_model;L11.long.compete_moat;L11.long.industry_space;L11.long.margin;L11.long.score;L11.mid.eps_upward;L11.mid.margin_guidance;L11.mid.orders_revenue;L11.mid.score;L11.mode;L11.short.event_impact;L11.short.flow_boost;L11.short.score;L11.short.sentiment_shift;L11.short.technical;L11.trade.signal;L4.cost.labor;L4.cost.raw_material;L4.eff.cycle;L4.eff.turnover;L5.bs.ar_ap;L5.bs.cash_debt;L5.bs.goodwill_ppe;L5.bs.inventory;L5.bs.leverage;L5.cf.buyback_dividend;L5.cf.capex;L5.cf.fcf;L5.cf.icf_fcf;L5.cf.ocf;L5.fina.asset_turnover;L5.fina.bps;L5.fina.cfps;L5.fina.debt_ratio;L5.fina.eps;L5.fina.gross_margin;L5.fina.net_margin;L5.fina.net_profit_yoy;L5.fina.ocf_quality;L5.fina.profit_yoy_q;L5.fina.revenue_yoy;L5.fina.revenue_yoy_q;L5.fina.roa;L5.fina.roe;L5.fina.total_revenue_yoy;L5.fina.working_capital;L5.is.eps;L5.is.gross_margin;L5.is.gross_profit;L5.is.margins;L5.is.net_profit;L5.is.operating_profit;L5.is.revenue;L5.is.revenue_growth;L5.is.sga_rd;L5.surprise.sell_side;L6.mult.mcap_fcf;L6.mult.pb;L6.mult.pe;L6.mult.ps;L6.path.second_derivative;L6.path.tag;L6.priced.crowdedness;L6.priced.run_up;L6.sens.cashflow;L6.sens.growth_margin;L6.sens.rates;L6.sens.risk_narrative;L6.state.historical_percentile;L7.env.risk_appetite;L7.flow.active_inflow;L7.mood.fomo;L7.mood.media_social;L7.mood.theme;L7.trade.margin_short;L7.trade.volume_turnover;L8.fin.cash_ar;L8.fin.debt_pressure;L8.gov.insider_sell;L8.gov.management_change;L8.industry.demand_supply;L8.industry.price_war;L8.op.inventory_glut;L8.val.overvalued;L8.val.priced_in;L9.company.buyback_dividend;L9.company.earnings_guidance;L9.company.mgmt_litigation;L9.event.holder_trade_signal;L9.event.intraday_announcement;L9.event.intraday_news;L9.event.major_holder_decrease;L9.event.major_holder_increase;L9.media.social_buzz,
601138.SH,工业富联,A,AI_COMPUTE,59,1,5,51,2,0,96,0,102,250,40.80,"{""derive:l10_val_expansion_compression"": 1, ""derived:pe_pb_history"": 1, ""derive:bootstrap_l11_subscore"": 11, ""derive:l11_long_score"": 1, ""derive:l11_mid_score"": 1, ""derive:l11_mode"": 1, ""derive:l11_short_score"": 1, ""derive:l11_trade_signal"": 1, ""tushare:cashflow+income.derived"": 1, ""tushare:income.derived"": 5, ""tushare:balancesheet+income.derived"": 2, ""tushare:balancesheet"": 4, ""tushare:balancesheet.derived"": 1, ""tushare:cashflow"": 5, ""tushare:fina_indicator"": 16, ""tushare:income"": 5, ""tushare:report_rc"": 1, ""tushare:daily_basic+cashflow"": 1, ""tushare:daily_basic"": 4, ""derive:l6_path_second_derivative"": 1, ""derive:l6_path_tag"": 1, ""derived:turnover_history"": 1, ""derived:price_history"": 1, ""derive:l6_sens_cashflow"": 1, ""derive:l6_sens_growth_margin"": 1, ""derive:l6_sens_rates"": 1, ""derive:l6_sens_risk_narrative"": 1, ""tushare:daily_basic.history"": 1, ""derive:l7_env_risk_appetite"": 1, ""tushare:moneyflow"": 1, ""derive:l7_mood_fomo"": 1, ""akshare:stock_hot_rank_em+keyword"": 1, ""akshare:stock_hot_keyword_em"": 1, ""tushare:margin_detail"": 1, ""tushare:cashflow+income+balancesheet.derived"": 1, ""tushare:balancesheet+fina_indicator.derived"": 2, ""tushare:stk_holdertrade|alias→L8.gov.insider_sell"": 1, ""tushare:stk_managers|alias→L8.gov.management_change"": 1, ""derive:l8_industry_demand_supply"": 1, ""derive:l8_industry_price_war"": 1, ""derived:from_quantile"": 1, ""derive:l8_val_priced_in"": 1, ""tushare:dividend"": 1, ""tushare:forecast"": 1, ""tushare:stk_managers"": 1, ""tushare:stk_holdertrade"": 3, ""akshare:stock_individual_notice_report"": 1, ""akshare:em_news"": 1, ""akshare:xq_hot"": 1}",company,L2.newbiz.commercialization;L2.newbiz.revenue_contrib;L2.newbiz.tam;L2.newbiz.uncertainty;L2.newbiz.valuation_contrib,L10.val.expansion_compression;L10.val.historical_quantile;L11.long.business_model;L11.long.compete_moat;L11.long.industry_space;L11.long.margin;L11.long.score;L11.mid.eps_upward;L11.mid.margin_guidance;L11.mid.orders_revenue;L11.mid.score;L11.mode;L11.short.event_impact;L11.short.flow_boost;L11.short.score;L11.short.sentiment_shift;L11.short.technical;L11.trade.signal;L4.cost.labor;L4.cost.raw_material;L4.eff.cycle;L4.eff.turnover;L5.bs.ar_ap;L5.bs.cash_debt;L5.bs.goodwill_ppe;L5.bs.inventory;L5.bs.leverage;L5.cf.buyback_dividend;L5.cf.capex;L5.cf.fcf;L5.cf.icf_fcf;L5.cf.ocf;L5.fina.asset_turnover;L5.fina.bps;L5.fina.cfps;L5.fina.debt_ratio;L5.fina.eps;L5.fina.gross_margin;L5.fina.net_margin;L5.fina.net_profit_yoy;L5.fina.ocf_quality;L5.fina.profit_yoy_q;L5.fina.revenue_yoy;L5.fina.revenue_yoy_q;L5.fina.roa;L5.fina.roe;L5.fina.total_revenue_yoy;L5.fina.working_capital;L5.is.eps;L5.is.gross_margin;L5.is.gross_profit;L5.is.margins;L5.is.net_profit;L5.is.operating_profit;L5.is.revenue;L5.is.revenue_growth;L5.is.sga_rd;L5.surprise.sell_side;L6.mult.mcap_fcf;L6.mult.pb;L6.mult.pe;L6.mult.ps;L6.path.second_derivative;L6.path.tag;L6.priced.crowdedness;L6.priced.run_up;L6.sens.cashflow;L6.sens.growth_margin;L6.sens.rates;L6.sens.risk_narrative;L6.state.historical_percentile;L7.env.risk_appetite;L7.flow.active_inflow;L7.mood.fomo;L7.mood.media_social;L7.mood.theme;L7.trade.margin_short;L7.trade.volume_turnover;L8.fin.cash_ar;L8.fin.debt_pressure;L8.gov.insider_sell;L8.gov.management_change;L8.industry.demand_supply;L8.industry.price_war;L8.op.inventory_glut;L8.val.overvalued;L8.val.priced_in;L9.company.buyback_dividend;L9.company.earnings_guidance;L9.company.mgmt_litigation;L9.event.holder_trade_signal;L9.event.intraday_announcement;L9.event.intraday_news;L9.event.major_holder_decrease;L9.event.major_holder_increase;L9.media.social_buzz,
601288.SH,农业银行,A,FINANCIAL_HIGH_DIVIDEND,59,1,5,51,2,0,85,0,91,250,36.40,"{""derive:l10_val_expansion_compression"": 1, ""derived:pe_pb_history"": 1, ""derive:bootstrap_l11_subscore"": 11, ""derive:l11_long_score"": 1, ""derive:l11_mid_score"": 1, ""derive:l11_mode"": 1, ""derive:l11_short_score"": 1, ""derive:l11_trade_signal"": 1, ""tushare:cashflow+income.derived"": 1, ""tushare:income.derived"": 3, ""tushare:balancesheet+income.derived"": 2, ""tushare:balancesheet"": 1, ""tushare:balancesheet.derived"": 1, ""tushare:cashflow"": 4, ""tushare:fina_indicator"": 13, ""tushare:income"": 4, ""tushare:report_rc"": 1, ""tushare:daily_basic"": 4, ""derive:l6_path_second_derivative"": 1, ""derive:l6_path_tag"": 1, ""derived:turnover_history"": 1, ""derived:price_history"": 1, ""derive:l6_sens_cashflow"": 1, ""derive:l6_sens_growth_margin"": 1, ""derive:l6_sens_rates"": 1, ""derive:l6_sens_risk_narrative"": 1, ""tushare:daily_basic.history"": 1, ""derive:l7_env_risk_appetite"": 1, ""tushare:moneyflow"": 1, ""derive:l7_mood_fomo"": 1, ""akshare:stock_hot_rank_em+keyword"": 1, ""akshare:stock_hot_keyword_em"": 1, ""tushare:margin_detail"": 1, ""tushare:cashflow+income+balancesheet.derived"": 1, ""tushare:balancesheet+fina_indicator.derived"": 2, ""tushare:stk_holdertrade|alias→L8.gov.insider_sell"": 1, ""tushare:stk_managers|alias→L8.gov.management_change"": 1, ""derive:l8_industry_demand_supply"": 1, ""derive:l8_industry_price_war"": 1, ""derived:from_quantile"": 1, ""derive:l8_val_priced_in"": 1, ""tushare:dividend"": 1, ""tushare:forecast"": 1, ""tushare:stk_managers"": 1, ""tushare:stk_holdertrade"": 3, ""akshare:stock_individual_notice_report"": 1, ""akshare:em_news"": 1, ""akshare:xq_hot"": 1}",company,L2.newbiz.commercialization;L2.newbiz.revenue_contrib;L2.newbiz.tam;L2.newbiz.uncertainty;L2.newbiz.valuation_contrib,L10.val.expansion_compression;L10.val.historical_quantile;L11.long.business_model;L11.long.compete_moat;L11.long.industry_space;L11.long.margin;L11.long.score;L11.mid.eps_upward;L11.mid.margin_guidance;L11.mid.orders_revenue;L11.mid.score;L11.mode;L11.short.event_impact;L11.short.flow_boost;L11.short.score;L11.short.sentiment_shift;L11.short.technical;L11.trade.signal;L4.cost.labor;L4.cost.raw_material;L4.eff.cycle;L4.eff.turnover;L5.bs.goodwill_ppe;L5.bs.leverage;L5.cf.buyback_dividend;L5.cf.capex;L5.cf.icf_fcf;L5.cf.ocf;L5.fina.asset_turnover;L5.fina.bps;L5.fina.cfps;L5.fina.debt_ratio;L5.fina.eps;L5.fina.net_margin;L5.fina.net_profit_yoy;L5.fina.ocf_quality;L5.fina.profit_yoy_q;L5.fina.revenue_yoy;L5.fina.revenue_yoy_q;L5.fina.roe;L5.fina.total_revenue_yoy;L5.is.margins;L5.is.net_profit;L5.is.operating_profit;L5.is.revenue;L5.is.revenue_growth;L5.is.sga_rd;L5.surprise.sell_side;L6.mult.pb;L6.mult.pe;L6.mult.ps;L6.path.second_derivative;L6.path.tag;L6.priced.crowdedness;L6.priced.run_up;L6.sens.cashflow;L6.sens.growth_margin;L6.sens.rates;L6.sens.risk_narrative;L6.state.historical_percentile;L7.env.risk_appetite;L7.flow.active_inflow;L7.mood.fomo;L7.mood.media_social;L7.mood.theme;L7.trade.margin_short;L7.trade.volume_turnover;L8.fin.cash_ar;L8.fin.debt_pressure;L8.gov.insider_sell;L8.gov.management_change;L8.industry.demand_supply;L8.industry.price_war;L8.op.inventory_glut;L8.val.overvalued;L8.val.priced_in;L9.company.buyback_dividend;L9.company.earnings_guidance;L9.company.mgmt_litigation;L9.event.holder_trade_signal;L9.event.intraday_announcement;L9.event.intraday_news;L9.event.major_holder_decrease;L9.event.major_holder_increase;L9.media.social_buzz,
601318.SH,中国平安,A,FINANCIAL_HIGH_DIVIDEND,59,1,5,51,2,0,87,0,93,250,37.20,"{""derive:l10_val_expansion_compression"": 1, ""derived:pe_pb_history"": 1, ""derive:bootstrap_l11_subscore"": 11, ""derive:l11_long_score"": 1, ""derive:l11_mid_score"": 1, ""derive:l11_mode"": 1, ""derive:l11_short_score"": 1, ""derive:l11_trade_signal"": 1, ""tushare:cashflow+income.derived"": 1, ""tushare:income.derived"": 3, ""tushare:balancesheet+income.derived"": 2, ""tushare:balancesheet"": 2, ""tushare:balancesheet.derived"": 1, ""tushare:cashflow"": 4, ""tushare:fina_indicator"": 13, ""tushare:income"": 5, ""tushare:report_rc"": 1, ""tushare:daily_basic"": 4, ""derive:l6_path_second_derivative"": 1, ""derive:l6_path_tag"": 1, ""derived:turnover_history"": 1, ""derived:price_history"": 1, ""derive:l6_sens_cashflow"": 1, ""derive:l6_sens_growth_margin"": 1, ""derive:l6_sens_rates"": 1, ""derive:l6_sens_risk_narrative"": 1, ""tushare:daily_basic.history"": 1, ""derive:l7_env_risk_appetite"": 1, ""tushare:moneyflow"": 1, ""derive:l7_mood_fomo"": 1, ""akshare:stock_hot_rank_em+keyword"": 1, ""akshare:stock_hot_keyword_em"": 1, ""tushare:margin_detail"": 1, ""tushare:cashflow+income+balancesheet.derived"": 1, ""tushare:balancesheet+fina_indicator.derived"": 2, ""tushare:stk_holdertrade|alias→L8.gov.insider_sell"": 1, ""tushare:stk_managers|alias→L8.gov.management_change"": 1, ""derive:l8_industry_demand_supply"": 1, ""derive:l8_industry_price_war"": 1, ""derived:from_quantile"": 1, ""derive:l8_val_priced_in"": 1, ""tushare:dividend"": 1, ""tushare:forecast"": 1, ""tushare:stk_managers"": 1, ""tushare:stk_holdertrade"": 3, ""akshare:stock_individual_notice_report"": 1, ""akshare:em_news"": 1, ""akshare:xq_hot"": 1}",company,L2.newbiz.commercialization;L2.newbiz.revenue_contrib;L2.newbiz.tam;L2.newbiz.uncertainty;L2.newbiz.valuation_contrib,L10.val.expansion_compression;L10.val.historical_quantile;L11.long.business_model;L11.long.compete_moat;L11.long.industry_space;L11.long.margin;L11.long.score;L11.mid.eps_upward;L11.mid.margin_guidance;L11.mid.orders_revenue;L11.mid.score;L11.mode;L11.short.event_impact;L11.short.flow_boost;L11.short.score;L11.short.sentiment_shift;L11.short.technical;L11.trade.signal;L4.cost.labor;L4.cost.raw_material;L4.eff.cycle;L4.eff.turnover;L5.bs.cash_debt;L5.bs.goodwill_ppe;L5.bs.leverage;L5.cf.buyback_dividend;L5.cf.capex;L5.cf.icf_fcf;L5.cf.ocf;L5.fina.asset_turnover;L5.fina.bps;L5.fina.cfps;L5.fina.debt_ratio;L5.fina.eps;L5.fina.net_margin;L5.fina.net_profit_yoy;L5.fina.ocf_quality;L5.fina.profit_yoy_q;L5.fina.revenue_yoy;L5.fina.revenue_yoy_q;L5.fina.roe;L5.fina.total_revenue_yoy;L5.is.eps;L5.is.margins;L5.is.net_profit;L5.is.operating_profit;L5.is.revenue;L5.is.revenue_growth;L5.is.sga_rd;L5.surprise.sell_side;L6.mult.pb;L6.mult.pe;L6.mult.ps;L6.path.second_derivative;L6.path.tag;L6.priced.crowdedness;L6.priced.run_up;L6.sens.cashflow;L6.sens.growth_margin;L6.sens.rates;L6.sens.risk_narrative;L6.state.historical_percentile;L7.env.risk_appetite;L7.flow.active_inflow;L7.mood.fomo;L7.mood.media_social;L7.mood.theme;L7.trade.margin_short;L7.trade.volume_turnover;L8.fin.cash_ar;L8.fin.debt_pressure;L8.gov.insider_sell;L8.gov.management_change;L8.industry.demand_supply;L8.industry.price_war;L8.op.inventory_glut;L8.val.overvalued;L8.val.priced_in;L9.company.buyback_dividend;L9.company.earnings_guidance;L9.company.mgmt_litigation;L9.event.holder_trade_signal;L9.event.intraday_announcement;L9.event.intraday_news;L9.event.major_holder_decrease;L9.event.major_holder_increase;L9.media.social_buzz,
601360.SH,三六零,A,HK_CN_INTERNET,59,1,5,51,2,0,96,0,102,250,40.80,"{""derive:l10_val_expansion_compression"": 1, ""derived:pe_pb_history"": 1, ""derive:bootstrap_l11_subscore"": 11, ""derive:l11_long_score"": 1, ""derive:l11_mid_score"": 1, ""derive:l11_mode"": 1, ""derive:l11_short_score"": 1, ""derive:l11_trade_signal"": 1, ""tushare:cashflow+income.derived"": 1, ""tushare:income.derived"": 5, ""tushare:balancesheet+income.derived"": 2, ""tushare:balancesheet"": 4, ""tushare:balancesheet.derived"": 1, ""tushare:cashflow"": 5, ""tushare:fina_indicator"": 16, ""tushare:income"": 5, ""tushare:report_rc"": 1, ""tushare:daily_basic+cashflow"": 1, ""tushare:daily_basic"": 4, ""derive:l6_path_second_derivative"": 1, ""derive:l6_path_tag"": 1, ""derived:turnover_history"": 1, ""derived:price_history"": 1, ""derive:l6_sens_cashflow"": 1, ""derive:l6_sens_growth_margin"": 1, ""derive:l6_sens_rates"": 1, ""derive:l6_sens_risk_narrative"": 1, ""tushare:daily_basic.history"": 1, ""derive:l7_env_risk_appetite"": 1, ""tushare:moneyflow"": 1, ""derive:l7_mood_fomo"": 1, ""akshare:stock_hot_rank_em+keyword"": 1, ""akshare:stock_hot_keyword_em"": 1, ""tushare:margin_detail"": 1, ""tushare:cashflow+income+balancesheet.derived"": 1, ""tushare:balancesheet+fina_indicator.derived"": 2, ""tushare:stk_holdertrade|alias→L8.gov.insider_sell"": 1, ""tushare:stk_managers|alias→L8.gov.management_change"": 1, ""derive:l8_industry_demand_supply"": 1, ""derive:l8_industry_price_war"": 1, ""derived:from_quantile"": 1, ""derive:l8_val_priced_in"": 1, ""tushare:dividend"": 1, ""tushare:forecast"": 1, ""tushare:stk_managers"": 1, ""tushare:stk_holdertrade"": 3, ""akshare:stock_individual_notice_report"": 1, ""akshare:em_news"": 1, ""akshare:xq_hot"": 1}",company,L2.newbiz.commercialization;L2.newbiz.revenue_contrib;L2.newbiz.tam;L2.newbiz.uncertainty;L2.newbiz.valuation_contrib,L10.val.expansion_compression;L10.val.historical_quantile;L11.long.business_model;L11.long.compete_moat;L11.long.industry_space;L11.long.margin;L11.long.score;L11.mid.eps_upward;L11.mid.margin_guidance;L11.mid.orders_revenue;L11.mid.score;L11.mode;L11.short.event_impact;L11.short.flow_boost;L11.short.score;L11.short.sentiment_shift;L11.short.technical;L11.trade.signal;L4.cost.labor;L4.cost.raw_material;L4.eff.cycle;L4.eff.turnover;L5.bs.ar_ap;L5.bs.cash_debt;L5.bs.goodwill_ppe;L5.bs.inventory;L5.bs.leverage;L5.cf.buyback_dividend;L5.cf.capex;L5.cf.fcf;L5.cf.icf_fcf;L5.cf.ocf;L5.fina.asset_turnover;L5.fina.bps;L5.fina.cfps;L5.fina.debt_ratio;L5.fina.eps;L5.fina.gross_margin;L5.fina.net_margin;L5.fina.net_profit_yoy;L5.fina.ocf_quality;L5.fina.profit_yoy_q;L5.fina.revenue_yoy;L5.fina.revenue_yoy_q;L5.fina.roa;L5.fina.roe;L5.fina.total_revenue_yoy;L5.fina.working_capital;L5.is.eps;L5.is.gross_margin;L5.is.gross_profit;L5.is.margins;L5.is.net_profit;L5.is.operating_profit;L5.is.revenue;L5.is.revenue_growth;L5.is.sga_rd;L5.surprise.sell_side;L6.mult.mcap_fcf;L6.mult.pb;L6.mult.pe;L6.mult.ps;L6.path.second_derivative;L6.path.tag;L6.priced.crowdedness;L6.priced.run_up;L6.sens.cashflow;L6.sens.growth_margin;L6.sens.rates;L6.sens.risk_narrative;L6.state.historical_percentile;L7.env.risk_appetite;L7.flow.active_inflow;L7.mood.fomo;L7.mood.media_social;L7.mood.theme;L7.trade.margin_short;L7.trade.volume_turnover;L8.fin.cash_ar;L8.fin.debt_pressure;L8.gov.insider_sell;L8.gov.management_change;L8.industry.demand_supply;L8.industry.price_war;L8.op.inventory_glut;L8.val.overvalued;L8.val.priced_in;L9.company.buyback_dividend;L9.company.earnings_guidance;L9.company.mgmt_litigation;L9.event.holder_trade_signal;L9.event.intraday_announcement;L9.event.intraday_news;L9.event.major_holder_decrease;L9.event.major_holder_increase;L9.media.social_buzz,
601398.SH,工商银行,A,FINANCIAL_HIGH_DIVIDEND,59,1,5,51,2,0,87,0,93,250,37.20,"{""derive:l10_val_expansion_compression"": 1, ""derived:pe_pb_history"": 1, ""derive:bootstrap_l11_subscore"": 11, ""derive:l11_long_score"": 1, ""derive:l11_mid_score"": 1, ""derive:l11_mode"": 1, ""derive:l11_short_score"": 1, ""derive:l11_trade_signal"": 1, ""tushare:cashflow+income.derived"": 1, ""tushare:income.derived"": 3, ""tushare:balancesheet+income.derived"": 2, ""tushare:balancesheet"": 1, ""tushare:balancesheet.derived"": 1, ""tushare:cashflow"": 4, ""tushare:fina_indicator"": 13, ""tushare:income"": 5, ""tushare:report_rc"": 1, ""tushare:daily_basic"": 4, ""derive:l6_path_second_derivative"": 1, ""derive:l6_path_tag"": 1, ""derived:turnover_history"": 1, ""derived:price_history"": 1, ""derive:l6_sens_cashflow"": 1, ""derive:l6_sens_growth_margin"": 1, ""derive:l6_sens_rates"": 1, ""derive:l6_sens_risk_narrative"": 1, ""tushare:daily_basic.history"": 1, ""derive:l7_env_risk_appetite"": 1, ""tushare:moneyflow"": 1, ""tushare:block_trade"": 1, ""derive:l7_mood_fomo"": 1, ""akshare:stock_hot_rank_em+keyword"": 1, ""akshare:stock_hot_keyword_em"": 1, ""tushare:margin_detail"": 1, ""tushare:cashflow+income+balancesheet.derived"": 1, ""tushare:balancesheet+fina_indicator.derived"": 2, ""tushare:stk_holdertrade|alias→L8.gov.insider_sell"": 1, ""tushare:stk_managers|alias→L8.gov.management_change"": 1, ""derive:l8_industry_demand_supply"": 1, ""derive:l8_industry_price_war"": 1, ""derived:from_quantile"": 1, ""derive:l8_val_priced_in"": 1, ""tushare:dividend"": 1, ""tushare:forecast"": 1, ""tushare:stk_managers"": 1, ""tushare:stk_holdertrade"": 3, ""akshare:stock_individual_notice_report"": 1, ""akshare:em_news"": 1, ""akshare:xq_hot"": 1}",company,L2.newbiz.commercialization;L2.newbiz.revenue_contrib;L2.newbiz.tam;L2.newbiz.uncertainty;L2.newbiz.valuation_contrib,L10.val.expansion_compression;L10.val.historical_quantile;L11.long.business_model;L11.long.compete_moat;L11.long.industry_space;L11.long.margin;L11.long.score;L11.mid.eps_upward;L11.mid.margin_guidance;L11.mid.orders_revenue;L11.mid.score;L11.mode;L11.short.event_impact;L11.short.flow_boost;L11.short.score;L11.short.sentiment_shift;L11.short.technical;L11.trade.signal;L4.cost.labor;L4.cost.raw_material;L4.eff.cycle;L4.eff.turnover;L5.bs.goodwill_ppe;L5.bs.leverage;L5.cf.buyback_dividend;L5.cf.capex;L5.cf.icf_fcf;L5.cf.ocf;L5.fina.asset_turnover;L5.fina.bps;L5.fina.cfps;L5.fina.debt_ratio;L5.fina.eps;L5.fina.net_margin;L5.fina.net_profit_yoy;L5.fina.ocf_quality;L5.fina.profit_yoy_q;L5.fina.revenue_yoy;L5.fina.revenue_yoy_q;L5.fina.roe;L5.fina.total_revenue_yoy;L5.is.eps;L5.is.margins;L5.is.net_profit;L5.is.operating_profit;L5.is.revenue;L5.is.revenue_growth;L5.is.sga_rd;L5.surprise.sell_side;L6.mult.pb;L6.mult.pe;L6.mult.ps;L6.path.second_derivative;L6.path.tag;L6.priced.crowdedness;L6.priced.run_up;L6.sens.cashflow;L6.sens.growth_margin;L6.sens.rates;L6.sens.risk_narrative;L6.state.historical_percentile;L7.env.risk_appetite;L7.flow.active_inflow;L7.flow.block_trade;L7.mood.fomo;L7.mood.media_social;L7.mood.theme;L7.trade.margin_short;L7.trade.volume_turnover;L8.fin.cash_ar;L8.fin.debt_pressure;L8.gov.insider_sell;L8.gov.management_change;L8.industry.demand_supply;L8.industry.price_war;L8.op.inventory_glut;L8.val.overvalued;L8.val.priced_in;L9.company.buyback_dividend;L9.company.earnings_guidance;L9.company.mgmt_litigation;L9.event.holder_trade_signal;L9.event.intraday_announcement;L9.event.intraday_news;L9.event.major_holder_decrease;L9.event.major_holder_increase;L9.media.social_buzz,
601600.SH,中国铝业,A,NONFERROUS_METALS,59,1,5,51,2,0,96,0,102,250,40.80,"{""derive:l10_val_expansion_compression"": 1, ""derived:pe_pb_history"": 1, ""derive:bootstrap_l11_subscore"": 11, ""derive:l11_long_score"": 1, ""derive:l11_mid_score"": 1, ""derive:l11_mode"": 1, ""derive:l11_short_score"": 1, ""derive:l11_trade_signal"": 1, ""tushare:cashflow+income.derived"": 1, ""tushare:income.derived"": 5, ""tushare:balancesheet+income.derived"": 2, ""tushare:balancesheet"": 4, ""tushare:balancesheet.derived"": 1, ""tushare:cashflow"": 5, ""tushare:fina_indicator"": 16, ""tushare:income"": 5, ""tushare:report_rc"": 1, ""tushare:daily_basic+cashflow"": 1, ""tushare:daily_basic"": 4, ""derive:l6_path_second_derivative"": 1, ""derive:l6_path_tag"": 1, ""derived:turnover_history"": 1, ""derived:price_history"": 1, ""derive:l6_sens_cashflow"": 1, ""derive:l6_sens_growth_margin"": 1, ""derive:l6_sens_rates"": 1, ""derive:l6_sens_risk_narrative"": 1, ""tushare:daily_basic.history"": 1, ""derive:l7_env_risk_appetite"": 1, ""tushare:moneyflow"": 1, ""derive:l7_mood_fomo"": 1, ""akshare:stock_hot_rank_em+keyword"": 1, ""akshare:stock_hot_keyword_em"": 1, ""tushare:margin_detail"": 1, ""tushare:cashflow+income+balancesheet.derived"": 1, ""tushare:balancesheet+fina_indicator.derived"": 2, ""tushare:stk_holdertrade|alias→L8.gov.insider_sell"": 1, ""tushare:stk_managers|alias→L8.gov.management_change"": 1, ""derive:l8_industry_demand_supply"": 1, ""derive:l8_industry_price_war"": 1, ""derived:from_quantile"": 1, ""derive:l8_val_priced_in"": 1, ""tushare:dividend"": 1, ""tushare:forecast"": 1, ""tushare:stk_managers"": 1, ""tushare:stk_holdertrade"": 3, ""akshare:stock_individual_notice_report"": 1, ""akshare:em_news"": 1, ""akshare:xq_hot"": 1}",company,L2.newbiz.commercialization;L2.newbiz.revenue_contrib;L2.newbiz.tam;L2.newbiz.uncertainty;L2.newbiz.valuation_contrib,L10.val.expansion_compression;L10.val.historical_quantile;L11.long.business_model;L11.long.compete_moat;L11.long.industry_space;L11.long.margin;L11.long.score;L11.mid.eps_upward;L11.mid.margin_guidance;L11.mid.orders_revenue;L11.mid.score;L11.mode;L11.short.event_impact;L11.short.flow_boost;L11.short.score;L11.short.sentiment_shift;L11.short.technical;L11.trade.signal;L4.cost.labor;L4.cost.raw_material;L4.eff.cycle;L4.eff.turnover;L5.bs.ar_ap;L5.bs.cash_debt;L5.bs.goodwill_ppe;L5.bs.inventory;L5.bs.leverage;L5.cf.buyback_dividend;L5.cf.capex;L5.cf.fcf;L5.cf.icf_fcf;L5.cf.ocf;L5.fina.asset_turnover;L5.fina.bps;L5.fina.cfps;L5.fina.debt_ratio;L5.fina.eps;L5.fina.gross_margin;L5.fina.net_margin;L5.fina.net_profit_yoy;L5.fina.ocf_quality;L5.fina.profit_yoy_q;L5.fina.revenue_yoy;L5.fina.revenue_yoy_q;L5.fina.roa;L5.fina.roe;L5.fina.total_revenue_yoy;L5.fina.working_capital;L5.is.eps;L5.is.gross_margin;L5.is.gross_profit;L5.is.margins;L5.is.net_profit;L5.is.operating_profit;L5.is.revenue;L5.is.revenue_growth;L5.is.sga_rd;L5.surprise.sell_side;L6.mult.mcap_fcf;L6.mult.pb;L6.mult.pe;L6.mult.ps;L6.path.second_derivative;L6.path.tag;L6.priced.crowdedness;L6.priced.run_up;L6.sens.cashflow;L6.sens.growth_margin;L6.sens.rates;L6.sens.risk_narrative;L6.state.historical_percentile;L7.env.risk_appetite;L7.flow.active_inflow;L7.mood.fomo;L7.mood.media_social;L7.mood.theme;L7.trade.margin_short;L7.trade.volume_turnover;L8.fin.cash_ar;L8.fin.debt_pressure;L8.gov.insider_sell;L8.gov.management_change;L8.industry.demand_supply;L8.industry.price_war;L8.op.inventory_glut;L8.val.overvalued;L8.val.priced_in;L9.company.buyback_dividend;L9.company.earnings_guidance;L9.company.mgmt_litigation;L9.event.holder_trade_signal;L9.event.intraday_announcement;L9.event.intraday_news;L9.event.major_holder_decrease;L9.event.major_holder_increase;L9.media.social_buzz,
601628.SH,中国人寿,A,FINANCIAL_HIGH_DIVIDEND,59,1,5,51,2,0,87,0,93,250,37.20,"{""derive:l10_val_expansion_compression"": 1, ""derived:pe_pb_history"": 1, ""derive:bootstrap_l11_subscore"": 11, ""derive:l11_long_score"": 1, ""derive:l11_mid_score"": 1, ""derive:l11_mode"": 1, ""derive:l11_short_score"": 1, ""derive:l11_trade_signal"": 1, ""tushare:cashflow+income.derived"": 1, ""tushare:income.derived"": 3, ""tushare:balancesheet+income.derived"": 2, ""tushare:balancesheet"": 2, ""tushare:balancesheet.derived"": 1, ""tushare:cashflow"": 4, ""tushare:fina_indicator"": 13, ""tushare:income"": 5, ""tushare:report_rc"": 1, ""tushare:daily_basic"": 4, ""derive:l6_path_second_derivative"": 1, ""derive:l6_path_tag"": 1, ""derived:turnover_history"": 1, ""derived:price_history"": 1, ""derive:l6_sens_cashflow"": 1, ""derive:l6_sens_growth_margin"": 1, ""derive:l6_sens_rates"": 1, ""derive:l6_sens_risk_narrative"": 1, ""tushare:daily_basic.history"": 1, ""derive:l7_env_risk_appetite"": 1, ""tushare:moneyflow"": 1, ""derive:l7_mood_fomo"": 1, ""akshare:stock_hot_rank_em+keyword"": 1, ""akshare:stock_hot_keyword_em"": 1, ""tushare:margin_detail"": 1, ""tushare:cashflow+income+balancesheet.derived"": 1, ""tushare:balancesheet+fina_indicator.derived"": 2, ""tushare:stk_holdertrade|alias→L8.gov.insider_sell"": 1, ""tushare:stk_managers|alias→L8.gov.management_change"": 1, ""derive:l8_industry_demand_supply"": 1, ""derive:l8_industry_price_war"": 1, ""derived:from_quantile"": 1, ""derive:l8_val_priced_in"": 1, ""tushare:dividend"": 1, ""tushare:forecast"": 1, ""tushare:stk_managers"": 1, ""tushare:stk_holdertrade"": 3, ""akshare:stock_individual_notice_report"": 1, ""akshare:em_news"": 1, ""akshare:xq_hot"": 1}",company,L2.newbiz.commercialization;L2.newbiz.revenue_contrib;L2.newbiz.tam;L2.newbiz.uncertainty;L2.newbiz.valuation_contrib,L10.val.expansion_compression;L10.val.historical_quantile;L11.long.business_model;L11.long.compete_moat;L11.long.industry_space;L11.long.margin;L11.long.score;L11.mid.eps_upward;L11.mid.margin_guidance;L11.mid.orders_revenue;L11.mid.score;L11.mode;L11.short.event_impact;L11.short.flow_boost;L11.short.score;L11.short.sentiment_shift;L11.short.technical;L11.trade.signal;L4.cost.labor;L4.cost.raw_material;L4.eff.cycle;L4.eff.turnover;L5.bs.cash_debt;L5.bs.goodwill_ppe;L5.bs.leverage;L5.cf.buyback_dividend;L5.cf.capex;L5.cf.icf_fcf;L5.cf.ocf;L5.fina.asset_turnover;L5.fina.bps;L5.fina.cfps;L5.fina.debt_ratio;L5.fina.eps;L5.fina.net_margin;L5.fina.net_profit_yoy;L5.fina.ocf_quality;L5.fina.profit_yoy_q;L5.fina.revenue_yoy;L5.fina.revenue_yoy_q;L5.fina.roe;L5.fina.total_revenue_yoy;L5.is.eps;L5.is.margins;L5.is.net_profit;L5.is.operating_profit;L5.is.revenue;L5.is.revenue_growth;L5.is.sga_rd;L5.surprise.sell_side;L6.mult.pb;L6.mult.pe;L6.mult.ps;L6.path.second_derivative;L6.path.tag;L6.priced.crowdedness;L6.priced.run_up;L6.sens.cashflow;L6.sens.growth_margin;L6.sens.rates;L6.sens.risk_narrative;L6.state.historical_percentile;L7.env.risk_appetite;L7.flow.active_inflow;L7.mood.fomo;L7.mood.media_social;L7.mood.theme;L7.trade.margin_short;L7.trade.volume_turnover;L8.fin.cash_ar;L8.fin.debt_pressure;L8.gov.insider_sell;L8.gov.management_change;L8.industry.demand_supply;L8.industry.price_war;L8.op.inventory_glut;L8.val.overvalued;L8.val.priced_in;L9.company.buyback_dividend;L9.company.earnings_guidance;L9.company.mgmt_litigation;L9.event.holder_trade_signal;L9.event.intraday_announcement;L9.event.intraday_news;L9.event.major_holder_decrease;L9.event.major_holder_increase;L9.media.social_buzz,
601689.SH,拓普集团,A,ROBOTICS|EXPORT_MFG,59,1,5,51,2,0,96,0,102,250,40.80,"{""derive:l10_val_expansion_compression"": 1, ""derived:pe_pb_history"": 1, ""derive:bootstrap_l11_subscore"": 11, ""derive:l11_long_score"": 1, ""derive:l11_mid_score"": 1, ""derive:l11_mode"": 1, ""derive:l11_short_score"": 1, ""derive:l11_trade_signal"": 1, ""tushare:cashflow+income.derived"": 1, ""tushare:income.derived"": 5, ""tushare:balancesheet+income.derived"": 2, ""tushare:balancesheet"": 4, ""tushare:balancesheet.derived"": 1, ""tushare:cashflow"": 5, ""tushare:fina_indicator"": 16, ""tushare:income"": 5, ""tushare:report_rc"": 1, ""tushare:daily_basic+cashflow"": 1, ""tushare:daily_basic"": 4, ""derive:l6_path_second_derivative"": 1, ""derive:l6_path_tag"": 1, ""derived:turnover_history"": 1, ""derived:price_history"": 1, ""derive:l6_sens_cashflow"": 1, ""derive:l6_sens_growth_margin"": 1, ""derive:l6_sens_rates"": 1, ""derive:l6_sens_risk_narrative"": 1, ""tushare:daily_basic.history"": 1, ""derive:l7_env_risk_appetite"": 1, ""tushare:moneyflow"": 1, ""derive:l7_mood_fomo"": 1, ""akshare:stock_hot_rank_em+keyword"": 1, ""akshare:stock_hot_keyword_em"": 1, ""tushare:margin_detail"": 1, ""tushare:cashflow+income+balancesheet.derived"": 1, ""tushare:balancesheet+fina_indicator.derived"": 2, ""tushare:stk_holdertrade|alias→L8.gov.insider_sell"": 1, ""tushare:stk_managers|alias→L8.gov.management_change"": 1, ""derive:l8_industry_demand_supply"": 1, ""derive:l8_industry_price_war"": 1, ""derived:from_quantile"": 1, ""derive:l8_val_priced_in"": 1, ""tushare:dividend"": 1, ""tushare:forecast"": 1, ""tushare:stk_managers"": 1, ""tushare:stk_holdertrade"": 3, ""akshare:stock_individual_notice_report"": 1, ""akshare:em_news"": 1, ""akshare:xq_hot"": 1}",company,L2.newbiz.commercialization;L2.newbiz.revenue_contrib;L2.newbiz.tam;L2.newbiz.uncertainty;L2.newbiz.valuation_contrib,L10.val.expansion_compression;L10.val.historical_quantile;L11.long.business_model;L11.long.compete_moat;L11.long.industry_space;L11.long.margin;L11.long.score;L11.mid.eps_upward;L11.mid.margin_guidance;L11.mid.orders_revenue;L11.mid.score;L11.mode;L11.short.event_impact;L11.short.flow_boost;L11.short.score;L11.short.sentiment_shift;L11.short.technical;L11.trade.signal;L4.cost.labor;L4.cost.raw_material;L4.eff.cycle;L4.eff.turnover;L5.bs.ar_ap;L5.bs.cash_debt;L5.bs.goodwill_ppe;L5.bs.inventory;L5.bs.leverage;L5.cf.buyback_dividend;L5.cf.capex;L5.cf.fcf;L5.cf.icf_fcf;L5.cf.ocf;L5.fina.asset_turnover;L5.fina.bps;L5.fina.cfps;L5.fina.debt_ratio;L5.fina.eps;L5.fina.gross_margin;L5.fina.net_margin;L5.fina.net_profit_yoy;L5.fina.ocf_quality;L5.fina.profit_yoy_q;L5.fina.revenue_yoy;L5.fina.revenue_yoy_q;L5.fina.roa;L5.fina.roe;L5.fina.total_revenue_yoy;L5.fina.working_capital;L5.is.eps;L5.is.gross_margin;L5.is.gross_profit;L5.is.margins;L5.is.net_profit;L5.is.operating_profit;L5.is.revenue;L5.is.revenue_growth;L5.is.sga_rd;L5.surprise.sell_side;L6.mult.mcap_fcf;L6.mult.pb;L6.mult.pe;L6.mult.ps;L6.path.second_derivative;L6.path.tag;L6.priced.crowdedness;L6.priced.run_up;L6.sens.cashflow;L6.sens.growth_margin;L6.sens.rates;L6.sens.risk_narrative;L6.state.historical_percentile;L7.env.risk_appetite;L7.flow.active_inflow;L7.mood.fomo;L7.mood.media_social;L7.mood.theme;L7.trade.margin_short;L7.trade.volume_turnover;L8.fin.cash_ar;L8.fin.debt_pressure;L8.gov.insider_sell;L8.gov.management_change;L8.industry.demand_supply;L8.industry.price_war;L8.op.inventory_glut;L8.val.overvalued;L8.val.priced_in;L9.company.buyback_dividend;L9.company.earnings_guidance;L9.company.mgmt_litigation;L9.event.holder_trade_signal;L9.event.intraday_announcement;L9.event.intraday_news;L9.event.major_holder_decrease;L9.event.major_holder_increase;L9.media.social_buzz,
601888.SH,中国中免,A,DOMESTIC_CONSUMPTION,59,1,5,51,2,0,96,0,102,250,40.80,"{""derive:l10_val_expansion_compression"": 1, ""derived:pe_pb_history"": 1, ""derive:bootstrap_l11_subscore"": 11, ""derive:l11_long_score"": 1, ""derive:l11_mid_score"": 1, ""derive:l11_mode"": 1, ""derive:l11_short_score"": 1, ""derive:l11_trade_signal"": 1, ""tushare:cashflow+income.derived"": 1, ""tushare:income.derived"": 5, ""tushare:balancesheet+income.derived"": 2, ""tushare:balancesheet"": 4, ""tushare:balancesheet.derived"": 1, ""tushare:cashflow"": 5, ""tushare:fina_indicator"": 16, ""tushare:income"": 5, ""tushare:report_rc"": 1, ""tushare:daily_basic+cashflow"": 1, ""tushare:daily_basic"": 4, ""derive:l6_path_second_derivative"": 1, ""derive:l6_path_tag"": 1, ""derived:turnover_history"": 1, ""derived:price_history"": 1, ""derive:l6_sens_cashflow"": 1, ""derive:l6_sens_growth_margin"": 1, ""derive:l6_sens_rates"": 1, ""derive:l6_sens_risk_narrative"": 1, ""tushare:daily_basic.history"": 1, ""derive:l7_env_risk_appetite"": 1, ""tushare:moneyflow"": 1, ""derive:l7_mood_fomo"": 1, ""akshare:stock_hot_rank_em+keyword"": 1, ""akshare:stock_hot_keyword_em"": 1, ""tushare:margin_detail"": 1, ""tushare:cashflow+income+balancesheet.derived"": 1, ""tushare:balancesheet+fina_indicator.derived"": 2, ""tushare:stk_holdertrade|alias→L8.gov.insider_sell"": 1, ""tushare:stk_managers|alias→L8.gov.management_change"": 1, ""derive:l8_industry_demand_supply"": 1, ""derive:l8_industry_price_war"": 1, ""derived:from_quantile"": 1, ""derive:l8_val_priced_in"": 1, ""tushare:dividend"": 1, ""tushare:forecast"": 1, ""tushare:stk_managers"": 1, ""tushare:stk_holdertrade"": 3, ""akshare:stock_individual_notice_report"": 1, ""akshare:em_news"": 1, ""akshare:xq_hot"": 1}",company,L2.newbiz.commercialization;L2.newbiz.revenue_contrib;L2.newbiz.tam;L2.newbiz.uncertainty;L2.newbiz.valuation_contrib,L10.val.expansion_compression;L10.val.historical_quantile;L11.long.business_model;L11.long.compete_moat;L11.long.industry_space;L11.long.margin;L11.long.score;L11.mid.eps_upward;L11.mid.margin_guidance;L11.mid.orders_revenue;L11.mid.score;L11.mode;L11.short.event_impact;L11.short.flow_boost;L11.short.score;L11.short.sentiment_shift;L11.short.technical;L11.trade.signal;L4.cost.labor;L4.cost.raw_material;L4.eff.cycle;L4.eff.turnover;L5.bs.ar_ap;L5.bs.cash_debt;L5.bs.goodwill_ppe;L5.bs.inventory;L5.bs.leverage;L5.cf.buyback_dividend;L5.cf.capex;L5.cf.fcf;L5.cf.icf_fcf;L5.cf.ocf;L5.fina.asset_turnover;L5.fina.bps;L5.fina.cfps;L5.fina.debt_ratio;L5.fina.eps;L5.fina.gross_margin;L5.fina.net_margin;L5.fina.net_profit_yoy;L5.fina.ocf_quality;L5.fina.profit_yoy_q;L5.fina.revenue_yoy;L5.fina.revenue_yoy_q;L5.fina.roa;L5.fina.roe;L5.fina.total_revenue_yoy;L5.fina.working_capital;L5.is.eps;L5.is.gross_margin;L5.is.gross_profit;L5.is.margins;L5.is.net_profit;L5.is.operating_profit;L5.is.revenue;L5.is.revenue_growth;L5.is.sga_rd;L5.surprise.sell_side;L6.mult.mcap_fcf;L6.mult.pb;L6.mult.pe;L6.mult.ps;L6.path.second_derivative;L6.path.tag;L6.priced.crowdedness;L6.priced.run_up;L6.sens.cashflow;L6.sens.growth_margin;L6.sens.rates;L6.sens.risk_narrative;L6.state.historical_percentile;L7.env.risk_appetite;L7.flow.active_inflow;L7.mood.fomo;L7.mood.media_social;L7.mood.theme;L7.trade.margin_short;L7.trade.volume_turnover;L8.fin.cash_ar;L8.fin.debt_pressure;L8.gov.insider_sell;L8.gov.management_change;L8.industry.demand_supply;L8.industry.price_war;L8.op.inventory_glut;L8.val.overvalued;L8.val.priced_in;L9.company.buyback_dividend;L9.company.earnings_guidance;L9.company.mgmt_litigation;L9.event.holder_trade_signal;L9.event.intraday_announcement;L9.event.intraday_news;L9.event.major_holder_decrease;L9.event.major_holder_increase;L9.media.social_buzz,
601899.SH,紫金矿业,A,NONFERROUS_METALS,59,1,5,51,2,0,97,0,103,250,41.20,"{""derive:l10_val_expansion_compression"": 1, ""derived:pe_pb_history"": 1, ""derive:bootstrap_l11_subscore"": 11, ""derive:l11_long_score"": 1, ""derive:l11_mid_score"": 1, ""derive:l11_mode"": 1, ""derive:l11_short_score"": 1, ""derive:l11_trade_signal"": 1, ""tushare:cashflow+income.derived"": 1, ""tushare:income.derived"": 5, ""tushare:balancesheet+income.derived"": 2, ""tushare:balancesheet"": 4, ""tushare:balancesheet.derived"": 1, ""tushare:cashflow"": 5, ""tushare:fina_indicator"": 16, ""tushare:income"": 5, ""tushare:report_rc"": 1, ""tushare:daily_basic+cashflow"": 1, ""tushare:daily_basic"": 4, ""derive:l6_path_second_derivative"": 1, ""derive:l6_path_tag"": 1, ""derived:turnover_history"": 1, ""derived:price_history"": 1, ""derive:l6_sens_cashflow"": 1, ""derive:l6_sens_growth_margin"": 1, ""derive:l6_sens_rates"": 1, ""derive:l6_sens_risk_narrative"": 1, ""tushare:daily_basic.history"": 1, ""derive:l7_env_risk_appetite"": 1, ""tushare:moneyflow"": 1, ""tushare:block_trade"": 1, ""derive:l7_mood_fomo"": 1, ""akshare:stock_hot_rank_em+keyword"": 1, ""akshare:stock_hot_keyword_em"": 1, ""tushare:margin_detail"": 1, ""tushare:cashflow+income+balancesheet.derived"": 1, ""tushare:balancesheet+fina_indicator.derived"": 2, ""tushare:stk_holdertrade|alias→L8.gov.insider_sell"": 1, ""tushare:stk_managers|alias→L8.gov.management_change"": 1, ""derive:l8_industry_demand_supply"": 1, ""derive:l8_industry_price_war"": 1, ""derived:from_quantile"": 1, ""derive:l8_val_priced_in"": 1, ""tushare:dividend"": 1, ""tushare:forecast"": 1, ""tushare:stk_managers"": 1, ""tushare:stk_holdertrade"": 3, ""akshare:stock_individual_notice_report"": 1, ""akshare:em_news"": 1, ""akshare:xq_hot"": 1}",company,L2.newbiz.commercialization;L2.newbiz.revenue_contrib;L2.newbiz.tam;L2.newbiz.uncertainty;L2.newbiz.valuation_contrib,L10.val.expansion_compression;L10.val.historical_quantile;L11.long.business_model;L11.long.compete_moat;L11.long.industry_space;L11.long.margin;L11.long.score;L11.mid.eps_upward;L11.mid.margin_guidance;L11.mid.orders_revenue;L11.mid.score;L11.mode;L11.short.event_impact;L11.short.flow_boost;L11.short.score;L11.short.sentiment_shift;L11.short.technical;L11.trade.signal;L4.cost.labor;L4.cost.raw_material;L4.eff.cycle;L4.eff.turnover;L5.bs.ar_ap;L5.bs.cash_debt;L5.bs.goodwill_ppe;L5.bs.inventory;L5.bs.leverage;L5.cf.buyback_dividend;L5.cf.capex;L5.cf.fcf;L5.cf.icf_fcf;L5.cf.ocf;L5.fina.asset_turnover;L5.fina.bps;L5.fina.cfps;L5.fina.debt_ratio;L5.fina.eps;L5.fina.gross_margin;L5.fina.net_margin;L5.fina.net_profit_yoy;L5.fina.ocf_quality;L5.fina.profit_yoy_q;L5.fina.revenue_yoy;L5.fina.revenue_yoy_q;L5.fina.roa;L5.fina.roe;L5.fina.total_revenue_yoy;L5.fina.working_capital;L5.is.eps;L5.is.gross_margin;L5.is.gross_profit;L5.is.margins;L5.is.net_profit;L5.is.operating_profit;L5.is.revenue;L5.is.revenue_growth;L5.is.sga_rd;L5.surprise.sell_side;L6.mult.mcap_fcf;L6.mult.pb;L6.mult.pe;L6.mult.ps;L6.path.second_derivative;L6.path.tag;L6.priced.crowdedness;L6.priced.run_up;L6.sens.cashflow;L6.sens.growth_margin;L6.sens.rates;L6.sens.risk_narrative;L6.state.historical_percentile;L7.env.risk_appetite;L7.flow.active_inflow;L7.flow.block_trade;L7.mood.fomo;L7.mood.media_social;L7.mood.theme;L7.trade.margin_short;L7.trade.volume_turnover;L8.fin.cash_ar;L8.fin.debt_pressure;L8.gov.insider_sell;L8.gov.management_change;L8.industry.demand_supply;L8.industry.price_war;L8.op.inventory_glut;L8.val.overvalued;L8.val.priced_in;L9.company.buyback_dividend;L9.company.earnings_guidance;L9.company.mgmt_litigation;L9.event.holder_trade_signal;L9.event.intraday_announcement;L9.event.intraday_news;L9.event.major_holder_decrease;L9.event.major_holder_increase;L9.media.social_buzz,
601939.SH,建设银行,A,FINANCIAL_HIGH_DIVIDEND,59,1,5,51,2,0,86,0,92,250,36.80,"{""derive:l10_val_expansion_compression"": 1, ""derived:pe_pb_history"": 1, ""derive:bootstrap_l11_subscore"": 11, ""derive:l11_long_score"": 1, ""derive:l11_mid_score"": 1, ""derive:l11_mode"": 1, ""derive:l11_short_score"": 1, ""derive:l11_trade_signal"": 1, ""tushare:cashflow+income.derived"": 1, ""tushare:income.derived"": 3, ""tushare:balancesheet+income.derived"": 2, ""tushare:balancesheet"": 1, ""tushare:balancesheet.derived"": 1, ""tushare:cashflow"": 4, ""tushare:fina_indicator"": 13, ""tushare:income"": 5, ""tushare:report_rc"": 1, ""tushare:daily_basic"": 4, ""derive:l6_path_second_derivative"": 1, ""derive:l6_path_tag"": 1, ""derived:turnover_history"": 1, ""derived:price_history"": 1, ""derive:l6_sens_cashflow"": 1, ""derive:l6_sens_growth_margin"": 1, ""derive:l6_sens_rates"": 1, ""derive:l6_sens_risk_narrative"": 1, ""tushare:daily_basic.history"": 1, ""derive:l7_env_risk_appetite"": 1, ""tushare:moneyflow"": 1, ""derive:l7_mood_fomo"": 1, ""akshare:stock_hot_rank_em+keyword"": 1, ""akshare:stock_hot_keyword_em"": 1, ""tushare:margin_detail"": 1, ""tushare:cashflow+income+balancesheet.derived"": 1, ""tushare:balancesheet+fina_indicator.derived"": 2, ""tushare:stk_holdertrade|alias→L8.gov.insider_sell"": 1, ""tushare:stk_managers|alias→L8.gov.management_change"": 1, ""derive:l8_industry_demand_supply"": 1, ""derive:l8_industry_price_war"": 1, ""derived:from_quantile"": 1, ""derive:l8_val_priced_in"": 1, ""tushare:dividend"": 1, ""tushare:forecast"": 1, ""tushare:stk_managers"": 1, ""tushare:stk_holdertrade"": 3, ""akshare:stock_individual_notice_report"": 1, ""akshare:em_news"": 1, ""akshare:xq_hot"": 1}",company,L2.newbiz.commercialization;L2.newbiz.revenue_contrib;L2.newbiz.tam;L2.newbiz.uncertainty;L2.newbiz.valuation_contrib,L10.val.expansion_compression;L10.val.historical_quantile;L11.long.business_model;L11.long.compete_moat;L11.long.industry_space;L11.long.margin;L11.long.score;L11.mid.eps_upward;L11.mid.margin_guidance;L11.mid.orders_revenue;L11.mid.score;L11.mode;L11.short.event_impact;L11.short.flow_boost;L11.short.score;L11.short.sentiment_shift;L11.short.technical;L11.trade.signal;L4.cost.labor;L4.cost.raw_material;L4.eff.cycle;L4.eff.turnover;L5.bs.goodwill_ppe;L5.bs.leverage;L5.cf.buyback_dividend;L5.cf.capex;L5.cf.icf_fcf;L5.cf.ocf;L5.fina.asset_turnover;L5.fina.bps;L5.fina.cfps;L5.fina.debt_ratio;L5.fina.eps;L5.fina.net_margin;L5.fina.net_profit_yoy;L5.fina.ocf_quality;L5.fina.profit_yoy_q;L5.fina.revenue_yoy;L5.fina.revenue_yoy_q;L5.fina.roe;L5.fina.total_revenue_yoy;L5.is.eps;L5.is.margins;L5.is.net_profit;L5.is.operating_profit;L5.is.revenue;L5.is.revenue_growth;L5.is.sga_rd;L5.surprise.sell_side;L6.mult.pb;L6.mult.pe;L6.mult.ps;L6.path.second_derivative;L6.path.tag;L6.priced.crowdedness;L6.priced.run_up;L6.sens.cashflow;L6.sens.growth_margin;L6.sens.rates;L6.sens.risk_narrative;L6.state.historical_percentile;L7.env.risk_appetite;L7.flow.active_inflow;L7.mood.fomo;L7.mood.media_social;L7.mood.theme;L7.trade.margin_short;L7.trade.volume_turnover;L8.fin.cash_ar;L8.fin.debt_pressure;L8.gov.insider_sell;L8.gov.management_change;L8.industry.demand_supply;L8.industry.price_war;L8.op.inventory_glut;L8.val.overvalued;L8.val.priced_in;L9.company.buyback_dividend;L9.company.earnings_guidance;L9.company.mgmt_litigation;L9.event.holder_trade_signal;L9.event.intraday_announcement;L9.event.intraday_news;L9.event.major_holder_decrease;L9.event.major_holder_increase;L9.media.social_buzz,
601988.SH,中国银行,A,FINANCIAL_HIGH_DIVIDEND,59,1,5,51,2,0,86,0,92,250,36.80,"{""derive:l10_val_expansion_compression"": 1, ""derived:pe_pb_history"": 1, ""derive:bootstrap_l11_subscore"": 11, ""derive:l11_long_score"": 1, ""derive:l11_mid_score"": 1, ""derive:l11_mode"": 1, ""derive:l11_short_score"": 1, ""derive:l11_trade_signal"": 1, ""tushare:cashflow+income.derived"": 1, ""tushare:income.derived"": 3, ""tushare:balancesheet+income.derived"": 2, ""tushare:balancesheet"": 1, ""tushare:balancesheet.derived"": 1, ""tushare:cashflow"": 4, ""tushare:fina_indicator"": 13, ""tushare:income"": 5, ""tushare:report_rc"": 1, ""tushare:daily_basic"": 4, ""derive:l6_path_second_derivative"": 1, ""derive:l6_path_tag"": 1, ""derived:turnover_history"": 1, ""derived:price_history"": 1, ""derive:l6_sens_cashflow"": 1, ""derive:l6_sens_growth_margin"": 1, ""derive:l6_sens_rates"": 1, ""derive:l6_sens_risk_narrative"": 1, ""tushare:daily_basic.history"": 1, ""derive:l7_env_risk_appetite"": 1, ""tushare:moneyflow"": 1, ""derive:l7_mood_fomo"": 1, ""akshare:stock_hot_rank_em+keyword"": 1, ""akshare:stock_hot_keyword_em"": 1, ""tushare:margin_detail"": 1, ""tushare:cashflow+income+balancesheet.derived"": 1, ""tushare:balancesheet+fina_indicator.derived"": 2, ""tushare:stk_holdertrade|alias→L8.gov.insider_sell"": 1, ""tushare:stk_managers|alias→L8.gov.management_change"": 1, ""derive:l8_industry_demand_supply"": 1, ""derive:l8_industry_price_war"": 1, ""derived:from_quantile"": 1, ""derive:l8_val_priced_in"": 1, ""tushare:dividend"": 1, ""tushare:forecast"": 1, ""tushare:stk_managers"": 1, ""tushare:stk_holdertrade"": 3, ""akshare:stock_individual_notice_report"": 1, ""akshare:em_news"": 1, ""akshare:xq_hot"": 1}",company,L2.newbiz.commercialization;L2.newbiz.revenue_contrib;L2.newbiz.tam;L2.newbiz.uncertainty;L2.newbiz.valuation_contrib,L10.val.expansion_compression;L10.val.historical_quantile;L11.long.business_model;L11.long.compete_moat;L11.long.industry_space;L11.long.margin;L11.long.score;L11.mid.eps_upward;L11.mid.margin_guidance;L11.mid.orders_revenue;L11.mid.score;L11.mode;L11.short.event_impact;L11.short.flow_boost;L11.short.score;L11.short.sentiment_shift;L11.short.technical;L11.trade.signal;L4.cost.labor;L4.cost.raw_material;L4.eff.cycle;L4.eff.turnover;L5.bs.goodwill_ppe;L5.bs.leverage;L5.cf.buyback_dividend;L5.cf.capex;L5.cf.icf_fcf;L5.cf.ocf;L5.fina.asset_turnover;L5.fina.bps;L5.fina.cfps;L5.fina.debt_ratio;L5.fina.eps;L5.fina.net_margin;L5.fina.net_profit_yoy;L5.fina.ocf_quality;L5.fina.profit_yoy_q;L5.fina.revenue_yoy;L5.fina.revenue_yoy_q;L5.fina.roe;L5.fina.total_revenue_yoy;L5.is.eps;L5.is.margins;L5.is.net_profit;L5.is.operating_profit;L5.is.revenue;L5.is.revenue_growth;L5.is.sga_rd;L5.surprise.sell_side;L6.mult.pb;L6.mult.pe;L6.mult.ps;L6.path.second_derivative;L6.path.tag;L6.priced.crowdedness;L6.priced.run_up;L6.sens.cashflow;L6.sens.growth_margin;L6.sens.rates;L6.sens.risk_narrative;L6.state.historical_percentile;L7.env.risk_appetite;L7.flow.active_inflow;L7.mood.fomo;L7.mood.media_social;L7.mood.theme;L7.trade.margin_short;L7.trade.volume_turnover;L8.fin.cash_ar;L8.fin.debt_pressure;L8.gov.insider_sell;L8.gov.management_change;L8.industry.demand_supply;L8.industry.price_war;L8.op.inventory_glut;L8.val.overvalued;L8.val.priced_in;L9.company.buyback_dividend;L9.company.earnings_guidance;L9.company.mgmt_litigation;L9.event.holder_trade_signal;L9.event.intraday_announcement;L9.event.intraday_news;L9.event.major_holder_decrease;L9.event.major_holder_increase;L9.media.social_buzz,
603259.SH,药明康德,A,INNOVATIVE_PHARMA,59,1,5,51,2,0,97,0,103,250,41.20,"{""derive:l10_val_expansion_compression"": 1, ""derived:pe_pb_history"": 1, ""derive:bootstrap_l11_subscore"": 11, ""derive:l11_long_score"": 1, ""derive:l11_mid_score"": 1, ""derive:l11_mode"": 1, ""derive:l11_short_score"": 1, ""derive:l11_trade_signal"": 1, ""tushare:cashflow+income.derived"": 1, ""tushare:income.derived"": 5, ""tushare:balancesheet+income.derived"": 2, ""tushare:balancesheet"": 4, ""tushare:balancesheet.derived"": 1, ""tushare:cashflow"": 5, ""tushare:fina_indicator"": 16, ""tushare:income"": 5, ""tushare:report_rc"": 1, ""tushare:daily_basic+cashflow"": 1, ""tushare:daily_basic"": 4, ""derive:l6_path_second_derivative"": 1, ""derive:l6_path_tag"": 1, ""derived:turnover_history"": 1, ""derived:price_history"": 1, ""derive:l6_sens_cashflow"": 1, ""derive:l6_sens_growth_margin"": 1, ""derive:l6_sens_rates"": 1, ""derive:l6_sens_risk_narrative"": 1, ""tushare:daily_basic.history"": 1, ""derive:l7_env_risk_appetite"": 1, ""tushare:moneyflow"": 1, ""tushare:block_trade"": 1, ""derive:l7_mood_fomo"": 1, ""akshare:stock_hot_rank_em+keyword"": 1, ""akshare:stock_hot_keyword_em"": 1, ""tushare:margin_detail"": 1, ""tushare:cashflow+income+balancesheet.derived"": 1, ""tushare:balancesheet+fina_indicator.derived"": 2, ""tushare:stk_holdertrade|alias→L8.gov.insider_sell"": 1, ""tushare:stk_managers|alias→L8.gov.management_change"": 1, ""derive:l8_industry_demand_supply"": 1, ""derive:l8_industry_price_war"": 1, ""derived:from_quantile"": 1, ""derive:l8_val_priced_in"": 1, ""tushare:dividend"": 1, ""tushare:forecast"": 1, ""tushare:stk_managers"": 1, ""tushare:stk_holdertrade"": 3, ""akshare:stock_individual_notice_report"": 1, ""akshare:em_news"": 1, ""akshare:xq_hot"": 1}",company,L2.newbiz.commercialization;L2.newbiz.revenue_contrib;L2.newbiz.tam;L2.newbiz.uncertainty;L2.newbiz.valuation_contrib,L10.val.expansion_compression;L10.val.historical_quantile;L11.long.business_model;L11.long.compete_moat;L11.long.industry_space;L11.long.margin;L11.long.score;L11.mid.eps_upward;L11.mid.margin_guidance;L11.mid.orders_revenue;L11.mid.score;L11.mode;L11.short.event_impact;L11.short.flow_boost;L11.short.score;L11.short.sentiment_shift;L11.short.technical;L11.trade.signal;L4.cost.labor;L4.cost.raw_material;L4.eff.cycle;L4.eff.turnover;L5.bs.ar_ap;L5.bs.cash_debt;L5.bs.goodwill_ppe;L5.bs.inventory;L5.bs.leverage;L5.cf.buyback_dividend;L5.cf.capex;L5.cf.fcf;L5.cf.icf_fcf;L5.cf.ocf;L5.fina.asset_turnover;L5.fina.bps;L5.fina.cfps;L5.fina.debt_ratio;L5.fina.eps;L5.fina.gross_margin;L5.fina.net_margin;L5.fina.net_profit_yoy;L5.fina.ocf_quality;L5.fina.profit_yoy_q;L5.fina.revenue_yoy;L5.fina.revenue_yoy_q;L5.fina.roa;L5.fina.roe;L5.fina.total_revenue_yoy;L5.fina.working_capital;L5.is.eps;L5.is.gross_margin;L5.is.gross_profit;L5.is.margins;L5.is.net_profit;L5.is.operating_profit;L5.is.revenue;L5.is.revenue_growth;L5.is.sga_rd;L5.surprise.sell_side;L6.mult.mcap_fcf;L6.mult.pb;L6.mult.pe;L6.mult.ps;L6.path.second_derivative;L6.path.tag;L6.priced.crowdedness;L6.priced.run_up;L6.sens.cashflow;L6.sens.growth_margin;L6.sens.rates;L6.sens.risk_narrative;L6.state.historical_percentile;L7.env.risk_appetite;L7.flow.active_inflow;L7.flow.block_trade;L7.mood.fomo;L7.mood.media_social;L7.mood.theme;L7.trade.margin_short;L7.trade.volume_turnover;L8.fin.cash_ar;L8.fin.debt_pressure;L8.gov.insider_sell;L8.gov.management_change;L8.industry.demand_supply;L8.industry.price_war;L8.op.inventory_glut;L8.val.overvalued;L8.val.priced_in;L9.company.buyback_dividend;L9.company.earnings_guidance;L9.company.mgmt_litigation;L9.event.holder_trade_signal;L9.event.intraday_announcement;L9.event.intraday_news;L9.event.major_holder_decrease;L9.event.major_holder_increase;L9.media.social_buzz,
603501.SH,韦尔股份,A,CONSUMER_ELECTRONICS,59,1,5,51,2,0,96,0,102,250,40.80,"{""derive:l10_val_expansion_compression"": 1, ""derived:pe_pb_history"": 1, ""derive:bootstrap_l11_subscore"": 11, ""derive:l11_long_score"": 1, ""derive:l11_mid_score"": 1, ""derive:l11_mode"": 1, ""derive:l11_short_score"": 1, ""derive:l11_trade_signal"": 1, ""tushare:cashflow+income.derived"": 1, ""tushare:income.derived"": 5, ""tushare:balancesheet+income.derived"": 2, ""tushare:balancesheet"": 4, ""tushare:balancesheet.derived"": 1, ""tushare:cashflow"": 5, ""tushare:fina_indicator"": 16, ""tushare:income"": 5, ""tushare:report_rc"": 1, ""tushare:daily_basic+cashflow"": 1, ""tushare:daily_basic"": 4, ""derive:l6_path_second_derivative"": 1, ""derive:l6_path_tag"": 1, ""derived:turnover_history"": 1, ""derived:price_history"": 1, ""derive:l6_sens_cashflow"": 1, ""derive:l6_sens_growth_margin"": 1, ""derive:l6_sens_rates"": 1, ""derive:l6_sens_risk_narrative"": 1, ""tushare:daily_basic.history"": 1, ""derive:l7_env_risk_appetite"": 1, ""tushare:moneyflow"": 1, ""derive:l7_mood_fomo"": 1, ""akshare:stock_hot_rank_em+keyword"": 1, ""akshare:stock_hot_keyword_em"": 1, ""tushare:margin_detail"": 1, ""tushare:cashflow+income+balancesheet.derived"": 1, ""tushare:balancesheet+fina_indicator.derived"": 2, ""tushare:stk_holdertrade|alias→L8.gov.insider_sell"": 1, ""tushare:stk_managers|alias→L8.gov.management_change"": 1, ""derive:l8_industry_demand_supply"": 1, ""derive:l8_industry_price_war"": 1, ""derived:from_quantile"": 1, ""derive:l8_val_priced_in"": 1, ""tushare:dividend"": 1, ""tushare:forecast"": 1, ""tushare:stk_managers"": 1, ""tushare:stk_holdertrade"": 3, ""akshare:stock_individual_notice_report"": 1, ""akshare:em_news"": 1, ""akshare:xq_hot"": 1}",company,L2.newbiz.commercialization;L2.newbiz.revenue_contrib;L2.newbiz.tam;L2.newbiz.uncertainty;L2.newbiz.valuation_contrib,L10.val.expansion_compression;L10.val.historical_quantile;L11.long.business_model;L11.long.compete_moat;L11.long.industry_space;L11.long.margin;L11.long.score;L11.mid.eps_upward;L11.mid.margin_guidance;L11.mid.orders_revenue;L11.mid.score;L11.mode;L11.short.event_impact;L11.short.flow_boost;L11.short.score;L11.short.sentiment_shift;L11.short.technical;L11.trade.signal;L4.cost.labor;L4.cost.raw_material;L4.eff.cycle;L4.eff.turnover;L5.bs.ar_ap;L5.bs.cash_debt;L5.bs.goodwill_ppe;L5.bs.inventory;L5.bs.leverage;L5.cf.buyback_dividend;L5.cf.capex;L5.cf.fcf;L5.cf.icf_fcf;L5.cf.ocf;L5.fina.asset_turnover;L5.fina.bps;L5.fina.cfps;L5.fina.debt_ratio;L5.fina.eps;L5.fina.gross_margin;L5.fina.net_margin;L5.fina.net_profit_yoy;L5.fina.ocf_quality;L5.fina.profit_yoy_q;L5.fina.revenue_yoy;L5.fina.revenue_yoy_q;L5.fina.roa;L5.fina.roe;L5.fina.total_revenue_yoy;L5.fina.working_capital;L5.is.eps;L5.is.gross_margin;L5.is.gross_profit;L5.is.margins;L5.is.net_profit;L5.is.operating_profit;L5.is.revenue;L5.is.revenue_growth;L5.is.sga_rd;L5.surprise.sell_side;L6.mult.mcap_fcf;L6.mult.pb;L6.mult.pe;L6.mult.ps;L6.path.second_derivative;L6.path.tag;L6.priced.crowdedness;L6.priced.run_up;L6.sens.cashflow;L6.sens.growth_margin;L6.sens.rates;L6.sens.risk_narrative;L6.state.historical_percentile;L7.env.risk_appetite;L7.flow.active_inflow;L7.mood.fomo;L7.mood.media_social;L7.mood.theme;L7.trade.margin_short;L7.trade.volume_turnover;L8.fin.cash_ar;L8.fin.debt_pressure;L8.gov.insider_sell;L8.gov.management_change;L8.industry.demand_supply;L8.industry.price_war;L8.op.inventory_glut;L8.val.overvalued;L8.val.priced_in;L9.company.buyback_dividend;L9.company.earnings_guidance;L9.company.mgmt_litigation;L9.event.holder_trade_signal;L9.event.intraday_announcement;L9.event.intraday_news;L9.event.major_holder_decrease;L9.event.major_holder_increase;L9.media.social_buzz,
603728.SH,鸣志电器,A,ROBOTICS,59,1,5,51,2,0,96,0,102,250,40.80,"{""derive:l10_val_expansion_compression"": 1, ""derived:pe_pb_history"": 1, ""derive:bootstrap_l11_subscore"": 11, ""derive:l11_long_score"": 1, ""derive:l11_mid_score"": 1, ""derive:l11_mode"": 1, ""derive:l11_short_score"": 1, ""derive:l11_trade_signal"": 1, ""tushare:cashflow+income.derived"": 1, ""tushare:income.derived"": 5, ""tushare:balancesheet+income.derived"": 2, ""tushare:balancesheet"": 4, ""tushare:balancesheet.derived"": 1, ""tushare:cashflow"": 5, ""tushare:fina_indicator"": 16, ""tushare:income"": 5, ""tushare:report_rc"": 1, ""tushare:daily_basic+cashflow"": 1, ""tushare:daily_basic"": 4, ""derive:l6_path_second_derivative"": 1, ""derive:l6_path_tag"": 1, ""derived:turnover_history"": 1, ""derived:price_history"": 1, ""derive:l6_sens_cashflow"": 1, ""derive:l6_sens_growth_margin"": 1, ""derive:l6_sens_rates"": 1, ""derive:l6_sens_risk_narrative"": 1, ""tushare:daily_basic.history"": 1, ""derive:l7_env_risk_appetite"": 1, ""tushare:moneyflow"": 1, ""derive:l7_mood_fomo"": 1, ""akshare:stock_hot_rank_em+keyword"": 1, ""akshare:stock_hot_keyword_em"": 1, ""tushare:margin_detail"": 1, ""tushare:cashflow+income+balancesheet.derived"": 1, ""tushare:balancesheet+fina_indicator.derived"": 2, ""tushare:stk_holdertrade|alias→L8.gov.insider_sell"": 1, ""tushare:stk_managers|alias→L8.gov.management_change"": 1, ""derive:l8_industry_demand_supply"": 1, ""derive:l8_industry_price_war"": 1, ""derived:from_quantile"": 1, ""derive:l8_val_priced_in"": 1, ""tushare:dividend"": 1, ""tushare:forecast"": 1, ""tushare:stk_managers"": 1, ""tushare:stk_holdertrade"": 3, ""akshare:stock_individual_notice_report"": 1, ""akshare:em_news"": 1, ""akshare:xq_hot"": 1}",company,L2.newbiz.commercialization;L2.newbiz.revenue_contrib;L2.newbiz.tam;L2.newbiz.uncertainty;L2.newbiz.valuation_contrib,L10.val.expansion_compression;L10.val.historical_quantile;L11.long.business_model;L11.long.compete_moat;L11.long.industry_space;L11.long.margin;L11.long.score;L11.mid.eps_upward;L11.mid.margin_guidance;L11.mid.orders_revenue;L11.mid.score;L11.mode;L11.short.event_impact;L11.short.flow_boost;L11.short.score;L11.short.sentiment_shift;L11.short.technical;L11.trade.signal;L4.cost.labor;L4.cost.raw_material;L4.eff.cycle;L4.eff.turnover;L5.bs.ar_ap;L5.bs.cash_debt;L5.bs.goodwill_ppe;L5.bs.inventory;L5.bs.leverage;L5.cf.buyback_dividend;L5.cf.capex;L5.cf.fcf;L5.cf.icf_fcf;L5.cf.ocf;L5.fina.asset_turnover;L5.fina.bps;L5.fina.cfps;L5.fina.debt_ratio;L5.fina.eps;L5.fina.gross_margin;L5.fina.net_margin;L5.fina.net_profit_yoy;L5.fina.ocf_quality;L5.fina.profit_yoy_q;L5.fina.revenue_yoy;L5.fina.revenue_yoy_q;L5.fina.roa;L5.fina.roe;L5.fina.total_revenue_yoy;L5.fina.working_capital;L5.is.eps;L5.is.gross_margin;L5.is.gross_profit;L5.is.margins;L5.is.net_profit;L5.is.operating_profit;L5.is.revenue;L5.is.revenue_growth;L5.is.sga_rd;L5.surprise.sell_side;L6.mult.mcap_fcf;L6.mult.pb;L6.mult.pe;L6.mult.ps;L6.path.second_derivative;L6.path.tag;L6.priced.crowdedness;L6.priced.run_up;L6.sens.cashflow;L6.sens.growth_margin;L6.sens.rates;L6.sens.risk_narrative;L6.state.historical_percentile;L7.env.risk_appetite;L7.flow.active_inflow;L7.mood.fomo;L7.mood.media_social;L7.mood.theme;L7.trade.margin_short;L7.trade.volume_turnover;L8.fin.cash_ar;L8.fin.debt_pressure;L8.gov.insider_sell;L8.gov.management_change;L8.industry.demand_supply;L8.industry.price_war;L8.op.inventory_glut;L8.val.overvalued;L8.val.priced_in;L9.company.buyback_dividend;L9.company.earnings_guidance;L9.company.mgmt_litigation;L9.event.holder_trade_signal;L9.event.intraday_announcement;L9.event.intraday_news;L9.event.major_holder_decrease;L9.event.major_holder_increase;L9.media.social_buzz,
603799.SH,华友钴业,A,NONFERROUS_METALS,59,1,5,51,2,0,96,0,102,250,40.80,"{""derive:l10_val_expansion_compression"": 1, ""derived:pe_pb_history"": 1, ""derive:bootstrap_l11_subscore"": 11, ""derive:l11_long_score"": 1, ""derive:l11_mid_score"": 1, ""derive:l11_mode"": 1, ""derive:l11_short_score"": 1, ""derive:l11_trade_signal"": 1, ""tushare:cashflow+income.derived"": 1, ""tushare:income.derived"": 5, ""tushare:balancesheet+income.derived"": 2, ""tushare:balancesheet"": 4, ""tushare:balancesheet.derived"": 1, ""tushare:cashflow"": 5, ""tushare:fina_indicator"": 16, ""tushare:income"": 5, ""tushare:report_rc"": 1, ""tushare:daily_basic+cashflow"": 1, ""tushare:daily_basic"": 4, ""derive:l6_path_second_derivative"": 1, ""derive:l6_path_tag"": 1, ""derived:turnover_history"": 1, ""derived:price_history"": 1, ""derive:l6_sens_cashflow"": 1, ""derive:l6_sens_growth_margin"": 1, ""derive:l6_sens_rates"": 1, ""derive:l6_sens_risk_narrative"": 1, ""tushare:daily_basic.history"": 1, ""derive:l7_env_risk_appetite"": 1, ""tushare:moneyflow"": 1, ""derive:l7_mood_fomo"": 1, ""akshare:stock_hot_rank_em+keyword"": 1, ""akshare:stock_hot_keyword_em"": 1, ""tushare:margin_detail"": 1, ""tushare:cashflow+income+balancesheet.derived"": 1, ""tushare:balancesheet+fina_indicator.derived"": 2, ""tushare:stk_holdertrade|alias→L8.gov.insider_sell"": 1, ""tushare:stk_managers|alias→L8.gov.management_change"": 1, ""derive:l8_industry_demand_supply"": 1, ""derive:l8_industry_price_war"": 1, ""derived:from_quantile"": 1, ""derive:l8_val_priced_in"": 1, ""tushare:dividend"": 1, ""tushare:forecast"": 1, ""tushare:stk_managers"": 1, ""tushare:stk_holdertrade"": 3, ""akshare:stock_individual_notice_report"": 1, ""akshare:em_news"": 1, ""akshare:xq_hot"": 1}",company,L2.newbiz.commercialization;L2.newbiz.revenue_contrib;L2.newbiz.tam;L2.newbiz.uncertainty;L2.newbiz.valuation_contrib,L10.val.expansion_compression;L10.val.historical_quantile;L11.long.business_model;L11.long.compete_moat;L11.long.industry_space;L11.long.margin;L11.long.score;L11.mid.eps_upward;L11.mid.margin_guidance;L11.mid.orders_revenue;L11.mid.score;L11.mode;L11.short.event_impact;L11.short.flow_boost;L11.short.score;L11.short.sentiment_shift;L11.short.technical;L11.trade.signal;L4.cost.labor;L4.cost.raw_material;L4.eff.cycle;L4.eff.turnover;L5.bs.ar_ap;L5.bs.cash_debt;L5.bs.goodwill_ppe;L5.bs.inventory;L5.bs.leverage;L5.cf.buyback_dividend;L5.cf.capex;L5.cf.fcf;L5.cf.icf_fcf;L5.cf.ocf;L5.fina.asset_turnover;L5.fina.bps;L5.fina.cfps;L5.fina.debt_ratio;L5.fina.eps;L5.fina.gross_margin;L5.fina.net_margin;L5.fina.net_profit_yoy;L5.fina.ocf_quality;L5.fina.profit_yoy_q;L5.fina.revenue_yoy;L5.fina.revenue_yoy_q;L5.fina.roa;L5.fina.roe;L5.fina.total_revenue_yoy;L5.fina.working_capital;L5.is.eps;L5.is.gross_margin;L5.is.gross_profit;L5.is.margins;L5.is.net_profit;L5.is.operating_profit;L5.is.revenue;L5.is.revenue_growth;L5.is.sga_rd;L5.surprise.sell_side;L6.mult.mcap_fcf;L6.mult.pb;L6.mult.pe;L6.mult.ps;L6.path.second_derivative;L6.path.tag;L6.priced.crowdedness;L6.priced.run_up;L6.sens.cashflow;L6.sens.growth_margin;L6.sens.rates;L6.sens.risk_narrative;L6.state.historical_percentile;L7.env.risk_appetite;L7.flow.active_inflow;L7.mood.fomo;L7.mood.media_social;L7.mood.theme;L7.trade.margin_short;L7.trade.volume_turnover;L8.fin.cash_ar;L8.fin.debt_pressure;L8.gov.insider_sell;L8.gov.management_change;L8.industry.demand_supply;L8.industry.price_war;L8.op.inventory_glut;L8.val.overvalued;L8.val.priced_in;L9.company.buyback_dividend;L9.company.earnings_guidance;L9.company.mgmt_litigation;L9.event.holder_trade_signal;L9.event.intraday_announcement;L9.event.intraday_news;L9.event.major_holder_decrease;L9.event.major_holder_increase;L9.media.social_buzz,
603986.SH,兆易创新,A,CONSUMER_ELECTRONICS,59,1,5,51,2,0,97,0,103,250,41.20,"{""derive:l10_val_expansion_compression"": 1, ""derived:pe_pb_history"": 1, ""derive:bootstrap_l11_subscore"": 11, ""derive:l11_long_score"": 1, ""derive:l11_mid_score"": 1, ""derive:l11_mode"": 1, ""derive:l11_short_score"": 1, ""derive:l11_trade_signal"": 1, ""tushare:cashflow+income.derived"": 1, ""tushare:income.derived"": 5, ""tushare:balancesheet+income.derived"": 2, ""tushare:balancesheet"": 4, ""tushare:balancesheet.derived"": 1, ""tushare:cashflow"": 5, ""tushare:fina_indicator"": 16, ""tushare:income"": 5, ""tushare:report_rc"": 1, ""tushare:daily_basic+cashflow"": 1, ""tushare:daily_basic"": 4, ""derive:l6_path_second_derivative"": 1, ""derive:l6_path_tag"": 1, ""derived:turnover_history"": 1, ""derived:price_history"": 1, ""derive:l6_sens_cashflow"": 1, ""derive:l6_sens_growth_margin"": 1, ""derive:l6_sens_rates"": 1, ""derive:l6_sens_risk_narrative"": 1, ""tushare:daily_basic.history"": 1, ""derive:l7_env_risk_appetite"": 1, ""tushare:moneyflow"": 1, ""tushare:block_trade"": 1, ""derive:l7_mood_fomo"": 1, ""akshare:stock_hot_rank_em+keyword"": 1, ""akshare:stock_hot_keyword_em"": 1, ""tushare:margin_detail"": 1, ""tushare:cashflow+income+balancesheet.derived"": 1, ""tushare:balancesheet+fina_indicator.derived"": 2, ""tushare:stk_holdertrade|alias→L8.gov.insider_sell"": 1, ""tushare:stk_managers|alias→L8.gov.management_change"": 1, ""derive:l8_industry_demand_supply"": 1, ""derive:l8_industry_price_war"": 1, ""derived:from_quantile"": 1, ""derive:l8_val_priced_in"": 1, ""tushare:dividend"": 1, ""tushare:forecast"": 1, ""tushare:stk_managers"": 1, ""tushare:stk_holdertrade"": 3, ""akshare:stock_individual_notice_report"": 1, ""akshare:em_news"": 1, ""akshare:xq_hot"": 1}",company,L2.newbiz.commercialization;L2.newbiz.revenue_contrib;L2.newbiz.tam;L2.newbiz.uncertainty;L2.newbiz.valuation_contrib,L10.val.expansion_compression;L10.val.historical_quantile;L11.long.business_model;L11.long.compete_moat;L11.long.industry_space;L11.long.margin;L11.long.score;L11.mid.eps_upward;L11.mid.margin_guidance;L11.mid.orders_revenue;L11.mid.score;L11.mode;L11.short.event_impact;L11.short.flow_boost;L11.short.score;L11.short.sentiment_shift;L11.short.technical;L11.trade.signal;L4.cost.labor;L4.cost.raw_material;L4.eff.cycle;L4.eff.turnover;L5.bs.ar_ap;L5.bs.cash_debt;L5.bs.goodwill_ppe;L5.bs.inventory;L5.bs.leverage;L5.cf.buyback_dividend;L5.cf.capex;L5.cf.fcf;L5.cf.icf_fcf;L5.cf.ocf;L5.fina.asset_turnover;L5.fina.bps;L5.fina.cfps;L5.fina.debt_ratio;L5.fina.eps;L5.fina.gross_margin;L5.fina.net_margin;L5.fina.net_profit_yoy;L5.fina.ocf_quality;L5.fina.profit_yoy_q;L5.fina.revenue_yoy;L5.fina.revenue_yoy_q;L5.fina.roa;L5.fina.roe;L5.fina.total_revenue_yoy;L5.fina.working_capital;L5.is.eps;L5.is.gross_margin;L5.is.gross_profit;L5.is.margins;L5.is.net_profit;L5.is.operating_profit;L5.is.revenue;L5.is.revenue_growth;L5.is.sga_rd;L5.surprise.sell_side;L6.mult.mcap_fcf;L6.mult.pb;L6.mult.pe;L6.mult.ps;L6.path.second_derivative;L6.path.tag;L6.priced.crowdedness;L6.priced.run_up;L6.sens.cashflow;L6.sens.growth_margin;L6.sens.rates;L6.sens.risk_narrative;L6.state.historical_percentile;L7.env.risk_appetite;L7.flow.active_inflow;L7.flow.block_trade;L7.mood.fomo;L7.mood.media_social;L7.mood.theme;L7.trade.margin_short;L7.trade.volume_turnover;L8.fin.cash_ar;L8.fin.debt_pressure;L8.gov.insider_sell;L8.gov.management_change;L8.industry.demand_supply;L8.industry.price_war;L8.op.inventory_glut;L8.val.overvalued;L8.val.priced_in;L9.company.buyback_dividend;L9.company.earnings_guidance;L9.company.mgmt_litigation;L9.event.holder_trade_signal;L9.event.intraday_announcement;L9.event.intraday_news;L9.event.major_holder_decrease;L9.event.major_holder_increase;L9.media.social_buzz,
603993.SH,洛阳钼业,A,NONFERROUS_METALS,59,1,5,51,2,0,96,0,102,250,40.80,"{""derive:l10_val_expansion_compression"": 1, ""derived:pe_pb_history"": 1, ""derive:bootstrap_l11_subscore"": 11, ""derive:l11_long_score"": 1, ""derive:l11_mid_score"": 1, ""derive:l11_mode"": 1, ""derive:l11_short_score"": 1, ""derive:l11_trade_signal"": 1, ""tushare:cashflow+income.derived"": 1, ""tushare:income.derived"": 5, ""tushare:balancesheet+income.derived"": 2, ""tushare:balancesheet"": 4, ""tushare:balancesheet.derived"": 1, ""tushare:cashflow"": 5, ""tushare:fina_indicator"": 16, ""tushare:income"": 5, ""tushare:report_rc"": 1, ""tushare:daily_basic+cashflow"": 1, ""tushare:daily_basic"": 4, ""derive:l6_path_second_derivative"": 1, ""derive:l6_path_tag"": 1, ""derived:turnover_history"": 1, ""derived:price_history"": 1, ""derive:l6_sens_cashflow"": 1, ""derive:l6_sens_growth_margin"": 1, ""derive:l6_sens_rates"": 1, ""derive:l6_sens_risk_narrative"": 1, ""tushare:daily_basic.history"": 1, ""derive:l7_env_risk_appetite"": 1, ""tushare:moneyflow"": 1, ""derive:l7_mood_fomo"": 1, ""akshare:stock_hot_rank_em+keyword"": 1, ""akshare:stock_hot_keyword_em"": 1, ""tushare:margin_detail"": 1, ""tushare:cashflow+income+balancesheet.derived"": 1, ""tushare:balancesheet+fina_indicator.derived"": 2, ""tushare:stk_holdertrade|alias→L8.gov.insider_sell"": 1, ""tushare:stk_managers|alias→L8.gov.management_change"": 1, ""derive:l8_industry_demand_supply"": 1, ""derive:l8_industry_price_war"": 1, ""derived:from_quantile"": 1, ""derive:l8_val_priced_in"": 1, ""tushare:dividend"": 1, ""tushare:forecast"": 1, ""tushare:stk_managers"": 1, ""tushare:stk_holdertrade"": 3, ""akshare:stock_individual_notice_report"": 1, ""akshare:em_news"": 1, ""akshare:xq_hot"": 1}",company,L2.newbiz.commercialization;L2.newbiz.revenue_contrib;L2.newbiz.tam;L2.newbiz.uncertainty;L2.newbiz.valuation_contrib,L10.val.expansion_compression;L10.val.historical_quantile;L11.long.business_model;L11.long.compete_moat;L11.long.industry_space;L11.long.margin;L11.long.score;L11.mid.eps_upward;L11.mid.margin_guidance;L11.mid.orders_revenue;L11.mid.score;L11.mode;L11.short.event_impact;L11.short.flow_boost;L11.short.score;L11.short.sentiment_shift;L11.short.technical;L11.trade.signal;L4.cost.labor;L4.cost.raw_material;L4.eff.cycle;L4.eff.turnover;L5.bs.ar_ap;L5.bs.cash_debt;L5.bs.goodwill_ppe;L5.bs.inventory;L5.bs.leverage;L5.cf.buyback_dividend;L5.cf.capex;L5.cf.fcf;L5.cf.icf_fcf;L5.cf.ocf;L5.fina.asset_turnover;L5.fina.bps;L5.fina.cfps;L5.fina.debt_ratio;L5.fina.eps;L5.fina.gross_margin;L5.fina.net_margin;L5.fina.net_profit_yoy;L5.fina.ocf_quality;L5.fina.profit_yoy_q;L5.fina.revenue_yoy;L5.fina.revenue_yoy_q;L5.fina.roa;L5.fina.roe;L5.fina.total_revenue_yoy;L5.fina.working_capital;L5.is.eps;L5.is.gross_margin;L5.is.gross_profit;L5.is.margins;L5.is.net_profit;L5.is.operating_profit;L5.is.revenue;L5.is.revenue_growth;L5.is.sga_rd;L5.surprise.sell_side;L6.mult.mcap_fcf;L6.mult.pb;L6.mult.pe;L6.mult.ps;L6.path.second_derivative;L6.path.tag;L6.priced.crowdedness;L6.priced.run_up;L6.sens.cashflow;L6.sens.growth_margin;L6.sens.rates;L6.sens.risk_narrative;L6.state.historical_percentile;L7.env.risk_appetite;L7.flow.active_inflow;L7.mood.fomo;L7.mood.media_social;L7.mood.theme;L7.trade.margin_short;L7.trade.volume_turnover;L8.fin.cash_ar;L8.fin.debt_pressure;L8.gov.insider_sell;L8.gov.management_change;L8.industry.demand_supply;L8.industry.price_war;L8.op.inventory_glut;L8.val.overvalued;L8.val.priced_in;L9.company.buyback_dividend;L9.company.earnings_guidance;L9.company.mgmt_litigation;L9.event.holder_trade_signal;L9.event.intraday_announcement;L9.event.intraday_news;L9.event.major_holder_decrease;L9.event.major_holder_increase;L9.media.social_buzz,
688012.SH,中微公司,A,SEMI_EQUIPMENT,59,1,5,51,2,0,96,0,102,250,40.80,"{""derive:l10_val_expansion_compression"": 1, ""derived:pe_pb_history"": 1, ""derive:bootstrap_l11_subscore"": 11, ""derive:l11_long_score"": 1, ""derive:l11_mid_score"": 1, ""derive:l11_mode"": 1, ""derive:l11_short_score"": 1, ""derive:l11_trade_signal"": 1, ""tushare:cashflow+income.derived"": 1, ""tushare:income.derived"": 5, ""tushare:balancesheet+income.derived"": 2, ""tushare:balancesheet"": 4, ""tushare:balancesheet.derived"": 1, ""tushare:cashflow"": 5, ""tushare:fina_indicator"": 16, ""tushare:income"": 5, ""tushare:report_rc"": 1, ""tushare:daily_basic+cashflow"": 1, ""tushare:daily_basic"": 4, ""derive:l6_path_second_derivative"": 1, ""derive:l6_path_tag"": 1, ""derived:turnover_history"": 1, ""derived:price_history"": 1, ""derive:l6_sens_cashflow"": 1, ""derive:l6_sens_growth_margin"": 1, ""derive:l6_sens_rates"": 1, ""derive:l6_sens_risk_narrative"": 1, ""tushare:daily_basic.history"": 1, ""derive:l7_env_risk_appetite"": 1, ""tushare:moneyflow"": 1, ""derive:l7_mood_fomo"": 1, ""akshare:stock_hot_rank_em+keyword"": 1, ""akshare:stock_hot_keyword_em"": 1, ""tushare:margin_detail"": 1, ""tushare:cashflow+income+balancesheet.derived"": 1, ""tushare:balancesheet+fina_indicator.derived"": 2, ""tushare:stk_holdertrade|alias→L8.gov.insider_sell"": 1, ""tushare:stk_managers|alias→L8.gov.management_change"": 1, ""derive:l8_industry_demand_supply"": 1, ""derive:l8_industry_price_war"": 1, ""derived:from_quantile"": 1, ""derive:l8_val_priced_in"": 1, ""tushare:dividend"": 1, ""tushare:forecast"": 1, ""tushare:stk_managers"": 1, ""tushare:stk_holdertrade"": 3, ""akshare:stock_individual_notice_report"": 1, ""akshare:em_news"": 1, ""akshare:xq_hot"": 1}",company,L2.newbiz.commercialization;L2.newbiz.revenue_contrib;L2.newbiz.tam;L2.newbiz.uncertainty;L2.newbiz.valuation_contrib,L10.val.expansion_compression;L10.val.historical_quantile;L11.long.business_model;L11.long.compete_moat;L11.long.industry_space;L11.long.margin;L11.long.score;L11.mid.eps_upward;L11.mid.margin_guidance;L11.mid.orders_revenue;L11.mid.score;L11.mode;L11.short.event_impact;L11.short.flow_boost;L11.short.score;L11.short.sentiment_shift;L11.short.technical;L11.trade.signal;L4.cost.labor;L4.cost.raw_material;L4.eff.cycle;L4.eff.turnover;L5.bs.ar_ap;L5.bs.cash_debt;L5.bs.goodwill_ppe;L5.bs.inventory;L5.bs.leverage;L5.cf.buyback_dividend;L5.cf.capex;L5.cf.fcf;L5.cf.icf_fcf;L5.cf.ocf;L5.fina.asset_turnover;L5.fina.bps;L5.fina.cfps;L5.fina.debt_ratio;L5.fina.eps;L5.fina.gross_margin;L5.fina.net_margin;L5.fina.net_profit_yoy;L5.fina.ocf_quality;L5.fina.profit_yoy_q;L5.fina.revenue_yoy;L5.fina.revenue_yoy_q;L5.fina.roa;L5.fina.roe;L5.fina.total_revenue_yoy;L5.fina.working_capital;L5.is.eps;L5.is.gross_margin;L5.is.gross_profit;L5.is.margins;L5.is.net_profit;L5.is.operating_profit;L5.is.revenue;L5.is.revenue_growth;L5.is.sga_rd;L5.surprise.sell_side;L6.mult.mcap_fcf;L6.mult.pb;L6.mult.pe;L6.mult.ps;L6.path.second_derivative;L6.path.tag;L6.priced.crowdedness;L6.priced.run_up;L6.sens.cashflow;L6.sens.growth_margin;L6.sens.rates;L6.sens.risk_narrative;L6.state.historical_percentile;L7.env.risk_appetite;L7.flow.active_inflow;L7.mood.fomo;L7.mood.media_social;L7.mood.theme;L7.trade.margin_short;L7.trade.volume_turnover;L8.fin.cash_ar;L8.fin.debt_pressure;L8.gov.insider_sell;L8.gov.management_change;L8.industry.demand_supply;L8.industry.price_war;L8.op.inventory_glut;L8.val.overvalued;L8.val.priced_in;L9.company.buyback_dividend;L9.company.earnings_guidance;L9.company.mgmt_litigation;L9.event.holder_trade_signal;L9.event.intraday_announcement;L9.event.intraday_news;L9.event.major_holder_decrease;L9.event.major_holder_increase;L9.media.social_buzz,
688017.SH,绿的谐波,A,ROBOTICS,59,1,5,51,2,0,94,0,100,250,40.00,"{""derive:l10_val_expansion_compression"": 1, ""derived:pe_pb_history"": 1, ""derive:bootstrap_l11_subscore"": 11, ""derive:l11_long_score"": 1, ""derive:l11_mid_score"": 1, ""derive:l11_mode"": 1, ""derive:l11_short_score"": 1, ""derive:l11_trade_signal"": 1, ""tushare:cashflow+income.derived"": 1, ""tushare:income.derived"": 5, ""tushare:balancesheet+income.derived"": 2, ""tushare:balancesheet"": 3, ""tushare:balancesheet.derived"": 1, ""tushare:cashflow"": 4, ""tushare:fina_indicator"": 16, ""tushare:income"": 5, ""tushare:report_rc"": 1, ""tushare:daily_basic+cashflow"": 1, ""tushare:daily_basic"": 4, ""derive:l6_path_second_derivative"": 1, ""derive:l6_path_tag"": 1, ""derived:turnover_history"": 1, ""derived:price_history"": 1, ""derive:l6_sens_cashflow"": 1, ""derive:l6_sens_growth_margin"": 1, ""derive:l6_sens_rates"": 1, ""derive:l6_sens_risk_narrative"": 1, ""tushare:daily_basic.history"": 1, ""derive:l7_env_risk_appetite"": 1, ""tushare:moneyflow"": 1, ""derive:l7_mood_fomo"": 1, ""akshare:stock_hot_rank_em+keyword"": 1, ""akshare:stock_hot_keyword_em"": 1, ""tushare:margin_detail"": 1, ""tushare:cashflow+income+balancesheet.derived"": 1, ""tushare:balancesheet+fina_indicator.derived"": 2, ""tushare:stk_holdertrade|alias→L8.gov.insider_sell"": 1, ""tushare:stk_managers|alias→L8.gov.management_change"": 1, ""derive:l8_industry_demand_supply"": 1, ""derive:l8_industry_price_war"": 1, ""derived:from_quantile"": 1, ""derive:l8_val_priced_in"": 1, ""tushare:dividend"": 1, ""tushare:forecast"": 1, ""tushare:stk_managers"": 1, ""tushare:stk_holdertrade"": 3, ""akshare:stock_individual_notice_report"": 1, ""akshare:em_news"": 1, ""akshare:xq_hot"": 1}",company,L2.newbiz.commercialization;L2.newbiz.revenue_contrib;L2.newbiz.tam;L2.newbiz.uncertainty;L2.newbiz.valuation_contrib,L10.val.expansion_compression;L10.val.historical_quantile;L11.long.business_model;L11.long.compete_moat;L11.long.industry_space;L11.long.margin;L11.long.score;L11.mid.eps_upward;L11.mid.margin_guidance;L11.mid.orders_revenue;L11.mid.score;L11.mode;L11.short.event_impact;L11.short.flow_boost;L11.short.score;L11.short.sentiment_shift;L11.short.technical;L11.trade.signal;L4.cost.labor;L4.cost.raw_material;L4.eff.cycle;L4.eff.turnover;L5.bs.ar_ap;L5.bs.cash_debt;L5.bs.inventory;L5.bs.leverage;L5.cf.capex;L5.cf.fcf;L5.cf.icf_fcf;L5.cf.ocf;L5.fina.asset_turnover;L5.fina.bps;L5.fina.cfps;L5.fina.debt_ratio;L5.fina.eps;L5.fina.gross_margin;L5.fina.net_margin;L5.fina.net_profit_yoy;L5.fina.ocf_quality;L5.fina.profit_yoy_q;L5.fina.revenue_yoy;L5.fina.revenue_yoy_q;L5.fina.roa;L5.fina.roe;L5.fina.total_revenue_yoy;L5.fina.working_capital;L5.is.eps;L5.is.gross_margin;L5.is.gross_profit;L5.is.margins;L5.is.net_profit;L5.is.operating_profit;L5.is.revenue;L5.is.revenue_growth;L5.is.sga_rd;L5.surprise.sell_side;L6.mult.mcap_fcf;L6.mult.pb;L6.mult.pe;L6.mult.ps;L6.path.second_derivative;L6.path.tag;L6.priced.crowdedness;L6.priced.run_up;L6.sens.cashflow;L6.sens.growth_margin;L6.sens.rates;L6.sens.risk_narrative;L6.state.historical_percentile;L7.env.risk_appetite;L7.flow.active_inflow;L7.mood.fomo;L7.mood.media_social;L7.mood.theme;L7.trade.margin_short;L7.trade.volume_turnover;L8.fin.cash_ar;L8.fin.debt_pressure;L8.gov.insider_sell;L8.gov.management_change;L8.industry.demand_supply;L8.industry.price_war;L8.op.inventory_glut;L8.val.overvalued;L8.val.priced_in;L9.company.buyback_dividend;L9.company.earnings_guidance;L9.company.mgmt_litigation;L9.event.holder_trade_signal;L9.event.intraday_announcement;L9.event.intraday_news;L9.event.major_holder_decrease;L9.event.major_holder_increase;L9.media.social_buzz,
688041.SH,海光信息,A,AI_COMPUTE,59,1,5,51,2,0,96,0,102,250,40.80,"{""derive:l10_val_expansion_compression"": 1, ""derived:pe_pb_history"": 1, ""derive:bootstrap_l11_subscore"": 11, ""derive:l11_long_score"": 1, ""derive:l11_mid_score"": 1, ""derive:l11_mode"": 1, ""derive:l11_short_score"": 1, ""derive:l11_trade_signal"": 1, ""tushare:cashflow+income.derived"": 1, ""tushare:income.derived"": 5, ""tushare:balancesheet+income.derived"": 2, ""tushare:balancesheet"": 4, ""tushare:balancesheet.derived"": 1, ""tushare:cashflow"": 5, ""tushare:fina_indicator"": 16, ""tushare:income"": 5, ""tushare:report_rc"": 1, ""tushare:daily_basic+cashflow"": 1, ""tushare:daily_basic"": 4, ""derive:l6_path_second_derivative"": 1, ""derive:l6_path_tag"": 1, ""derived:turnover_history"": 1, ""derived:price_history"": 1, ""derive:l6_sens_cashflow"": 1, ""derive:l6_sens_growth_margin"": 1, ""derive:l6_sens_rates"": 1, ""derive:l6_sens_risk_narrative"": 1, ""tushare:daily_basic.history"": 1, ""derive:l7_env_risk_appetite"": 1, ""tushare:moneyflow"": 1, ""derive:l7_mood_fomo"": 1, ""akshare:stock_hot_rank_em+keyword"": 1, ""akshare:stock_hot_keyword_em"": 1, ""tushare:margin_detail"": 1, ""tushare:cashflow+income+balancesheet.derived"": 1, ""tushare:balancesheet+fina_indicator.derived"": 2, ""tushare:stk_holdertrade|alias→L8.gov.insider_sell"": 1, ""tushare:stk_managers|alias→L8.gov.management_change"": 1, ""derive:l8_industry_demand_supply"": 1, ""derive:l8_industry_price_war"": 1, ""derived:from_quantile"": 1, ""derive:l8_val_priced_in"": 1, ""tushare:dividend"": 1, ""tushare:forecast"": 1, ""tushare:stk_managers"": 1, ""tushare:stk_holdertrade"": 3, ""akshare:stock_individual_notice_report"": 1, ""akshare:em_news"": 1, ""akshare:xq_hot"": 1}",company,L2.newbiz.commercialization;L2.newbiz.revenue_contrib;L2.newbiz.tam;L2.newbiz.uncertainty;L2.newbiz.valuation_contrib,L10.val.expansion_compression;L10.val.historical_quantile;L11.long.business_model;L11.long.compete_moat;L11.long.industry_space;L11.long.margin;L11.long.score;L11.mid.eps_upward;L11.mid.margin_guidance;L11.mid.orders_revenue;L11.mid.score;L11.mode;L11.short.event_impact;L11.short.flow_boost;L11.short.score;L11.short.sentiment_shift;L11.short.technical;L11.trade.signal;L4.cost.labor;L4.cost.raw_material;L4.eff.cycle;L4.eff.turnover;L5.bs.ar_ap;L5.bs.cash_debt;L5.bs.goodwill_ppe;L5.bs.inventory;L5.bs.leverage;L5.cf.buyback_dividend;L5.cf.capex;L5.cf.fcf;L5.cf.icf_fcf;L5.cf.ocf;L5.fina.asset_turnover;L5.fina.bps;L5.fina.cfps;L5.fina.debt_ratio;L5.fina.eps;L5.fina.gross_margin;L5.fina.net_margin;L5.fina.net_profit_yoy;L5.fina.ocf_quality;L5.fina.profit_yoy_q;L5.fina.revenue_yoy;L5.fina.revenue_yoy_q;L5.fina.roa;L5.fina.roe;L5.fina.total_revenue_yoy;L5.fina.working_capital;L5.is.eps;L5.is.gross_margin;L5.is.gross_profit;L5.is.margins;L5.is.net_profit;L5.is.operating_profit;L5.is.revenue;L5.is.revenue_growth;L5.is.sga_rd;L5.surprise.sell_side;L6.mult.mcap_fcf;L6.mult.pb;L6.mult.pe;L6.mult.ps;L6.path.second_derivative;L6.path.tag;L6.priced.crowdedness;L6.priced.run_up;L6.sens.cashflow;L6.sens.growth_margin;L6.sens.rates;L6.sens.risk_narrative;L6.state.historical_percentile;L7.env.risk_appetite;L7.flow.active_inflow;L7.mood.fomo;L7.mood.media_social;L7.mood.theme;L7.trade.margin_short;L7.trade.volume_turnover;L8.fin.cash_ar;L8.fin.debt_pressure;L8.gov.insider_sell;L8.gov.management_change;L8.industry.demand_supply;L8.industry.price_war;L8.op.inventory_glut;L8.val.overvalued;L8.val.priced_in;L9.company.buyback_dividend;L9.company.earnings_guidance;L9.company.mgmt_litigation;L9.event.holder_trade_signal;L9.event.intraday_announcement;L9.event.intraday_news;L9.event.major_holder_decrease;L9.event.major_holder_increase;L9.media.social_buzz,
688072.SH,拓荆科技,A,SEMI_EQUIPMENT,59,1,5,51,2,0,95,0,101,250,40.40,"{""derive:l10_val_expansion_compression"": 1, ""derived:pe_pb_history"": 1, ""derive:bootstrap_l11_subscore"": 11, ""derive:l11_long_score"": 1, ""derive:l11_mid_score"": 1, ""derive:l11_mode"": 1, ""derive:l11_short_score"": 1, ""derive:l11_trade_signal"": 1, ""tushare:cashflow+income.derived"": 1, ""tushare:income.derived"": 5, ""tushare:balancesheet+income.derived"": 2, ""tushare:balancesheet"": 3, ""tushare:balancesheet.derived"": 1, ""tushare:cashflow"": 5, ""tushare:fina_indicator"": 16, ""tushare:income"": 5, ""tushare:report_rc"": 1, ""tushare:daily_basic+cashflow"": 1, ""tushare:daily_basic"": 4, ""derive:l6_path_second_derivative"": 1, ""derive:l6_path_tag"": 1, ""derived:turnover_history"": 1, ""derived:price_history"": 1, ""derive:l6_sens_cashflow"": 1, ""derive:l6_sens_growth_margin"": 1, ""derive:l6_sens_rates"": 1, ""derive:l6_sens_risk_narrative"": 1, ""tushare:daily_basic.history"": 1, ""derive:l7_env_risk_appetite"": 1, ""tushare:moneyflow"": 1, ""derive:l7_mood_fomo"": 1, ""akshare:stock_hot_rank_em+keyword"": 1, ""akshare:stock_hot_keyword_em"": 1, ""tushare:margin_detail"": 1, ""tushare:cashflow+income+balancesheet.derived"": 1, ""tushare:balancesheet+fina_indicator.derived"": 2, ""tushare:stk_holdertrade|alias→L8.gov.insider_sell"": 1, ""tushare:stk_managers|alias→L8.gov.management_change"": 1, ""derive:l8_industry_demand_supply"": 1, ""derive:l8_industry_price_war"": 1, ""derived:from_quantile"": 1, ""derive:l8_val_priced_in"": 1, ""tushare:dividend"": 1, ""tushare:forecast"": 1, ""tushare:stk_managers"": 1, ""tushare:stk_holdertrade"": 3, ""akshare:stock_individual_notice_report"": 1, ""akshare:em_news"": 1, ""akshare:xq_hot"": 1}",company,L2.newbiz.commercialization;L2.newbiz.revenue_contrib;L2.newbiz.tam;L2.newbiz.uncertainty;L2.newbiz.valuation_contrib,L10.val.expansion_compression;L10.val.historical_quantile;L11.long.business_model;L11.long.compete_moat;L11.long.industry_space;L11.long.margin;L11.long.score;L11.mid.eps_upward;L11.mid.margin_guidance;L11.mid.orders_revenue;L11.mid.score;L11.mode;L11.short.event_impact;L11.short.flow_boost;L11.short.score;L11.short.sentiment_shift;L11.short.technical;L11.trade.signal;L4.cost.labor;L4.cost.raw_material;L4.eff.cycle;L4.eff.turnover;L5.bs.ar_ap;L5.bs.cash_debt;L5.bs.inventory;L5.bs.leverage;L5.cf.buyback_dividend;L5.cf.capex;L5.cf.fcf;L5.cf.icf_fcf;L5.cf.ocf;L5.fina.asset_turnover;L5.fina.bps;L5.fina.cfps;L5.fina.debt_ratio;L5.fina.eps;L5.fina.gross_margin;L5.fina.net_margin;L5.fina.net_profit_yoy;L5.fina.ocf_quality;L5.fina.profit_yoy_q;L5.fina.revenue_yoy;L5.fina.revenue_yoy_q;L5.fina.roa;L5.fina.roe;L5.fina.total_revenue_yoy;L5.fina.working_capital;L5.is.eps;L5.is.gross_margin;L5.is.gross_profit;L5.is.margins;L5.is.net_profit;L5.is.operating_profit;L5.is.revenue;L5.is.revenue_growth;L5.is.sga_rd;L5.surprise.sell_side;L6.mult.mcap_fcf;L6.mult.pb;L6.mult.pe;L6.mult.ps;L6.path.second_derivative;L6.path.tag;L6.priced.crowdedness;L6.priced.run_up;L6.sens.cashflow;L6.sens.growth_margin;L6.sens.rates;L6.sens.risk_narrative;L6.state.historical_percentile;L7.env.risk_appetite;L7.flow.active_inflow;L7.mood.fomo;L7.mood.media_social;L7.mood.theme;L7.trade.margin_short;L7.trade.volume_turnover;L8.fin.cash_ar;L8.fin.debt_pressure;L8.gov.insider_sell;L8.gov.management_change;L8.industry.demand_supply;L8.industry.price_war;L8.op.inventory_glut;L8.val.overvalued;L8.val.priced_in;L9.company.buyback_dividend;L9.company.earnings_guidance;L9.company.mgmt_litigation;L9.event.holder_trade_signal;L9.event.intraday_announcement;L9.event.intraday_news;L9.event.major_holder_decrease;L9.event.major_holder_increase;L9.media.social_buzz,
688120.SH,华海清科,A,SEMI_EQUIPMENT,59,1,5,51,2,0,96,0,102,250,40.80,"{""derive:l10_val_expansion_compression"": 1, ""derived:pe_pb_history"": 1, ""derive:bootstrap_l11_subscore"": 11, ""derive:l11_long_score"": 1, ""derive:l11_mid_score"": 1, ""derive:l11_mode"": 1, ""derive:l11_short_score"": 1, ""derive:l11_trade_signal"": 1, ""tushare:cashflow+income.derived"": 1, ""tushare:income.derived"": 5, ""tushare:balancesheet+income.derived"": 2, ""tushare:balancesheet"": 4, ""tushare:balancesheet.derived"": 1, ""tushare:cashflow"": 5, ""tushare:fina_indicator"": 16, ""tushare:income"": 5, ""tushare:report_rc"": 1, ""tushare:daily_basic+cashflow"": 1, ""tushare:daily_basic"": 4, ""derive:l6_path_second_derivative"": 1, ""derive:l6_path_tag"": 1, ""derived:turnover_history"": 1, ""derived:price_history"": 1, ""derive:l6_sens_cashflow"": 1, ""derive:l6_sens_growth_margin"": 1, ""derive:l6_sens_rates"": 1, ""derive:l6_sens_risk_narrative"": 1, ""tushare:daily_basic.history"": 1, ""derive:l7_env_risk_appetite"": 1, ""tushare:moneyflow"": 1, ""derive:l7_mood_fomo"": 1, ""akshare:stock_hot_rank_em+keyword"": 1, ""akshare:stock_hot_keyword_em"": 1, ""tushare:margin_detail"": 1, ""tushare:cashflow+income+balancesheet.derived"": 1, ""tushare:balancesheet+fina_indicator.derived"": 2, ""tushare:stk_holdertrade|alias→L8.gov.insider_sell"": 1, ""tushare:stk_managers|alias→L8.gov.management_change"": 1, ""derive:l8_industry_demand_supply"": 1, ""derive:l8_industry_price_war"": 1, ""derived:from_quantile"": 1, ""derive:l8_val_priced_in"": 1, ""tushare:dividend"": 1, ""tushare:forecast"": 1, ""tushare:stk_managers"": 1, ""tushare:stk_holdertrade"": 3, ""akshare:stock_individual_notice_report"": 1, ""akshare:em_news"": 1, ""akshare:xq_hot"": 1}",company,L2.newbiz.commercialization;L2.newbiz.revenue_contrib;L2.newbiz.tam;L2.newbiz.uncertainty;L2.newbiz.valuation_contrib,L10.val.expansion_compression;L10.val.historical_quantile;L11.long.business_model;L11.long.compete_moat;L11.long.industry_space;L11.long.margin;L11.long.score;L11.mid.eps_upward;L11.mid.margin_guidance;L11.mid.orders_revenue;L11.mid.score;L11.mode;L11.short.event_impact;L11.short.flow_boost;L11.short.score;L11.short.sentiment_shift;L11.short.technical;L11.trade.signal;L4.cost.labor;L4.cost.raw_material;L4.eff.cycle;L4.eff.turnover;L5.bs.ar_ap;L5.bs.cash_debt;L5.bs.goodwill_ppe;L5.bs.inventory;L5.bs.leverage;L5.cf.buyback_dividend;L5.cf.capex;L5.cf.fcf;L5.cf.icf_fcf;L5.cf.ocf;L5.fina.asset_turnover;L5.fina.bps;L5.fina.cfps;L5.fina.debt_ratio;L5.fina.eps;L5.fina.gross_margin;L5.fina.net_margin;L5.fina.net_profit_yoy;L5.fina.ocf_quality;L5.fina.profit_yoy_q;L5.fina.revenue_yoy;L5.fina.revenue_yoy_q;L5.fina.roa;L5.fina.roe;L5.fina.total_revenue_yoy;L5.fina.working_capital;L5.is.eps;L5.is.gross_margin;L5.is.gross_profit;L5.is.margins;L5.is.net_profit;L5.is.operating_profit;L5.is.revenue;L5.is.revenue_growth;L5.is.sga_rd;L5.surprise.sell_side;L6.mult.mcap_fcf;L6.mult.pb;L6.mult.pe;L6.mult.ps;L6.path.second_derivative;L6.path.tag;L6.priced.crowdedness;L6.priced.run_up;L6.sens.cashflow;L6.sens.growth_margin;L6.sens.rates;L6.sens.risk_narrative;L6.state.historical_percentile;L7.env.risk_appetite;L7.flow.active_inflow;L7.mood.fomo;L7.mood.media_social;L7.mood.theme;L7.trade.margin_short;L7.trade.volume_turnover;L8.fin.cash_ar;L8.fin.debt_pressure;L8.gov.insider_sell;L8.gov.management_change;L8.industry.demand_supply;L8.industry.price_war;L8.op.inventory_glut;L8.val.overvalued;L8.val.priced_in;L9.company.buyback_dividend;L9.company.earnings_guidance;L9.company.mgmt_litigation;L9.event.holder_trade_signal;L9.event.intraday_announcement;L9.event.intraday_news;L9.event.major_holder_decrease;L9.event.major_holder_increase;L9.media.social_buzz,
688126.SH,沪硅产业,A,SEMI_EQUIPMENT,59,1,5,51,2,0,95,0,101,250,40.40,"{""derive:l10_val_expansion_compression"": 1, ""derived:pe_pb_history"": 1, ""derive:bootstrap_l11_subscore"": 11, ""derive:l11_long_score"": 1, ""derive:l11_mid_score"": 1, ""derive:l11_mode"": 1, ""derive:l11_short_score"": 1, ""derive:l11_trade_signal"": 1, ""tushare:cashflow+income.derived"": 1, ""tushare:income.derived"": 5, ""tushare:balancesheet+income.derived"": 2, ""tushare:balancesheet"": 4, ""tushare:balancesheet.derived"": 1, ""tushare:cashflow"": 5, ""tushare:fina_indicator"": 16, ""tushare:income"": 5, ""tushare:report_rc"": 1, ""tushare:daily_basic+cashflow"": 1, ""tushare:daily_basic"": 3, ""derive:l6_path_second_derivative"": 1, ""derive:l6_path_tag"": 1, ""derived:turnover_history"": 1, ""derived:price_history"": 1, ""derive:l6_sens_cashflow"": 1, ""derive:l6_sens_growth_margin"": 1, ""derive:l6_sens_rates"": 1, ""derive:l6_sens_risk_narrative"": 1, ""tushare:daily_basic.history"": 1, ""derive:l7_env_risk_appetite"": 1, ""tushare:moneyflow"": 1, ""derive:l7_mood_fomo"": 1, ""akshare:stock_hot_rank_em+keyword"": 1, ""akshare:stock_hot_keyword_em"": 1, ""tushare:margin_detail"": 1, ""tushare:cashflow+income+balancesheet.derived"": 1, ""tushare:balancesheet+fina_indicator.derived"": 2, ""tushare:stk_holdertrade|alias→L8.gov.insider_sell"": 1, ""tushare:stk_managers|alias→L8.gov.management_change"": 1, ""derive:l8_industry_demand_supply"": 1, ""derive:l8_industry_price_war"": 1, ""derived:from_quantile"": 1, ""derive:l8_val_priced_in"": 1, ""tushare:dividend"": 1, ""tushare:forecast"": 1, ""tushare:stk_managers"": 1, ""tushare:stk_holdertrade"": 3, ""akshare:stock_individual_notice_report"": 1, ""akshare:em_news"": 1, ""akshare:xq_hot"": 1}",company,L2.newbiz.commercialization;L2.newbiz.revenue_contrib;L2.newbiz.tam;L2.newbiz.uncertainty;L2.newbiz.valuation_contrib,L10.val.expansion_compression;L10.val.historical_quantile;L11.long.business_model;L11.long.compete_moat;L11.long.industry_space;L11.long.margin;L11.long.score;L11.mid.eps_upward;L11.mid.margin_guidance;L11.mid.orders_revenue;L11.mid.score;L11.mode;L11.short.event_impact;L11.short.flow_boost;L11.short.score;L11.short.sentiment_shift;L11.short.technical;L11.trade.signal;L4.cost.labor;L4.cost.raw_material;L4.eff.cycle;L4.eff.turnover;L5.bs.ar_ap;L5.bs.cash_debt;L5.bs.goodwill_ppe;L5.bs.inventory;L5.bs.leverage;L5.cf.buyback_dividend;L5.cf.capex;L5.cf.fcf;L5.cf.icf_fcf;L5.cf.ocf;L5.fina.asset_turnover;L5.fina.bps;L5.fina.cfps;L5.fina.debt_ratio;L5.fina.eps;L5.fina.gross_margin;L5.fina.net_margin;L5.fina.net_profit_yoy;L5.fina.ocf_quality;L5.fina.profit_yoy_q;L5.fina.revenue_yoy;L5.fina.revenue_yoy_q;L5.fina.roa;L5.fina.roe;L5.fina.total_revenue_yoy;L5.fina.working_capital;L5.is.eps;L5.is.gross_margin;L5.is.gross_profit;L5.is.margins;L5.is.net_profit;L5.is.operating_profit;L5.is.revenue;L5.is.revenue_growth;L5.is.sga_rd;L5.surprise.sell_side;L6.mult.mcap_fcf;L6.mult.pb;L6.mult.ps;L6.path.second_derivative;L6.path.tag;L6.priced.crowdedness;L6.priced.run_up;L6.sens.cashflow;L6.sens.growth_margin;L6.sens.rates;L6.sens.risk_narrative;L6.state.historical_percentile;L7.env.risk_appetite;L7.flow.active_inflow;L7.mood.fomo;L7.mood.media_social;L7.mood.theme;L7.trade.margin_short;L7.trade.volume_turnover;L8.fin.cash_ar;L8.fin.debt_pressure;L8.gov.insider_sell;L8.gov.management_change;L8.industry.demand_supply;L8.industry.price_war;L8.op.inventory_glut;L8.val.overvalued;L8.val.priced_in;L9.company.buyback_dividend;L9.company.earnings_guidance;L9.company.mgmt_litigation;L9.event.holder_trade_signal;L9.event.intraday_announcement;L9.event.intraday_news;L9.event.major_holder_decrease;L9.event.major_holder_increase;L9.media.social_buzz,
688180.SH,君实生物,A,INNOVATIVE_PHARMA,59,1,5,51,2,0,95,0,101,250,40.40,"{""derive:l10_val_expansion_compression"": 1, ""derived:pe_pb_history"": 1, ""derive:bootstrap_l11_subscore"": 11, ""derive:l11_long_score"": 1, ""derive:l11_mid_score"": 1, ""derive:l11_mode"": 1, ""derive:l11_short_score"": 1, ""derive:l11_trade_signal"": 1, ""tushare:cashflow+income.derived"": 1, ""tushare:income.derived"": 5, ""tushare:balancesheet+income.derived"": 2, ""tushare:balancesheet"": 4, ""tushare:balancesheet.derived"": 1, ""tushare:cashflow"": 5, ""tushare:fina_indicator"": 16, ""tushare:income"": 5, ""tushare:report_rc"": 1, ""tushare:daily_basic+cashflow"": 1, ""tushare:daily_basic"": 3, ""derive:l6_path_second_derivative"": 1, ""derive:l6_path_tag"": 1, ""derived:turnover_history"": 1, ""derived:price_history"": 1, ""derive:l6_sens_cashflow"": 1, ""derive:l6_sens_growth_margin"": 1, ""derive:l6_sens_rates"": 1, ""derive:l6_sens_risk_narrative"": 1, ""tushare:daily_basic.history"": 1, ""derive:l7_env_risk_appetite"": 1, ""tushare:moneyflow"": 1, ""derive:l7_mood_fomo"": 1, ""akshare:stock_hot_rank_em+keyword"": 1, ""akshare:stock_hot_keyword_em"": 1, ""tushare:margin_detail"": 1, ""tushare:cashflow+income+balancesheet.derived"": 1, ""tushare:balancesheet+fina_indicator.derived"": 2, ""tushare:stk_holdertrade|alias→L8.gov.insider_sell"": 1, ""tushare:stk_managers|alias→L8.gov.management_change"": 1, ""derive:l8_industry_demand_supply"": 1, ""derive:l8_industry_price_war"": 1, ""derived:from_quantile"": 1, ""derive:l8_val_priced_in"": 1, ""tushare:dividend"": 1, ""tushare:forecast"": 1, ""tushare:stk_managers"": 1, ""tushare:stk_holdertrade"": 3, ""akshare:stock_individual_notice_report"": 1, ""akshare:em_news"": 1, ""akshare:xq_hot"": 1}",company,L2.newbiz.commercialization;L2.newbiz.revenue_contrib;L2.newbiz.tam;L2.newbiz.uncertainty;L2.newbiz.valuation_contrib,L10.val.expansion_compression;L10.val.historical_quantile;L11.long.business_model;L11.long.compete_moat;L11.long.industry_space;L11.long.margin;L11.long.score;L11.mid.eps_upward;L11.mid.margin_guidance;L11.mid.orders_revenue;L11.mid.score;L11.mode;L11.short.event_impact;L11.short.flow_boost;L11.short.score;L11.short.sentiment_shift;L11.short.technical;L11.trade.signal;L4.cost.labor;L4.cost.raw_material;L4.eff.cycle;L4.eff.turnover;L5.bs.ar_ap;L5.bs.cash_debt;L5.bs.goodwill_ppe;L5.bs.inventory;L5.bs.leverage;L5.cf.buyback_dividend;L5.cf.capex;L5.cf.fcf;L5.cf.icf_fcf;L5.cf.ocf;L5.fina.asset_turnover;L5.fina.bps;L5.fina.cfps;L5.fina.debt_ratio;L5.fina.eps;L5.fina.gross_margin;L5.fina.net_margin;L5.fina.net_profit_yoy;L5.fina.ocf_quality;L5.fina.profit_yoy_q;L5.fina.revenue_yoy;L5.fina.revenue_yoy_q;L5.fina.roa;L5.fina.roe;L5.fina.total_revenue_yoy;L5.fina.working_capital;L5.is.eps;L5.is.gross_margin;L5.is.gross_profit;L5.is.margins;L5.is.net_profit;L5.is.operating_profit;L5.is.revenue;L5.is.revenue_growth;L5.is.sga_rd;L5.surprise.sell_side;L6.mult.mcap_fcf;L6.mult.pb;L6.mult.ps;L6.path.second_derivative;L6.path.tag;L6.priced.crowdedness;L6.priced.run_up;L6.sens.cashflow;L6.sens.growth_margin;L6.sens.rates;L6.sens.risk_narrative;L6.state.historical_percentile;L7.env.risk_appetite;L7.flow.active_inflow;L7.mood.fomo;L7.mood.media_social;L7.mood.theme;L7.trade.margin_short;L7.trade.volume_turnover;L8.fin.cash_ar;L8.fin.debt_pressure;L8.gov.insider_sell;L8.gov.management_change;L8.industry.demand_supply;L8.industry.price_war;L8.op.inventory_glut;L8.val.overvalued;L8.val.priced_in;L9.company.buyback_dividend;L9.company.earnings_guidance;L9.company.mgmt_litigation;L9.event.holder_trade_signal;L9.event.intraday_announcement;L9.event.intraday_news;L9.event.major_holder_decrease;L9.event.major_holder_increase;L9.media.social_buzz,
688235.SH,百济神州,A,INNOVATIVE_PHARMA,59,1,5,51,2,0,96,0,102,250,40.80,"{""derive:l10_val_expansion_compression"": 1, ""derived:pe_pb_history"": 1, ""derive:bootstrap_l11_subscore"": 11, ""derive:l11_long_score"": 1, ""derive:l11_mid_score"": 1, ""derive:l11_mode"": 1, ""derive:l11_short_score"": 1, ""derive:l11_trade_signal"": 1, ""tushare:cashflow+income.derived"": 1, ""tushare:income.derived"": 5, ""tushare:balancesheet+income.derived"": 2, ""tushare:balancesheet"": 4, ""tushare:balancesheet.derived"": 1, ""tushare:cashflow"": 5, ""tushare:fina_indicator"": 16, ""tushare:income"": 5, ""tushare:report_rc"": 1, ""tushare:daily_basic+cashflow"": 1, ""tushare:daily_basic"": 4, ""derive:l6_path_second_derivative"": 1, ""derive:l6_path_tag"": 1, ""derived:turnover_history"": 1, ""derived:price_history"": 1, ""derive:l6_sens_cashflow"": 1, ""derive:l6_sens_growth_margin"": 1, ""derive:l6_sens_rates"": 1, ""derive:l6_sens_risk_narrative"": 1, ""tushare:daily_basic.history"": 1, ""derive:l7_env_risk_appetite"": 1, ""tushare:moneyflow"": 1, ""derive:l7_mood_fomo"": 1, ""akshare:stock_hot_rank_em+keyword"": 1, ""akshare:stock_hot_keyword_em"": 1, ""tushare:margin_detail"": 1, ""tushare:cashflow+income+balancesheet.derived"": 1, ""tushare:balancesheet+fina_indicator.derived"": 2, ""tushare:stk_holdertrade|alias→L8.gov.insider_sell"": 1, ""tushare:stk_managers|alias→L8.gov.management_change"": 1, ""derive:l8_industry_demand_supply"": 1, ""derive:l8_industry_price_war"": 1, ""derived:from_quantile"": 1, ""derive:l8_val_priced_in"": 1, ""tushare:dividend"": 1, ""tushare:forecast"": 1, ""tushare:stk_managers"": 1, ""tushare:stk_holdertrade"": 3, ""akshare:stock_individual_notice_report"": 1, ""akshare:em_news"": 1, ""akshare:xq_hot"": 1}",company,L2.newbiz.commercialization;L2.newbiz.revenue_contrib;L2.newbiz.tam;L2.newbiz.uncertainty;L2.newbiz.valuation_contrib,L10.val.expansion_compression;L10.val.historical_quantile;L11.long.business_model;L11.long.compete_moat;L11.long.industry_space;L11.long.margin;L11.long.score;L11.mid.eps_upward;L11.mid.margin_guidance;L11.mid.orders_revenue;L11.mid.score;L11.mode;L11.short.event_impact;L11.short.flow_boost;L11.short.score;L11.short.sentiment_shift;L11.short.technical;L11.trade.signal;L4.cost.labor;L4.cost.raw_material;L4.eff.cycle;L4.eff.turnover;L5.bs.ar_ap;L5.bs.cash_debt;L5.bs.goodwill_ppe;L5.bs.inventory;L5.bs.leverage;L5.cf.buyback_dividend;L5.cf.capex;L5.cf.fcf;L5.cf.icf_fcf;L5.cf.ocf;L5.fina.asset_turnover;L5.fina.bps;L5.fina.cfps;L5.fina.debt_ratio;L5.fina.eps;L5.fina.gross_margin;L5.fina.net_margin;L5.fina.net_profit_yoy;L5.fina.ocf_quality;L5.fina.profit_yoy_q;L5.fina.revenue_yoy;L5.fina.revenue_yoy_q;L5.fina.roa;L5.fina.roe;L5.fina.total_revenue_yoy;L5.fina.working_capital;L5.is.eps;L5.is.gross_margin;L5.is.gross_profit;L5.is.margins;L5.is.net_profit;L5.is.operating_profit;L5.is.revenue;L5.is.revenue_growth;L5.is.sga_rd;L5.surprise.sell_side;L6.mult.mcap_fcf;L6.mult.pb;L6.mult.pe;L6.mult.ps;L6.path.second_derivative;L6.path.tag;L6.priced.crowdedness;L6.priced.run_up;L6.sens.cashflow;L6.sens.growth_margin;L6.sens.rates;L6.sens.risk_narrative;L6.state.historical_percentile;L7.env.risk_appetite;L7.flow.active_inflow;L7.mood.fomo;L7.mood.media_social;L7.mood.theme;L7.trade.margin_short;L7.trade.volume_turnover;L8.fin.cash_ar;L8.fin.debt_pressure;L8.gov.insider_sell;L8.gov.management_change;L8.industry.demand_supply;L8.industry.price_war;L8.op.inventory_glut;L8.val.overvalued;L8.val.priced_in;L9.company.buyback_dividend;L9.company.earnings_guidance;L9.company.mgmt_litigation;L9.event.holder_trade_signal;L9.event.intraday_announcement;L9.event.intraday_news;L9.event.major_holder_decrease;L9.event.major_holder_increase;L9.media.social_buzz,
688248.SH,南网科技,A,STORAGE_GRID,59,1,5,51,2,0,95,0,101,250,40.40,"{""derive:l10_val_expansion_compression"": 1, ""derived:pe_pb_history"": 1, ""derive:bootstrap_l11_subscore"": 11, ""derive:l11_long_score"": 1, ""derive:l11_mid_score"": 1, ""derive:l11_mode"": 1, ""derive:l11_short_score"": 1, ""derive:l11_trade_signal"": 1, ""tushare:cashflow+income.derived"": 1, ""tushare:income.derived"": 5, ""tushare:balancesheet+income.derived"": 2, ""tushare:balancesheet"": 4, ""tushare:balancesheet.derived"": 1, ""tushare:cashflow"": 4, ""tushare:fina_indicator"": 16, ""tushare:income"": 5, ""tushare:report_rc"": 1, ""tushare:daily_basic+cashflow"": 1, ""tushare:daily_basic"": 4, ""derive:l6_path_second_derivative"": 1, ""derive:l6_path_tag"": 1, ""derived:turnover_history"": 1, ""derived:price_history"": 1, ""derive:l6_sens_cashflow"": 1, ""derive:l6_sens_growth_margin"": 1, ""derive:l6_sens_rates"": 1, ""derive:l6_sens_risk_narrative"": 1, ""tushare:daily_basic.history"": 1, ""derive:l7_env_risk_appetite"": 1, ""tushare:moneyflow"": 1, ""derive:l7_mood_fomo"": 1, ""akshare:stock_hot_rank_em+keyword"": 1, ""akshare:stock_hot_keyword_em"": 1, ""tushare:margin_detail"": 1, ""tushare:cashflow+income+balancesheet.derived"": 1, ""tushare:balancesheet+fina_indicator.derived"": 2, ""tushare:stk_holdertrade|alias→L8.gov.insider_sell"": 1, ""tushare:stk_managers|alias→L8.gov.management_change"": 1, ""derive:l8_industry_demand_supply"": 1, ""derive:l8_industry_price_war"": 1, ""derived:from_quantile"": 1, ""derive:l8_val_priced_in"": 1, ""tushare:dividend"": 1, ""tushare:forecast"": 1, ""tushare:stk_managers"": 1, ""tushare:stk_holdertrade"": 3, ""akshare:stock_individual_notice_report"": 1, ""akshare:em_news"": 1, ""akshare:xq_hot"": 1}",company,L2.newbiz.commercialization;L2.newbiz.revenue_contrib;L2.newbiz.tam;L2.newbiz.uncertainty;L2.newbiz.valuation_contrib,L10.val.expansion_compression;L10.val.historical_quantile;L11.long.business_model;L11.long.compete_moat;L11.long.industry_space;L11.long.margin;L11.long.score;L11.mid.eps_upward;L11.mid.margin_guidance;L11.mid.orders_revenue;L11.mid.score;L11.mode;L11.short.event_impact;L11.short.flow_boost;L11.short.score;L11.short.sentiment_shift;L11.short.technical;L11.trade.signal;L4.cost.labor;L4.cost.raw_material;L4.eff.cycle;L4.eff.turnover;L5.bs.ar_ap;L5.bs.cash_debt;L5.bs.goodwill_ppe;L5.bs.inventory;L5.bs.leverage;L5.cf.capex;L5.cf.fcf;L5.cf.icf_fcf;L5.cf.ocf;L5.fina.asset_turnover;L5.fina.bps;L5.fina.cfps;L5.fina.debt_ratio;L5.fina.eps;L5.fina.gross_margin;L5.fina.net_margin;L5.fina.net_profit_yoy;L5.fina.ocf_quality;L5.fina.profit_yoy_q;L5.fina.revenue_yoy;L5.fina.revenue_yoy_q;L5.fina.roa;L5.fina.roe;L5.fina.total_revenue_yoy;L5.fina.working_capital;L5.is.eps;L5.is.gross_margin;L5.is.gross_profit;L5.is.margins;L5.is.net_profit;L5.is.operating_profit;L5.is.revenue;L5.is.revenue_growth;L5.is.sga_rd;L5.surprise.sell_side;L6.mult.mcap_fcf;L6.mult.pb;L6.mult.pe;L6.mult.ps;L6.path.second_derivative;L6.path.tag;L6.priced.crowdedness;L6.priced.run_up;L6.sens.cashflow;L6.sens.growth_margin;L6.sens.rates;L6.sens.risk_narrative;L6.state.historical_percentile;L7.env.risk_appetite;L7.flow.active_inflow;L7.mood.fomo;L7.mood.media_social;L7.mood.theme;L7.trade.margin_short;L7.trade.volume_turnover;L8.fin.cash_ar;L8.fin.debt_pressure;L8.gov.insider_sell;L8.gov.management_change;L8.industry.demand_supply;L8.industry.price_war;L8.op.inventory_glut;L8.val.overvalued;L8.val.priced_in;L9.company.buyback_dividend;L9.company.earnings_guidance;L9.company.mgmt_litigation;L9.event.holder_trade_signal;L9.event.intraday_announcement;L9.event.intraday_news;L9.event.major_holder_decrease;L9.event.major_holder_increase;L9.media.social_buzz,
688256.SH,寒武纪,A,AI_COMPUTE,59,1,5,51,2,0,96,0,102,250,40.80,"{""derive:l10_val_expansion_compression"": 1, ""derived:pe_pb_history"": 1, ""derive:bootstrap_l11_subscore"": 11, ""derive:l11_long_score"": 1, ""derive:l11_mid_score"": 1, ""derive:l11_mode"": 1, ""derive:l11_short_score"": 1, ""derive:l11_trade_signal"": 1, ""tushare:cashflow+income.derived"": 1, ""tushare:income.derived"": 5, ""tushare:balancesheet+income.derived"": 2, ""tushare:balancesheet"": 3, ""tushare:balancesheet.derived"": 1, ""tushare:cashflow"": 5, ""tushare:fina_indicator"": 16, ""tushare:income"": 5, ""tushare:report_rc"": 1, ""tushare:daily_basic+cashflow"": 1, ""tushare:daily_basic"": 4, ""derive:l6_path_second_derivative"": 1, ""derive:l6_path_tag"": 1, ""derived:turnover_history"": 1, ""derived:price_history"": 1, ""derive:l6_sens_cashflow"": 1, ""derive:l6_sens_growth_margin"": 1, ""derive:l6_sens_rates"": 1, ""derive:l6_sens_risk_narrative"": 1, ""tushare:daily_basic.history"": 1, ""derive:l7_env_risk_appetite"": 1, ""tushare:moneyflow"": 1, ""tushare:block_trade"": 1, ""derive:l7_mood_fomo"": 1, ""akshare:stock_hot_rank_em+keyword"": 1, ""akshare:stock_hot_keyword_em"": 1, ""tushare:margin_detail"": 1, ""tushare:cashflow+income+balancesheet.derived"": 1, ""tushare:balancesheet+fina_indicator.derived"": 2, ""tushare:stk_holdertrade|alias→L8.gov.insider_sell"": 1, ""tushare:stk_managers|alias→L8.gov.management_change"": 1, ""derive:l8_industry_demand_supply"": 1, ""derive:l8_industry_price_war"": 1, ""derived:from_quantile"": 1, ""derive:l8_val_priced_in"": 1, ""tushare:dividend"": 1, ""tushare:forecast"": 1, ""tushare:stk_managers"": 1, ""tushare:stk_holdertrade"": 3, ""akshare:stock_individual_notice_report"": 1, ""akshare:em_news"": 1, ""akshare:xq_hot"": 1}",company,L2.newbiz.commercialization;L2.newbiz.revenue_contrib;L2.newbiz.tam;L2.newbiz.uncertainty;L2.newbiz.valuation_contrib,L10.val.expansion_compression;L10.val.historical_quantile;L11.long.business_model;L11.long.compete_moat;L11.long.industry_space;L11.long.margin;L11.long.score;L11.mid.eps_upward;L11.mid.margin_guidance;L11.mid.orders_revenue;L11.mid.score;L11.mode;L11.short.event_impact;L11.short.flow_boost;L11.short.score;L11.short.sentiment_shift;L11.short.technical;L11.trade.signal;L4.cost.labor;L4.cost.raw_material;L4.eff.cycle;L4.eff.turnover;L5.bs.ar_ap;L5.bs.cash_debt;L5.bs.inventory;L5.bs.leverage;L5.cf.buyback_dividend;L5.cf.capex;L5.cf.fcf;L5.cf.icf_fcf;L5.cf.ocf;L5.fina.asset_turnover;L5.fina.bps;L5.fina.cfps;L5.fina.debt_ratio;L5.fina.eps;L5.fina.gross_margin;L5.fina.net_margin;L5.fina.net_profit_yoy;L5.fina.ocf_quality;L5.fina.profit_yoy_q;L5.fina.revenue_yoy;L5.fina.revenue_yoy_q;L5.fina.roa;L5.fina.roe;L5.fina.total_revenue_yoy;L5.fina.working_capital;L5.is.eps;L5.is.gross_margin;L5.is.gross_profit;L5.is.margins;L5.is.net_profit;L5.is.operating_profit;L5.is.revenue;L5.is.revenue_growth;L5.is.sga_rd;L5.surprise.sell_side;L6.mult.mcap_fcf;L6.mult.pb;L6.mult.pe;L6.mult.ps;L6.path.second_derivative;L6.path.tag;L6.priced.crowdedness;L6.priced.run_up;L6.sens.cashflow;L6.sens.growth_margin;L6.sens.rates;L6.sens.risk_narrative;L6.state.historical_percentile;L7.env.risk_appetite;L7.flow.active_inflow;L7.flow.block_trade;L7.mood.fomo;L7.mood.media_social;L7.mood.theme;L7.trade.margin_short;L7.trade.volume_turnover;L8.fin.cash_ar;L8.fin.debt_pressure;L8.gov.insider_sell;L8.gov.management_change;L8.industry.demand_supply;L8.industry.price_war;L8.op.inventory_glut;L8.val.overvalued;L8.val.priced_in;L9.company.buyback_dividend;L9.company.earnings_guidance;L9.company.mgmt_litigation;L9.event.holder_trade_signal;L9.event.intraday_announcement;L9.event.intraday_news;L9.event.major_holder_decrease;L9.event.major_holder_increase;L9.media.social_buzz,
688363.SH,华熙生物,A,DOMESTIC_CONSUMPTION,59,1,5,51,2,0,96,0,102,250,40.80,"{""derive:l10_val_expansion_compression"": 1, ""derived:pe_pb_history"": 1, ""derive:bootstrap_l11_subscore"": 11, ""derive:l11_long_score"": 1, ""derive:l11_mid_score"": 1, ""derive:l11_mode"": 1, ""derive:l11_short_score"": 1, ""derive:l11_trade_signal"": 1, ""tushare:cashflow+income.derived"": 1, ""tushare:income.derived"": 5, ""tushare:balancesheet+income.derived"": 2, ""tushare:balancesheet"": 4, ""tushare:balancesheet.derived"": 1, ""tushare:cashflow"": 5, ""tushare:fina_indicator"": 16, ""tushare:income"": 5, ""tushare:report_rc"": 1, ""tushare:daily_basic+cashflow"": 1, ""tushare:daily_basic"": 4, ""derive:l6_path_second_derivative"": 1, ""derive:l6_path_tag"": 1, ""derived:turnover_history"": 1, ""derived:price_history"": 1, ""derive:l6_sens_cashflow"": 1, ""derive:l6_sens_growth_margin"": 1, ""derive:l6_sens_rates"": 1, ""derive:l6_sens_risk_narrative"": 1, ""tushare:daily_basic.history"": 1, ""derive:l7_env_risk_appetite"": 1, ""tushare:moneyflow"": 1, ""derive:l7_mood_fomo"": 1, ""akshare:stock_hot_rank_em+keyword"": 1, ""akshare:stock_hot_keyword_em"": 1, ""tushare:margin_detail"": 1, ""tushare:cashflow+income+balancesheet.derived"": 1, ""tushare:balancesheet+fina_indicator.derived"": 2, ""tushare:stk_holdertrade|alias→L8.gov.insider_sell"": 1, ""tushare:stk_managers|alias→L8.gov.management_change"": 1, ""derive:l8_industry_demand_supply"": 1, ""derive:l8_industry_price_war"": 1, ""derived:from_quantile"": 1, ""derive:l8_val_priced_in"": 1, ""tushare:dividend"": 1, ""tushare:forecast"": 1, ""tushare:stk_managers"": 1, ""tushare:stk_holdertrade"": 3, ""akshare:stock_individual_notice_report"": 1, ""akshare:em_news"": 1, ""akshare:xq_hot"": 1}",company,L2.newbiz.commercialization;L2.newbiz.revenue_contrib;L2.newbiz.tam;L2.newbiz.uncertainty;L2.newbiz.valuation_contrib,L10.val.expansion_compression;L10.val.historical_quantile;L11.long.business_model;L11.long.compete_moat;L11.long.industry_space;L11.long.margin;L11.long.score;L11.mid.eps_upward;L11.mid.margin_guidance;L11.mid.orders_revenue;L11.mid.score;L11.mode;L11.short.event_impact;L11.short.flow_boost;L11.short.score;L11.short.sentiment_shift;L11.short.technical;L11.trade.signal;L4.cost.labor;L4.cost.raw_material;L4.eff.cycle;L4.eff.turnover;L5.bs.ar_ap;L5.bs.cash_debt;L5.bs.goodwill_ppe;L5.bs.inventory;L5.bs.leverage;L5.cf.buyback_dividend;L5.cf.capex;L5.cf.fcf;L5.cf.icf_fcf;L5.cf.ocf;L5.fina.asset_turnover;L5.fina.bps;L5.fina.cfps;L5.fina.debt_ratio;L5.fina.eps;L5.fina.gross_margin;L5.fina.net_margin;L5.fina.net_profit_yoy;L5.fina.ocf_quality;L5.fina.profit_yoy_q;L5.fina.revenue_yoy;L5.fina.revenue_yoy_q;L5.fina.roa;L5.fina.roe;L5.fina.total_revenue_yoy;L5.fina.working_capital;L5.is.eps;L5.is.gross_margin;L5.is.gross_profit;L5.is.margins;L5.is.net_profit;L5.is.operating_profit;L5.is.revenue;L5.is.revenue_growth;L5.is.sga_rd;L5.surprise.sell_side;L6.mult.mcap_fcf;L6.mult.pb;L6.mult.pe;L6.mult.ps;L6.path.second_derivative;L6.path.tag;L6.priced.crowdedness;L6.priced.run_up;L6.sens.cashflow;L6.sens.growth_margin;L6.sens.rates;L6.sens.risk_narrative;L6.state.historical_percentile;L7.env.risk_appetite;L7.flow.active_inflow;L7.mood.fomo;L7.mood.media_social;L7.mood.theme;L7.trade.margin_short;L7.trade.volume_turnover;L8.fin.cash_ar;L8.fin.debt_pressure;L8.gov.insider_sell;L8.gov.management_change;L8.industry.demand_supply;L8.industry.price_war;L8.op.inventory_glut;L8.val.overvalued;L8.val.priced_in;L9.company.buyback_dividend;L9.company.earnings_guidance;L9.company.mgmt_litigation;L9.event.holder_trade_signal;L9.event.intraday_announcement;L9.event.intraday_news;L9.event.major_holder_decrease;L9.event.major_holder_increase;L9.media.social_buzz,
688366.SH,昊海生科,A,DOMESTIC_CONSUMPTION,59,1,5,51,2,0,96,0,102,250,40.80,"{""derive:l10_val_expansion_compression"": 1, ""derived:pe_pb_history"": 1, ""derive:bootstrap_l11_subscore"": 11, ""derive:l11_long_score"": 1, ""derive:l11_mid_score"": 1, ""derive:l11_mode"": 1, ""derive:l11_short_score"": 1, ""derive:l11_trade_signal"": 1, ""tushare:cashflow+income.derived"": 1, ""tushare:income.derived"": 5, ""tushare:balancesheet+income.derived"": 2, ""tushare:balancesheet"": 4, ""tushare:balancesheet.derived"": 1, ""tushare:cashflow"": 5, ""tushare:fina_indicator"": 16, ""tushare:income"": 5, ""tushare:report_rc"": 1, ""tushare:daily_basic+cashflow"": 1, ""tushare:daily_basic"": 4, ""derive:l6_path_second_derivative"": 1, ""derive:l6_path_tag"": 1, ""derived:turnover_history"": 1, ""derived:price_history"": 1, ""derive:l6_sens_cashflow"": 1, ""derive:l6_sens_growth_margin"": 1, ""derive:l6_sens_rates"": 1, ""derive:l6_sens_risk_narrative"": 1, ""tushare:daily_basic.history"": 1, ""derive:l7_env_risk_appetite"": 1, ""tushare:moneyflow"": 1, ""derive:l7_mood_fomo"": 1, ""akshare:stock_hot_rank_em+keyword"": 1, ""akshare:stock_hot_keyword_em"": 1, ""tushare:margin_detail"": 1, ""tushare:cashflow+income+balancesheet.derived"": 1, ""tushare:balancesheet+fina_indicator.derived"": 2, ""tushare:stk_holdertrade|alias→L8.gov.insider_sell"": 1, ""tushare:stk_managers|alias→L8.gov.management_change"": 1, ""derive:l8_industry_demand_supply"": 1, ""derive:l8_industry_price_war"": 1, ""derived:from_quantile"": 1, ""derive:l8_val_priced_in"": 1, ""tushare:dividend"": 1, ""tushare:forecast"": 1, ""tushare:stk_managers"": 1, ""tushare:stk_holdertrade"": 3, ""akshare:stock_individual_notice_report"": 1, ""akshare:em_news"": 1, ""akshare:xq_hot"": 1}",company,L2.newbiz.commercialization;L2.newbiz.revenue_contrib;L2.newbiz.tam;L2.newbiz.uncertainty;L2.newbiz.valuation_contrib,L10.val.expansion_compression;L10.val.historical_quantile;L11.long.business_model;L11.long.compete_moat;L11.long.industry_space;L11.long.margin;L11.long.score;L11.mid.eps_upward;L11.mid.margin_guidance;L11.mid.orders_revenue;L11.mid.score;L11.mode;L11.short.event_impact;L11.short.flow_boost;L11.short.score;L11.short.sentiment_shift;L11.short.technical;L11.trade.signal;L4.cost.labor;L4.cost.raw_material;L4.eff.cycle;L4.eff.turnover;L5.bs.ar_ap;L5.bs.cash_debt;L5.bs.goodwill_ppe;L5.bs.inventory;L5.bs.leverage;L5.cf.buyback_dividend;L5.cf.capex;L5.cf.fcf;L5.cf.icf_fcf;L5.cf.ocf;L5.fina.asset_turnover;L5.fina.bps;L5.fina.cfps;L5.fina.debt_ratio;L5.fina.eps;L5.fina.gross_margin;L5.fina.net_margin;L5.fina.net_profit_yoy;L5.fina.ocf_quality;L5.fina.profit_yoy_q;L5.fina.revenue_yoy;L5.fina.revenue_yoy_q;L5.fina.roa;L5.fina.roe;L5.fina.total_revenue_yoy;L5.fina.working_capital;L5.is.eps;L5.is.gross_margin;L5.is.gross_profit;L5.is.margins;L5.is.net_profit;L5.is.operating_profit;L5.is.revenue;L5.is.revenue_growth;L5.is.sga_rd;L5.surprise.sell_side;L6.mult.mcap_fcf;L6.mult.pb;L6.mult.pe;L6.mult.ps;L6.path.second_derivative;L6.path.tag;L6.priced.crowdedness;L6.priced.run_up;L6.sens.cashflow;L6.sens.growth_margin;L6.sens.rates;L6.sens.risk_narrative;L6.state.historical_percentile;L7.env.risk_appetite;L7.flow.active_inflow;L7.mood.fomo;L7.mood.media_social;L7.mood.theme;L7.trade.margin_short;L7.trade.volume_turnover;L8.fin.cash_ar;L8.fin.debt_pressure;L8.gov.insider_sell;L8.gov.management_change;L8.industry.demand_supply;L8.industry.price_war;L8.op.inventory_glut;L8.val.overvalued;L8.val.priced_in;L9.company.buyback_dividend;L9.company.earnings_guidance;L9.company.mgmt_litigation;L9.event.holder_trade_signal;L9.event.intraday_announcement;L9.event.intraday_news;L9.event.major_holder_decrease;L9.event.major_holder_increase;L9.media.social_buzz,
688578.SH,艾力斯,A,INNOVATIVE_PHARMA,59,1,5,51,2,0,94,0,100,250,40.00,"{""derive:l10_val_expansion_compression"": 1, ""derived:pe_pb_history"": 1, ""derive:bootstrap_l11_subscore"": 11, ""derive:l11_long_score"": 1, ""derive:l11_mid_score"": 1, ""derive:l11_mode"": 1, ""derive:l11_short_score"": 1, ""derive:l11_trade_signal"": 1, ""tushare:cashflow+income.derived"": 1, ""tushare:income.derived"": 5, ""tushare:balancesheet+income.derived"": 2, ""tushare:balancesheet"": 3, ""tushare:balancesheet.derived"": 1, ""tushare:cashflow"": 4, ""tushare:fina_indicator"": 16, ""tushare:income"": 5, ""tushare:report_rc"": 1, ""tushare:daily_basic+cashflow"": 1, ""tushare:daily_basic"": 4, ""derive:l6_path_second_derivative"": 1, ""derive:l6_path_tag"": 1, ""derived:turnover_history"": 1, ""derived:price_history"": 1, ""derive:l6_sens_cashflow"": 1, ""derive:l6_sens_growth_margin"": 1, ""derive:l6_sens_rates"": 1, ""derive:l6_sens_risk_narrative"": 1, ""tushare:daily_basic.history"": 1, ""derive:l7_env_risk_appetite"": 1, ""tushare:moneyflow"": 1, ""derive:l7_mood_fomo"": 1, ""akshare:stock_hot_rank_em+keyword"": 1, ""akshare:stock_hot_keyword_em"": 1, ""tushare:margin_detail"": 1, ""tushare:cashflow+income+balancesheet.derived"": 1, ""tushare:balancesheet+fina_indicator.derived"": 2, ""tushare:stk_holdertrade|alias→L8.gov.insider_sell"": 1, ""tushare:stk_managers|alias→L8.gov.management_change"": 1, ""derive:l8_industry_demand_supply"": 1, ""derive:l8_industry_price_war"": 1, ""derived:from_quantile"": 1, ""derive:l8_val_priced_in"": 1, ""tushare:dividend"": 1, ""tushare:forecast"": 1, ""tushare:stk_managers"": 1, ""tushare:stk_holdertrade"": 3, ""akshare:stock_individual_notice_report"": 1, ""akshare:em_news"": 1, ""akshare:xq_hot"": 1}",company,L2.newbiz.commercialization;L2.newbiz.revenue_contrib;L2.newbiz.tam;L2.newbiz.uncertainty;L2.newbiz.valuation_contrib,L10.val.expansion_compression;L10.val.historical_quantile;L11.long.business_model;L11.long.compete_moat;L11.long.industry_space;L11.long.margin;L11.long.score;L11.mid.eps_upward;L11.mid.margin_guidance;L11.mid.orders_revenue;L11.mid.score;L11.mode;L11.short.event_impact;L11.short.flow_boost;L11.short.score;L11.short.sentiment_shift;L11.short.technical;L11.trade.signal;L4.cost.labor;L4.cost.raw_material;L4.eff.cycle;L4.eff.turnover;L5.bs.ar_ap;L5.bs.cash_debt;L5.bs.inventory;L5.bs.leverage;L5.cf.capex;L5.cf.fcf;L5.cf.icf_fcf;L5.cf.ocf;L5.fina.asset_turnover;L5.fina.bps;L5.fina.cfps;L5.fina.debt_ratio;L5.fina.eps;L5.fina.gross_margin;L5.fina.net_margin;L5.fina.net_profit_yoy;L5.fina.ocf_quality;L5.fina.profit_yoy_q;L5.fina.revenue_yoy;L5.fina.revenue_yoy_q;L5.fina.roa;L5.fina.roe;L5.fina.total_revenue_yoy;L5.fina.working_capital;L5.is.eps;L5.is.gross_margin;L5.is.gross_profit;L5.is.margins;L5.is.net_profit;L5.is.operating_profit;L5.is.revenue;L5.is.revenue_growth;L5.is.sga_rd;L5.surprise.sell_side;L6.mult.mcap_fcf;L6.mult.pb;L6.mult.pe;L6.mult.ps;L6.path.second_derivative;L6.path.tag;L6.priced.crowdedness;L6.priced.run_up;L6.sens.cashflow;L6.sens.growth_margin;L6.sens.rates;L6.sens.risk_narrative;L6.state.historical_percentile;L7.env.risk_appetite;L7.flow.active_inflow;L7.mood.fomo;L7.mood.media_social;L7.mood.theme;L7.trade.margin_short;L7.trade.volume_turnover;L8.fin.cash_ar;L8.fin.debt_pressure;L8.gov.insider_sell;L8.gov.management_change;L8.industry.demand_supply;L8.industry.price_war;L8.op.inventory_glut;L8.val.overvalued;L8.val.priced_in;L9.company.buyback_dividend;L9.company.earnings_guidance;L9.company.mgmt_litigation;L9.event.holder_trade_signal;L9.event.intraday_announcement;L9.event.intraday_news;L9.event.major_holder_decrease;L9.event.major_holder_increase;L9.media.social_buzz,
688777.SH,中控技术,A,ROBOTICS,59,1,5,51,2,0,96,0,102,250,40.80,"{""derive:l10_val_expansion_compression"": 1, ""derived:pe_pb_history"": 1, ""derive:bootstrap_l11_subscore"": 11, ""derive:l11_long_score"": 1, ""derive:l11_mid_score"": 1, ""derive:l11_mode"": 1, ""derive:l11_short_score"": 1, ""derive:l11_trade_signal"": 1, ""tushare:cashflow+income.derived"": 1, ""tushare:income.derived"": 5, ""tushare:balancesheet+income.derived"": 2, ""tushare:balancesheet"": 4, ""tushare:balancesheet.derived"": 1, ""tushare:cashflow"": 5, ""tushare:fina_indicator"": 16, ""tushare:income"": 5, ""tushare:report_rc"": 1, ""tushare:daily_basic+cashflow"": 1, ""tushare:daily_basic"": 4, ""derive:l6_path_second_derivative"": 1, ""derive:l6_path_tag"": 1, ""derived:turnover_history"": 1, ""derived:price_history"": 1, ""derive:l6_sens_cashflow"": 1, ""derive:l6_sens_growth_margin"": 1, ""derive:l6_sens_rates"": 1, ""derive:l6_sens_risk_narrative"": 1, ""tushare:daily_basic.history"": 1, ""derive:l7_env_risk_appetite"": 1, ""tushare:moneyflow"": 1, ""derive:l7_mood_fomo"": 1, ""akshare:stock_hot_rank_em+keyword"": 1, ""akshare:stock_hot_keyword_em"": 1, ""tushare:margin_detail"": 1, ""tushare:cashflow+income+balancesheet.derived"": 1, ""tushare:balancesheet+fina_indicator.derived"": 2, ""tushare:stk_holdertrade|alias→L8.gov.insider_sell"": 1, ""tushare:stk_managers|alias→L8.gov.management_change"": 1, ""derive:l8_industry_demand_supply"": 1, ""derive:l8_industry_price_war"": 1, ""derived:from_quantile"": 1, ""derive:l8_val_priced_in"": 1, ""tushare:dividend"": 1, ""tushare:forecast"": 1, ""tushare:stk_managers"": 1, ""tushare:stk_holdertrade"": 3, ""akshare:stock_individual_notice_report"": 1, ""akshare:em_news"": 1, ""akshare:xq_hot"": 1}",company,L2.newbiz.commercialization;L2.newbiz.revenue_contrib;L2.newbiz.tam;L2.newbiz.uncertainty;L2.newbiz.valuation_contrib,L10.val.expansion_compression;L10.val.historical_quantile;L11.long.business_model;L11.long.compete_moat;L11.long.industry_space;L11.long.margin;L11.long.score;L11.mid.eps_upward;L11.mid.margin_guidance;L11.mid.orders_revenue;L11.mid.score;L11.mode;L11.short.event_impact;L11.short.flow_boost;L11.short.score;L11.short.sentiment_shift;L11.short.technical;L11.trade.signal;L4.cost.labor;L4.cost.raw_material;L4.eff.cycle;L4.eff.turnover;L5.bs.ar_ap;L5.bs.cash_debt;L5.bs.goodwill_ppe;L5.bs.inventory;L5.bs.leverage;L5.cf.buyback_dividend;L5.cf.capex;L5.cf.fcf;L5.cf.icf_fcf;L5.cf.ocf;L5.fina.asset_turnover;L5.fina.bps;L5.fina.cfps;L5.fina.debt_ratio;L5.fina.eps;L5.fina.gross_margin;L5.fina.net_margin;L5.fina.net_profit_yoy;L5.fina.ocf_quality;L5.fina.profit_yoy_q;L5.fina.revenue_yoy;L5.fina.revenue_yoy_q;L5.fina.roa;L5.fina.roe;L5.fina.total_revenue_yoy;L5.fina.working_capital;L5.is.eps;L5.is.gross_margin;L5.is.gross_profit;L5.is.margins;L5.is.net_profit;L5.is.operating_profit;L5.is.revenue;L5.is.revenue_growth;L5.is.sga_rd;L5.surprise.sell_side;L6.mult.mcap_fcf;L6.mult.pb;L6.mult.pe;L6.mult.ps;L6.path.second_derivative;L6.path.tag;L6.priced.crowdedness;L6.priced.run_up;L6.sens.cashflow;L6.sens.growth_margin;L6.sens.rates;L6.sens.risk_narrative;L6.state.historical_percentile;L7.env.risk_appetite;L7.flow.active_inflow;L7.mood.fomo;L7.mood.media_social;L7.mood.theme;L7.trade.margin_short;L7.trade.volume_turnover;L8.fin.cash_ar;L8.fin.debt_pressure;L8.gov.insider_sell;L8.gov.management_change;L8.industry.demand_supply;L8.industry.price_war;L8.op.inventory_glut;L8.val.overvalued;L8.val.priced_in;L9.company.buyback_dividend;L9.company.earnings_guidance;L9.company.mgmt_litigation;L9.event.holder_trade_signal;L9.event.intraday_announcement;L9.event.intraday_news;L9.event.major_holder_decrease;L9.event.major_holder_increase;L9.media.social_buzz,
AA.US,Alcoa,US,NONFERROUS_METALS,59,1,5,51,2,0,67,0,73,250,29.20,"{""derive:l10_val_expansion_compression"": 1, ""derive:bootstrap_l11_subscore"": 11, ""derive:l11_long_score"": 1, ""derive:l11_mid_score"": 1, ""derive:l11_mode"": 1, ""derive:l11_short_score"": 1, ""derive:l11_trade_signal"": 1, ""fmp:balance-sheet"": 4, ""fmp:balance-sheet.derived"": 1, ""fmp:cash-flow"": 5, ""fmp:analyst-estimates"": 2, ""fmp:analyst-estimates.derived"": 2, ""fmp:income-statement"": 9, ""fmp:financial-growth"": 1, ""fmp:earnings.derived"": 1, ""fmp:discounted-cash-flow"": 1, ""fmp:key-metrics-ttm"": 1, ""fmp:ratios-ttm"": 5, ""derive:l6_path_second_derivative"": 1, ""derive:l6_path_tag"": 1, ""fmp:news.derived"": 1, ""derive:l6_sens_cashflow"": 1, ""derive:l6_sens_growth_margin"": 1, ""derive:l6_sens_rates"": 1, ""derive:l6_sens_risk_narrative"": 1, ""derive:l7_env_risk_appetite"": 1, ""fmp:beneficial-ownership"": 1, ""futu"": 1, ""derive:l7_mood_fomo"": 1, ""futu:snapshot"": 1, ""derive:l8_industry_demand_supply"": 1, ""derive:l8_industry_price_war"": 1, ""derive:l8_val_priced_in"": 1, ""fmp:insider-trading"": 1, ""fmp:news"": 1, ""fmp:sec-filings"": 1}",company,L2.newbiz.commercialization;L2.newbiz.revenue_contrib;L2.newbiz.tam;L2.newbiz.uncertainty;L2.newbiz.valuation_contrib,L10.val.expansion_compression;L11.long.business_model;L11.long.compete_moat;L11.long.industry_space;L11.long.margin;L11.long.score;L11.mid.eps_upward;L11.mid.margin_guidance;L11.mid.orders_revenue;L11.mid.score;L11.mode;L11.short.event_impact;L11.short.flow_boost;L11.short.score;L11.short.sentiment_shift;L11.short.technical;L11.trade.signal;L5.bs.ar_ap;L5.bs.cash_debt;L5.bs.goodwill_ppe;L5.bs.inventory;L5.bs.leverage;L5.cf.buyback_dividend;L5.cf.capex;L5.cf.fcf;L5.cf.icf_fcf;L5.cf.ocf;L5.fcst.eps_cf;L5.fcst.revenue_margin;L5.fcst.revisions;L5.is.cogs;L5.is.eps;L5.is.gross_margin;L5.is.gross_profit;L5.is.margins;L5.is.net_profit;L5.is.operating_profit;L5.is.revenue;L5.is.revenue_growth;L5.is.sga_rd;L5.surprise.preprice;L5.surprise.sell_side;L6.mult.dcf;L6.mult.ev_ebitda;L6.mult.mcap_fcf;L6.mult.pb;L6.mult.pe;L6.mult.peg;L6.mult.ps;L6.path.second_derivative;L6.path.tag;L6.priced.news_age;L6.sens.cashflow;L6.sens.growth_margin;L6.sens.rates;L6.sens.risk_narrative;L7.env.risk_appetite;L7.holders.institutional;L7.market.l2_quote;L7.mood.fomo;L7.trade.volume_turnover;L8.industry.demand_supply;L8.industry.price_war;L8.val.priced_in;L9.event.insider_trades;L9.event.news_flow;L9.event.recent_filings,
AAL.US,American Airlines,US,DOMESTIC_CONSUMPTION,59,1,5,51,2,0,67,0,73,250,29.20,"{""derive:l10_val_expansion_compression"": 1, ""derive:bootstrap_l11_subscore"": 11, ""derive:l11_long_score"": 1, ""derive:l11_mid_score"": 1, ""derive:l11_mode"": 1, ""derive:l11_short_score"": 1, ""derive:l11_trade_signal"": 1, ""fmp:balance-sheet"": 4, ""fmp:balance-sheet.derived"": 1, ""fmp:cash-flow"": 5, ""fmp:analyst-estimates"": 2, ""fmp:analyst-estimates.derived"": 2, ""fmp:income-statement"": 9, ""fmp:financial-growth"": 1, ""fmp:earnings.derived"": 1, ""fmp:discounted-cash-flow"": 1, ""fmp:key-metrics-ttm"": 1, ""fmp:ratios-ttm"": 5, ""derive:l6_path_second_derivative"": 1, ""derive:l6_path_tag"": 1, ""fmp:news.derived"": 1, ""derive:l6_sens_cashflow"": 1, ""derive:l6_sens_growth_margin"": 1, ""derive:l6_sens_rates"": 1, ""derive:l6_sens_risk_narrative"": 1, ""derive:l7_env_risk_appetite"": 1, ""fmp:beneficial-ownership"": 1, ""futu"": 1, ""derive:l7_mood_fomo"": 1, ""futu:snapshot"": 1, ""derive:l8_industry_demand_supply"": 1, ""derive:l8_industry_price_war"": 1, ""derive:l8_val_priced_in"": 1, ""fmp:insider-trading"": 1, ""fmp:news"": 1, ""fmp:sec-filings"": 1}",company,L2.newbiz.commercialization;L2.newbiz.revenue_contrib;L2.newbiz.tam;L2.newbiz.uncertainty;L2.newbiz.valuation_contrib,L10.val.expansion_compression;L11.long.business_model;L11.long.compete_moat;L11.long.industry_space;L11.long.margin;L11.long.score;L11.mid.eps_upward;L11.mid.margin_guidance;L11.mid.orders_revenue;L11.mid.score;L11.mode;L11.short.event_impact;L11.short.flow_boost;L11.short.score;L11.short.sentiment_shift;L11.short.technical;L11.trade.signal;L5.bs.ar_ap;L5.bs.cash_debt;L5.bs.goodwill_ppe;L5.bs.inventory;L5.bs.leverage;L5.cf.buyback_dividend;L5.cf.capex;L5.cf.fcf;L5.cf.icf_fcf;L5.cf.ocf;L5.fcst.eps_cf;L5.fcst.revenue_margin;L5.fcst.revisions;L5.is.cogs;L5.is.eps;L5.is.gross_margin;L5.is.gross_profit;L5.is.margins;L5.is.net_profit;L5.is.operating_profit;L5.is.revenue;L5.is.revenue_growth;L5.is.sga_rd;L5.surprise.preprice;L5.surprise.sell_side;L6.mult.dcf;L6.mult.ev_ebitda;L6.mult.mcap_fcf;L6.mult.pb;L6.mult.pe;L6.mult.peg;L6.mult.ps;L6.path.second_derivative;L6.path.tag;L6.priced.news_age;L6.sens.cashflow;L6.sens.growth_margin;L6.sens.rates;L6.sens.risk_narrative;L7.env.risk_appetite;L7.holders.institutional;L7.market.l2_quote;L7.mood.fomo;L7.trade.volume_turnover;L8.industry.demand_supply;L8.industry.price_war;L8.val.priced_in;L9.event.insider_trades;L9.event.news_flow;L9.event.recent_filings,
AAPL.US,Apple,US,CONSUMER_ELECTRONICS,59,1,5,51,2,0,67,0,73,250,29.20,"{""derive:l10_val_expansion_compression"": 1, ""derive:bootstrap_l11_subscore"": 11, ""derive:l11_long_score"": 1, ""derive:l11_mid_score"": 1, ""derive:l11_mode"": 1, ""derive:l11_short_score"": 1, ""derive:l11_trade_signal"": 1, ""fmp:balance-sheet"": 4, ""fmp:balance-sheet.derived"": 1, ""fmp:cash-flow"": 5, ""fmp:analyst-estimates"": 2, ""fmp:analyst-estimates.derived"": 2, ""fmp:income-statement"": 9, ""fmp:financial-growth"": 1, ""fmp:earnings.derived"": 1, ""fmp:discounted-cash-flow"": 1, ""fmp:key-metrics-ttm"": 1, ""fmp:ratios-ttm"": 5, ""derive:l6_path_second_derivative"": 1, ""derive:l6_path_tag"": 1, ""fmp:news.derived"": 1, ""derive:l6_sens_cashflow"": 1, ""derive:l6_sens_growth_margin"": 1, ""derive:l6_sens_rates"": 1, ""derive:l6_sens_risk_narrative"": 1, ""derive:l7_env_risk_appetite"": 1, ""fmp:beneficial-ownership"": 1, ""futu"": 1, ""derive:l7_mood_fomo"": 1, ""futu:snapshot"": 1, ""derive:l8_industry_demand_supply"": 1, ""derive:l8_industry_price_war"": 1, ""derive:l8_val_priced_in"": 1, ""fmp:insider-trading"": 1, ""fmp:news"": 1, ""fmp:sec-filings"": 1}",company,L2.newbiz.commercialization;L2.newbiz.revenue_contrib;L2.newbiz.tam;L2.newbiz.uncertainty;L2.newbiz.valuation_contrib,L10.val.expansion_compression;L11.long.business_model;L11.long.compete_moat;L11.long.industry_space;L11.long.margin;L11.long.score;L11.mid.eps_upward;L11.mid.margin_guidance;L11.mid.orders_revenue;L11.mid.score;L11.mode;L11.short.event_impact;L11.short.flow_boost;L11.short.score;L11.short.sentiment_shift;L11.short.technical;L11.trade.signal;L5.bs.ar_ap;L5.bs.cash_debt;L5.bs.goodwill_ppe;L5.bs.inventory;L5.bs.leverage;L5.cf.buyback_dividend;L5.cf.capex;L5.cf.fcf;L5.cf.icf_fcf;L5.cf.ocf;L5.fcst.eps_cf;L5.fcst.revenue_margin;L5.fcst.revisions;L5.is.cogs;L5.is.eps;L5.is.gross_margin;L5.is.gross_profit;L5.is.margins;L5.is.net_profit;L5.is.operating_profit;L5.is.revenue;L5.is.revenue_growth;L5.is.sga_rd;L5.surprise.preprice;L5.surprise.sell_side;L6.mult.dcf;L6.mult.ev_ebitda;L6.mult.mcap_fcf;L6.mult.pb;L6.mult.pe;L6.mult.peg;L6.mult.ps;L6.path.second_derivative;L6.path.tag;L6.priced.news_age;L6.sens.cashflow;L6.sens.growth_margin;L6.sens.rates;L6.sens.risk_narrative;L7.env.risk_appetite;L7.holders.institutional;L7.market.l2_quote;L7.mood.fomo;L7.trade.volume_turnover;L8.industry.demand_supply;L8.industry.price_war;L8.val.priced_in;L9.event.insider_trades;L9.event.news_flow;L9.event.recent_filings,
ABBV.US,AbbVie,US,DOMESTIC_CONSUMPTION,59,1,5,51,2,0,67,0,73,250,29.20,"{""derive:l10_val_expansion_compression"": 1, ""derive:bootstrap_l11_subscore"": 11, ""derive:l11_long_score"": 1, ""derive:l11_mid_score"": 1, ""derive:l11_mode"": 1, ""derive:l11_short_score"": 1, ""derive:l11_trade_signal"": 1, ""fmp:balance-sheet"": 4, ""fmp:balance-sheet.derived"": 1, ""fmp:cash-flow"": 5, ""fmp:analyst-estimates"": 2, ""fmp:analyst-estimates.derived"": 2, ""fmp:income-statement"": 9, ""fmp:financial-growth"": 1, ""fmp:earnings.derived"": 1, ""fmp:discounted-cash-flow"": 1, ""fmp:key-metrics-ttm"": 1, ""fmp:ratios-ttm"": 5, ""derive:l6_path_second_derivative"": 1, ""derive:l6_path_tag"": 1, ""fmp:news.derived"": 1, ""derive:l6_sens_cashflow"": 1, ""derive:l6_sens_growth_margin"": 1, ""derive:l6_sens_rates"": 1, ""derive:l6_sens_risk_narrative"": 1, ""derive:l7_env_risk_appetite"": 1, ""fmp:beneficial-ownership"": 1, ""futu"": 1, ""derive:l7_mood_fomo"": 1, ""futu:snapshot"": 1, ""derive:l8_industry_demand_supply"": 1, ""derive:l8_industry_price_war"": 1, ""derive:l8_val_priced_in"": 1, ""fmp:insider-trading"": 1, ""fmp:news"": 1, ""fmp:sec-filings"": 1}",company,L2.newbiz.commercialization;L2.newbiz.revenue_contrib;L2.newbiz.tam;L2.newbiz.uncertainty;L2.newbiz.valuation_contrib,L10.val.expansion_compression;L11.long.business_model;L11.long.compete_moat;L11.long.industry_space;L11.long.margin;L11.long.score;L11.mid.eps_upward;L11.mid.margin_guidance;L11.mid.orders_revenue;L11.mid.score;L11.mode;L11.short.event_impact;L11.short.flow_boost;L11.short.score;L11.short.sentiment_shift;L11.short.technical;L11.trade.signal;L5.bs.ar_ap;L5.bs.cash_debt;L5.bs.goodwill_ppe;L5.bs.inventory;L5.bs.leverage;L5.cf.buyback_dividend;L5.cf.capex;L5.cf.fcf;L5.cf.icf_fcf;L5.cf.ocf;L5.fcst.eps_cf;L5.fcst.revenue_margin;L5.fcst.revisions;L5.is.cogs;L5.is.eps;L5.is.gross_margin;L5.is.gross_profit;L5.is.margins;L5.is.net_profit;L5.is.operating_profit;L5.is.revenue;L5.is.revenue_growth;L5.is.sga_rd;L5.surprise.preprice;L5.surprise.sell_side;L6.mult.dcf;L6.mult.ev_ebitda;L6.mult.mcap_fcf;L6.mult.pb;L6.mult.pe;L6.mult.peg;L6.mult.ps;L6.path.second_derivative;L6.path.tag;L6.priced.news_age;L6.sens.cashflow;L6.sens.growth_margin;L6.sens.rates;L6.sens.risk_narrative;L7.env.risk_appetite;L7.holders.institutional;L7.market.l2_quote;L7.mood.fomo;L7.trade.volume_turnover;L8.industry.demand_supply;L8.industry.price_war;L8.val.priced_in;L9.event.insider_trades;L9.event.news_flow;L9.event.recent_filings,
ABNB.US,Airbnb,US,DOMESTIC_CONSUMPTION,59,1,5,51,2,0,67,0,73,250,29.20,"{""derive:l10_val_expansion_compression"": 1, ""derive:bootstrap_l11_subscore"": 11, ""derive:l11_long_score"": 1, ""derive:l11_mid_score"": 1, ""derive:l11_mode"": 1, ""derive:l11_short_score"": 1, ""derive:l11_trade_signal"": 1, ""fmp:balance-sheet"": 4, ""fmp:balance-sheet.derived"": 1, ""fmp:cash-flow"": 5, ""fmp:analyst-estimates"": 2, ""fmp:analyst-estimates.derived"": 2, ""fmp:income-statement"": 9, ""fmp:financial-growth"": 1, ""fmp:earnings.derived"": 1, ""fmp:discounted-cash-flow"": 1, ""fmp:key-metrics-ttm"": 1, ""fmp:ratios-ttm"": 5, ""derive:l6_path_second_derivative"": 1, ""derive:l6_path_tag"": 1, ""fmp:news.derived"": 1, ""derive:l6_sens_cashflow"": 1, ""derive:l6_sens_growth_margin"": 1, ""derive:l6_sens_rates"": 1, ""derive:l6_sens_risk_narrative"": 1, ""derive:l7_env_risk_appetite"": 1, ""fmp:beneficial-ownership"": 1, ""futu"": 1, ""derive:l7_mood_fomo"": 1, ""futu:snapshot"": 1, ""derive:l8_industry_demand_supply"": 1, ""derive:l8_industry_price_war"": 1, ""derive:l8_val_priced_in"": 1, ""fmp:insider-trading"": 1, ""fmp:news"": 1, ""fmp:sec-filings"": 1}",company,L2.newbiz.commercialization;L2.newbiz.revenue_contrib;L2.newbiz.tam;L2.newbiz.uncertainty;L2.newbiz.valuation_contrib,L10.val.expansion_compression;L11.long.business_model;L11.long.compete_moat;L11.long.industry_space;L11.long.margin;L11.long.score;L11.mid.eps_upward;L11.mid.margin_guidance;L11.mid.orders_revenue;L11.mid.score;L11.mode;L11.short.event_impact;L11.short.flow_boost;L11.short.score;L11.short.sentiment_shift;L11.short.technical;L11.trade.signal;L5.bs.ar_ap;L5.bs.cash_debt;L5.bs.goodwill_ppe;L5.bs.inventory;L5.bs.leverage;L5.cf.buyback_dividend;L5.cf.capex;L5.cf.fcf;L5.cf.icf_fcf;L5.cf.ocf;L5.fcst.eps_cf;L5.fcst.revenue_margin;L5.fcst.revisions;L5.is.cogs;L5.is.eps;L5.is.gross_margin;L5.is.gross_profit;L5.is.margins;L5.is.net_profit;L5.is.operating_profit;L5.is.revenue;L5.is.revenue_growth;L5.is.sga_rd;L5.surprise.preprice;L5.surprise.sell_side;L6.mult.dcf;L6.mult.ev_ebitda;L6.mult.mcap_fcf;L6.mult.pb;L6.mult.pe;L6.mult.peg;L6.mult.ps;L6.path.second_derivative;L6.path.tag;L6.priced.news_age;L6.sens.cashflow;L6.sens.growth_margin;L6.sens.rates;L6.sens.risk_narrative;L7.env.risk_appetite;L7.holders.institutional;L7.market.l2_quote;L7.mood.fomo;L7.trade.volume_turnover;L8.industry.demand_supply;L8.industry.price_war;L8.val.priced_in;L9.event.insider_trades;L9.event.news_flow;L9.event.recent_filings,
AEM.US,Agnico Eagle,US,NONFERROUS_METALS,59,1,5,51,2,0,67,0,73,250,29.20,"{""derive:l10_val_expansion_compression"": 1, ""derive:bootstrap_l11_subscore"": 11, ""derive:l11_long_score"": 1, ""derive:l11_mid_score"": 1, ""derive:l11_mode"": 1, ""derive:l11_short_score"": 1, ""derive:l11_trade_signal"": 1, ""fmp:balance-sheet"": 4, ""fmp:balance-sheet.derived"": 1, ""fmp:cash-flow"": 5, ""fmp:analyst-estimates"": 2, ""fmp:analyst-estimates.derived"": 2, ""fmp:income-statement"": 9, ""fmp:financial-growth"": 1, ""fmp:earnings.derived"": 1, ""fmp:discounted-cash-flow"": 1, ""fmp:key-metrics-ttm"": 1, ""fmp:ratios-ttm"": 5, ""derive:l6_path_second_derivative"": 1, ""derive:l6_path_tag"": 1, ""fmp:news.derived"": 1, ""derive:l6_sens_cashflow"": 1, ""derive:l6_sens_growth_margin"": 1, ""derive:l6_sens_rates"": 1, ""derive:l6_sens_risk_narrative"": 1, ""derive:l7_env_risk_appetite"": 1, ""fmp:beneficial-ownership"": 1, ""futu"": 1, ""derive:l7_mood_fomo"": 1, ""futu:snapshot"": 1, ""derive:l8_industry_demand_supply"": 1, ""derive:l8_industry_price_war"": 1, ""derive:l8_val_priced_in"": 1, ""fmp:insider-trading"": 1, ""fmp:news"": 1, ""fmp:sec-filings"": 1}",company,L2.newbiz.commercialization;L2.newbiz.revenue_contrib;L2.newbiz.tam;L2.newbiz.uncertainty;L2.newbiz.valuation_contrib,L10.val.expansion_compression;L11.long.business_model;L11.long.compete_moat;L11.long.industry_space;L11.long.margin;L11.long.score;L11.mid.eps_upward;L11.mid.margin_guidance;L11.mid.orders_revenue;L11.mid.score;L11.mode;L11.short.event_impact;L11.short.flow_boost;L11.short.score;L11.short.sentiment_shift;L11.short.technical;L11.trade.signal;L5.bs.ar_ap;L5.bs.cash_debt;L5.bs.goodwill_ppe;L5.bs.inventory;L5.bs.leverage;L5.cf.buyback_dividend;L5.cf.capex;L5.cf.fcf;L5.cf.icf_fcf;L5.cf.ocf;L5.fcst.eps_cf;L5.fcst.revenue_margin;L5.fcst.revisions;L5.is.cogs;L5.is.eps;L5.is.gross_margin;L5.is.gross_profit;L5.is.margins;L5.is.net_profit;L5.is.operating_profit;L5.is.revenue;L5.is.revenue_growth;L5.is.sga_rd;L5.surprise.preprice;L5.surprise.sell_side;L6.mult.dcf;L6.mult.ev_ebitda;L6.mult.mcap_fcf;L6.mult.pb;L6.mult.pe;L6.mult.peg;L6.mult.ps;L6.path.second_derivative;L6.path.tag;L6.priced.news_age;L6.sens.cashflow;L6.sens.growth_margin;L6.sens.rates;L6.sens.risk_narrative;L7.env.risk_appetite;L7.holders.institutional;L7.market.l2_quote;L7.mood.fomo;L7.trade.volume_turnover;L8.industry.demand_supply;L8.industry.price_war;L8.val.priced_in;L9.event.insider_trades;L9.event.news_flow;L9.event.recent_filings,
ALB.US,Albemarle,US,NONFERROUS_METALS,59,1,5,51,2,0,67,0,73,250,29.20,"{""derive:l10_val_expansion_compression"": 1, ""derive:bootstrap_l11_subscore"": 11, ""derive:l11_long_score"": 1, ""derive:l11_mid_score"": 1, ""derive:l11_mode"": 1, ""derive:l11_short_score"": 1, ""derive:l11_trade_signal"": 1, ""fmp:balance-sheet"": 4, ""fmp:balance-sheet.derived"": 1, ""fmp:cash-flow"": 5, ""fmp:analyst-estimates"": 2, ""fmp:analyst-estimates.derived"": 2, ""fmp:income-statement"": 9, ""fmp:financial-growth"": 1, ""fmp:earnings.derived"": 1, ""fmp:discounted-cash-flow"": 1, ""fmp:key-metrics-ttm"": 1, ""fmp:ratios-ttm"": 5, ""derive:l6_path_second_derivative"": 1, ""derive:l6_path_tag"": 1, ""fmp:news.derived"": 1, ""derive:l6_sens_cashflow"": 1, ""derive:l6_sens_growth_margin"": 1, ""derive:l6_sens_rates"": 1, ""derive:l6_sens_risk_narrative"": 1, ""derive:l7_env_risk_appetite"": 1, ""fmp:beneficial-ownership"": 1, ""futu"": 1, ""derive:l7_mood_fomo"": 1, ""futu:snapshot"": 1, ""derive:l8_industry_demand_supply"": 1, ""derive:l8_industry_price_war"": 1, ""derive:l8_val_priced_in"": 1, ""fmp:insider-trading"": 1, ""fmp:news"": 1, ""fmp:sec-filings"": 1}",company,L2.newbiz.commercialization;L2.newbiz.revenue_contrib;L2.newbiz.tam;L2.newbiz.uncertainty;L2.newbiz.valuation_contrib,L10.val.expansion_compression;L11.long.business_model;L11.long.compete_moat;L11.long.industry_space;L11.long.margin;L11.long.score;L11.mid.eps_upward;L11.mid.margin_guidance;L11.mid.orders_revenue;L11.mid.score;L11.mode;L11.short.event_impact;L11.short.flow_boost;L11.short.score;L11.short.sentiment_shift;L11.short.technical;L11.trade.signal;L5.bs.ar_ap;L5.bs.cash_debt;L5.bs.goodwill_ppe;L5.bs.inventory;L5.bs.leverage;L5.cf.buyback_dividend;L5.cf.capex;L5.cf.fcf;L5.cf.icf_fcf;L5.cf.ocf;L5.fcst.eps_cf;L5.fcst.revenue_margin;L5.fcst.revisions;L5.is.cogs;L5.is.eps;L5.is.gross_margin;L5.is.gross_profit;L5.is.margins;L5.is.net_profit;L5.is.operating_profit;L5.is.revenue;L5.is.revenue_growth;L5.is.sga_rd;L5.surprise.preprice;L5.surprise.sell_side;L6.mult.dcf;L6.mult.ev_ebitda;L6.mult.mcap_fcf;L6.mult.pb;L6.mult.pe;L6.mult.peg;L6.mult.ps;L6.path.second_derivative;L6.path.tag;L6.priced.news_age;L6.sens.cashflow;L6.sens.growth_margin;L6.sens.rates;L6.sens.risk_narrative;L7.env.risk_appetite;L7.holders.institutional;L7.market.l2_quote;L7.mood.fomo;L7.trade.volume_turnover;L8.industry.demand_supply;L8.industry.price_war;L8.val.priced_in;L9.event.insider_trades;L9.event.news_flow;L9.event.recent_filings,
AMAT.US,Applied Materials,US,SEMI_EQUIPMENT,59,1,5,51,2,0,68,0,74,250,29.60,"{""derive:l10_val_expansion_compression"": 1, ""derive:bootstrap_l11_subscore"": 11, ""derive:l11_long_score"": 1, ""derive:l11_mid_score"": 1, ""derive:l11_mode"": 1, ""derive:l11_short_score"": 1, ""derive:l11_trade_signal"": 1, ""fmp:balance-sheet"": 4, ""fmp:balance-sheet.derived"": 1, ""fmp:cash-flow"": 5, ""fmp:analyst-estimates"": 2, ""fmp:analyst-estimates.derived"": 2, ""fmp:income-statement"": 9, ""fmp:financial-growth"": 1, ""fmp:earnings.derived"": 1, ""fmp:discounted-cash-flow"": 1, ""fmp:key-metrics-ttm"": 1, ""fmp:ratios-ttm"": 5, ""derive:l6_path_second_derivative"": 1, ""derive:l6_path_tag"": 1, ""fmp:news.derived"": 1, ""derive:l6_sens_cashflow"": 1, ""derive:l6_sens_growth_margin"": 1, ""derive:l6_sens_rates"": 1, ""derive:l6_sens_risk_narrative"": 1, ""derive:l7_env_risk_appetite"": 1, ""futu:capital_flow"": 1, ""fmp:beneficial-ownership"": 1, ""futu"": 1, ""derive:l7_mood_fomo"": 1, ""futu:snapshot"": 1, ""derive:l8_industry_demand_supply"": 1, ""derive:l8_industry_price_war"": 1, ""derive:l8_val_priced_in"": 1, ""fmp:insider-trading"": 1, ""fmp:news"": 1, ""fmp:sec-filings"": 1}",company,L2.newbiz.commercialization;L2.newbiz.revenue_contrib;L2.newbiz.tam;L2.newbiz.uncertainty;L2.newbiz.valuation_contrib,L10.val.expansion_compression;L11.long.business_model;L11.long.compete_moat;L11.long.industry_space;L11.long.margin;L11.long.score;L11.mid.eps_upward;L11.mid.margin_guidance;L11.mid.orders_revenue;L11.mid.score;L11.mode;L11.short.event_impact;L11.short.flow_boost;L11.short.score;L11.short.sentiment_shift;L11.short.technical;L11.trade.signal;L5.bs.ar_ap;L5.bs.cash_debt;L5.bs.goodwill_ppe;L5.bs.inventory;L5.bs.leverage;L5.cf.buyback_dividend;L5.cf.capex;L5.cf.fcf;L5.cf.icf_fcf;L5.cf.ocf;L5.fcst.eps_cf;L5.fcst.revenue_margin;L5.fcst.revisions;L5.is.cogs;L5.is.eps;L5.is.gross_margin;L5.is.gross_profit;L5.is.margins;L5.is.net_profit;L5.is.operating_profit;L5.is.revenue;L5.is.revenue_growth;L5.is.sga_rd;L5.surprise.preprice;L5.surprise.sell_side;L6.mult.dcf;L6.mult.ev_ebitda;L6.mult.mcap_fcf;L6.mult.pb;L6.mult.pe;L6.mult.peg;L6.mult.ps;L6.path.second_derivative;L6.path.tag;L6.priced.news_age;L6.sens.cashflow;L6.sens.growth_margin;L6.sens.rates;L6.sens.risk_narrative;L7.env.risk_appetite;L7.flow.active_inflow;L7.holders.institutional;L7.market.l2_quote;L7.mood.fomo;L7.trade.volume_turnover;L8.industry.demand_supply;L8.industry.price_war;L8.val.priced_in;L9.event.insider_trades;L9.event.news_flow;L9.event.recent_filings,
AMD.US,AMD,US,AI_COMPUTE|CONSUMER_ELECTRONICS,59,1,5,51,2,0,68,0,74,250,29.60,"{""derive:l10_val_expansion_compression"": 1, ""derive:bootstrap_l11_subscore"": 11, ""derive:l11_long_score"": 1, ""derive:l11_mid_score"": 1, ""derive:l11_mode"": 1, ""derive:l11_short_score"": 1, ""derive:l11_trade_signal"": 1, ""fmp:balance-sheet"": 4, ""fmp:balance-sheet.derived"": 1, ""fmp:cash-flow"": 5, ""fmp:analyst-estimates"": 2, ""fmp:analyst-estimates.derived"": 2, ""fmp:income-statement"": 9, ""fmp:financial-growth"": 1, ""fmp:earnings.derived"": 1, ""fmp:discounted-cash-flow"": 1, ""fmp:key-metrics-ttm"": 1, ""fmp:ratios-ttm"": 5, ""derive:l6_path_second_derivative"": 1, ""derive:l6_path_tag"": 1, ""fmp:news.derived"": 1, ""derive:l6_sens_cashflow"": 1, ""derive:l6_sens_growth_margin"": 1, ""derive:l6_sens_rates"": 1, ""derive:l6_sens_risk_narrative"": 1, ""derive:l7_env_risk_appetite"": 1, ""futu:capital_flow"": 1, ""fmp:beneficial-ownership"": 1, ""futu"": 1, ""derive:l7_mood_fomo"": 1, ""futu:snapshot"": 1, ""derive:l8_industry_demand_supply"": 1, ""derive:l8_industry_price_war"": 1, ""derive:l8_val_priced_in"": 1, ""fmp:insider-trading"": 1, ""fmp:news"": 1, ""fmp:sec-filings"": 1}",company,L2.newbiz.commercialization;L2.newbiz.revenue_contrib;L2.newbiz.tam;L2.newbiz.uncertainty;L2.newbiz.valuation_contrib,L10.val.expansion_compression;L11.long.business_model;L11.long.compete_moat;L11.long.industry_space;L11.long.margin;L11.long.score;L11.mid.eps_upward;L11.mid.margin_guidance;L11.mid.orders_revenue;L11.mid.score;L11.mode;L11.short.event_impact;L11.short.flow_boost;L11.short.score;L11.short.sentiment_shift;L11.short.technical;L11.trade.signal;L5.bs.ar_ap;L5.bs.cash_debt;L5.bs.goodwill_ppe;L5.bs.inventory;L5.bs.leverage;L5.cf.buyback_dividend;L5.cf.capex;L5.cf.fcf;L5.cf.icf_fcf;L5.cf.ocf;L5.fcst.eps_cf;L5.fcst.revenue_margin;L5.fcst.revisions;L5.is.cogs;L5.is.eps;L5.is.gross_margin;L5.is.gross_profit;L5.is.margins;L5.is.net_profit;L5.is.operating_profit;L5.is.revenue;L5.is.revenue_growth;L5.is.sga_rd;L5.surprise.preprice;L5.surprise.sell_side;L6.mult.dcf;L6.mult.ev_ebitda;L6.mult.mcap_fcf;L6.mult.pb;L6.mult.pe;L6.mult.peg;L6.mult.ps;L6.path.second_derivative;L6.path.tag;L6.priced.news_age;L6.sens.cashflow;L6.sens.growth_margin;L6.sens.rates;L6.sens.risk_narrative;L7.env.risk_appetite;L7.flow.active_inflow;L7.holders.institutional;L7.market.l2_quote;L7.mood.fomo;L7.trade.volume_turnover;L8.industry.demand_supply;L8.industry.price_war;L8.val.priced_in;L9.event.insider_trades;L9.event.news_flow;L9.event.recent_filings,
AMGN.US,Amgen,US,INNOVATIVE_PHARMA,59,1,5,51,2,0,67,0,73,250,29.20,"{""derive:l10_val_expansion_compression"": 1, ""derive:bootstrap_l11_subscore"": 11, ""derive:l11_long_score"": 1, ""derive:l11_mid_score"": 1, ""derive:l11_mode"": 1, ""derive:l11_short_score"": 1, ""derive:l11_trade_signal"": 1, ""fmp:balance-sheet"": 4, ""fmp:balance-sheet.derived"": 1, ""fmp:cash-flow"": 5, ""fmp:analyst-estimates"": 2, ""fmp:analyst-estimates.derived"": 2, ""fmp:income-statement"": 9, ""fmp:financial-growth"": 1, ""fmp:earnings.derived"": 1, ""fmp:discounted-cash-flow"": 1, ""fmp:key-metrics-ttm"": 1, ""fmp:ratios-ttm"": 5, ""derive:l6_path_second_derivative"": 1, ""derive:l6_path_tag"": 1, ""fmp:news.derived"": 1, ""derive:l6_sens_cashflow"": 1, ""derive:l6_sens_growth_margin"": 1, ""derive:l6_sens_rates"": 1, ""derive:l6_sens_risk_narrative"": 1, ""derive:l7_env_risk_appetite"": 1, ""fmp:beneficial-ownership"": 1, ""futu"": 1, ""derive:l7_mood_fomo"": 1, ""futu:snapshot"": 1, ""derive:l8_industry_demand_supply"": 1, ""derive:l8_industry_price_war"": 1, ""derive:l8_val_priced_in"": 1, ""fmp:insider-trading"": 1, ""fmp:news"": 1, ""fmp:sec-filings"": 1}",company,L2.newbiz.commercialization;L2.newbiz.revenue_contrib;L2.newbiz.tam;L2.newbiz.uncertainty;L2.newbiz.valuation_contrib,L10.val.expansion_compression;L11.long.business_model;L11.long.compete_moat;L11.long.industry_space;L11.long.margin;L11.long.score;L11.mid.eps_upward;L11.mid.margin_guidance;L11.mid.orders_revenue;L11.mid.score;L11.mode;L11.short.event_impact;L11.short.flow_boost;L11.short.score;L11.short.sentiment_shift;L11.short.technical;L11.trade.signal;L5.bs.ar_ap;L5.bs.cash_debt;L5.bs.goodwill_ppe;L5.bs.inventory;L5.bs.leverage;L5.cf.buyback_dividend;L5.cf.capex;L5.cf.fcf;L5.cf.icf_fcf;L5.cf.ocf;L5.fcst.eps_cf;L5.fcst.revenue_margin;L5.fcst.revisions;L5.is.cogs;L5.is.eps;L5.is.gross_margin;L5.is.gross_profit;L5.is.margins;L5.is.net_profit;L5.is.operating_profit;L5.is.revenue;L5.is.revenue_growth;L5.is.sga_rd;L5.surprise.preprice;L5.surprise.sell_side;L6.mult.dcf;L6.mult.ev_ebitda;L6.mult.mcap_fcf;L6.mult.pb;L6.mult.pe;L6.mult.peg;L6.mult.ps;L6.path.second_derivative;L6.path.tag;L6.priced.news_age;L6.sens.cashflow;L6.sens.growth_margin;L6.sens.rates;L6.sens.risk_narrative;L7.env.risk_appetite;L7.holders.institutional;L7.market.l2_quote;L7.mood.fomo;L7.trade.volume_turnover;L8.industry.demand_supply;L8.industry.price_war;L8.val.priced_in;L9.event.insider_trades;L9.event.news_flow;L9.event.recent_filings,
AMKR.US,Amkor,US,SEMI_EQUIPMENT,59,1,5,51,2,0,68,0,74,250,29.60,"{""derive:l10_val_expansion_compression"": 1, ""derive:bootstrap_l11_subscore"": 11, ""derive:l11_long_score"": 1, ""derive:l11_mid_score"": 1, ""derive:l11_mode"": 1, ""derive:l11_short_score"": 1, ""derive:l11_trade_signal"": 1, ""fmp:balance-sheet"": 4, ""fmp:balance-sheet.derived"": 1, ""fmp:cash-flow"": 5, ""fmp:analyst-estimates"": 2, ""fmp:analyst-estimates.derived"": 2, ""fmp:income-statement"": 9, ""fmp:financial-growth"": 1, ""fmp:earnings.derived"": 1, ""fmp:discounted-cash-flow"": 1, ""fmp:key-metrics-ttm"": 1, ""fmp:ratios-ttm"": 5, ""derive:l6_path_second_derivative"": 1, ""derive:l6_path_tag"": 1, ""fmp:news.derived"": 1, ""derive:l6_sens_cashflow"": 1, ""derive:l6_sens_growth_margin"": 1, ""derive:l6_sens_rates"": 1, ""derive:l6_sens_risk_narrative"": 1, ""derive:l7_env_risk_appetite"": 1, ""futu:capital_flow"": 1, ""fmp:beneficial-ownership"": 1, ""futu"": 1, ""derive:l7_mood_fomo"": 1, ""futu:snapshot"": 1, ""derive:l8_industry_demand_supply"": 1, ""derive:l8_industry_price_war"": 1, ""derive:l8_val_priced_in"": 1, ""fmp:insider-trading"": 1, ""fmp:news"": 1, ""fmp:sec-filings"": 1}",company,L2.newbiz.commercialization;L2.newbiz.revenue_contrib;L2.newbiz.tam;L2.newbiz.uncertainty;L2.newbiz.valuation_contrib,L10.val.expansion_compression;L11.long.business_model;L11.long.compete_moat;L11.long.industry_space;L11.long.margin;L11.long.score;L11.mid.eps_upward;L11.mid.margin_guidance;L11.mid.orders_revenue;L11.mid.score;L11.mode;L11.short.event_impact;L11.short.flow_boost;L11.short.score;L11.short.sentiment_shift;L11.short.technical;L11.trade.signal;L5.bs.ar_ap;L5.bs.cash_debt;L5.bs.goodwill_ppe;L5.bs.inventory;L5.bs.leverage;L5.cf.buyback_dividend;L5.cf.capex;L5.cf.fcf;L5.cf.icf_fcf;L5.cf.ocf;L5.fcst.eps_cf;L5.fcst.revenue_margin;L5.fcst.revisions;L5.is.cogs;L5.is.eps;L5.is.gross_margin;L5.is.gross_profit;L5.is.margins;L5.is.net_profit;L5.is.operating_profit;L5.is.revenue;L5.is.revenue_growth;L5.is.sga_rd;L5.surprise.preprice;L5.surprise.sell_side;L6.mult.dcf;L6.mult.ev_ebitda;L6.mult.mcap_fcf;L6.mult.pb;L6.mult.pe;L6.mult.peg;L6.mult.ps;L6.path.second_derivative;L6.path.tag;L6.priced.news_age;L6.sens.cashflow;L6.sens.growth_margin;L6.sens.rates;L6.sens.risk_narrative;L7.env.risk_appetite;L7.flow.active_inflow;L7.holders.institutional;L7.market.l2_quote;L7.mood.fomo;L7.trade.volume_turnover;L8.industry.demand_supply;L8.industry.price_war;L8.val.priced_in;L9.event.insider_trades;L9.event.news_flow;L9.event.recent_filings,
AMZN.US,Amazon (AWS),US,AI_COMPUTE,59,1,5,51,2,0,68,0,74,250,29.60,"{""derive:l10_val_expansion_compression"": 1, ""derive:bootstrap_l11_subscore"": 11, ""derive:l11_long_score"": 1, ""derive:l11_mid_score"": 1, ""derive:l11_mode"": 1, ""derive:l11_short_score"": 1, ""derive:l11_trade_signal"": 1, ""fmp:balance-sheet"": 4, ""fmp:balance-sheet.derived"": 1, ""fmp:cash-flow"": 5, ""fmp:analyst-estimates"": 2, ""fmp:analyst-estimates.derived"": 2, ""fmp:income-statement"": 9, ""fmp:financial-growth"": 1, ""fmp:earnings.derived"": 1, ""fmp:discounted-cash-flow"": 1, ""fmp:key-metrics-ttm"": 1, ""fmp:ratios-ttm"": 5, ""derive:l6_path_second_derivative"": 1, ""derive:l6_path_tag"": 1, ""fmp:news.derived"": 1, ""derive:l6_sens_cashflow"": 1, ""derive:l6_sens_growth_margin"": 1, ""derive:l6_sens_rates"": 1, ""derive:l6_sens_risk_narrative"": 1, ""derive:l7_env_risk_appetite"": 1, ""futu:capital_flow"": 1, ""fmp:beneficial-ownership"": 1, ""futu"": 1, ""derive:l7_mood_fomo"": 1, ""futu:snapshot"": 1, ""derive:l8_industry_demand_supply"": 1, ""derive:l8_industry_price_war"": 1, ""derive:l8_val_priced_in"": 1, ""fmp:insider-trading"": 1, ""fmp:news"": 1, ""fmp:sec-filings"": 1}",company,L2.newbiz.commercialization;L2.newbiz.revenue_contrib;L2.newbiz.tam;L2.newbiz.uncertainty;L2.newbiz.valuation_contrib,L10.val.expansion_compression;L11.long.business_model;L11.long.compete_moat;L11.long.industry_space;L11.long.margin;L11.long.score;L11.mid.eps_upward;L11.mid.margin_guidance;L11.mid.orders_revenue;L11.mid.score;L11.mode;L11.short.event_impact;L11.short.flow_boost;L11.short.score;L11.short.sentiment_shift;L11.short.technical;L11.trade.signal;L5.bs.ar_ap;L5.bs.cash_debt;L5.bs.goodwill_ppe;L5.bs.inventory;L5.bs.leverage;L5.cf.buyback_dividend;L5.cf.capex;L5.cf.fcf;L5.cf.icf_fcf;L5.cf.ocf;L5.fcst.eps_cf;L5.fcst.revenue_margin;L5.fcst.revisions;L5.is.cogs;L5.is.eps;L5.is.gross_margin;L5.is.gross_profit;L5.is.margins;L5.is.net_profit;L5.is.operating_profit;L5.is.revenue;L5.is.revenue_growth;L5.is.sga_rd;L5.surprise.preprice;L5.surprise.sell_side;L6.mult.dcf;L6.mult.ev_ebitda;L6.mult.mcap_fcf;L6.mult.pb;L6.mult.pe;L6.mult.peg;L6.mult.ps;L6.path.second_derivative;L6.path.tag;L6.priced.news_age;L6.sens.cashflow;L6.sens.growth_margin;L6.sens.rates;L6.sens.risk_narrative;L7.env.risk_appetite;L7.flow.active_inflow;L7.holders.institutional;L7.market.l2_quote;L7.mood.fomo;L7.trade.volume_turnover;L8.industry.demand_supply;L8.industry.price_war;L8.val.priced_in;L9.event.insider_trades;L9.event.news_flow;L9.event.recent_filings,
ANET.US,Arista Networks,US,AI_COMPUTE,59,1,5,51,2,0,68,0,74,250,29.60,"{""derive:l10_val_expansion_compression"": 1, ""derive:bootstrap_l11_subscore"": 11, ""derive:l11_long_score"": 1, ""derive:l11_mid_score"": 1, ""derive:l11_mode"": 1, ""derive:l11_short_score"": 1, ""derive:l11_trade_signal"": 1, ""fmp:balance-sheet"": 4, ""fmp:balance-sheet.derived"": 1, ""fmp:cash-flow"": 5, ""fmp:analyst-estimates"": 2, ""fmp:analyst-estimates.derived"": 2, ""fmp:income-statement"": 9, ""fmp:financial-growth"": 1, ""fmp:earnings.derived"": 1, ""fmp:discounted-cash-flow"": 1, ""fmp:key-metrics-ttm"": 1, ""fmp:ratios-ttm"": 5, ""derive:l6_path_second_derivative"": 1, ""derive:l6_path_tag"": 1, ""fmp:news.derived"": 1, ""derive:l6_sens_cashflow"": 1, ""derive:l6_sens_growth_margin"": 1, ""derive:l6_sens_rates"": 1, ""derive:l6_sens_risk_narrative"": 1, ""derive:l7_env_risk_appetite"": 1, ""futu:capital_flow"": 1, ""fmp:beneficial-ownership"": 1, ""futu"": 1, ""derive:l7_mood_fomo"": 1, ""futu:snapshot"": 1, ""derive:l8_industry_demand_supply"": 1, ""derive:l8_industry_price_war"": 1, ""derive:l8_val_priced_in"": 1, ""fmp:insider-trading"": 1, ""fmp:news"": 1, ""fmp:sec-filings"": 1}",company,L2.newbiz.commercialization;L2.newbiz.revenue_contrib;L2.newbiz.tam;L2.newbiz.uncertainty;L2.newbiz.valuation_contrib,L10.val.expansion_compression;L11.long.business_model;L11.long.compete_moat;L11.long.industry_space;L11.long.margin;L11.long.score;L11.mid.eps_upward;L11.mid.margin_guidance;L11.mid.orders_revenue;L11.mid.score;L11.mode;L11.short.event_impact;L11.short.flow_boost;L11.short.score;L11.short.sentiment_shift;L11.short.technical;L11.trade.signal;L5.bs.ar_ap;L5.bs.cash_debt;L5.bs.goodwill_ppe;L5.bs.inventory;L5.bs.leverage;L5.cf.buyback_dividend;L5.cf.capex;L5.cf.fcf;L5.cf.icf_fcf;L5.cf.ocf;L5.fcst.eps_cf;L5.fcst.revenue_margin;L5.fcst.revisions;L5.is.cogs;L5.is.eps;L5.is.gross_margin;L5.is.gross_profit;L5.is.margins;L5.is.net_profit;L5.is.operating_profit;L5.is.revenue;L5.is.revenue_growth;L5.is.sga_rd;L5.surprise.preprice;L5.surprise.sell_side;L6.mult.dcf;L6.mult.ev_ebitda;L6.mult.mcap_fcf;L6.mult.pb;L6.mult.pe;L6.mult.peg;L6.mult.ps;L6.path.second_derivative;L6.path.tag;L6.priced.news_age;L6.sens.cashflow;L6.sens.growth_margin;L6.sens.rates;L6.sens.risk_narrative;L7.env.risk_appetite;L7.flow.active_inflow;L7.holders.institutional;L7.market.l2_quote;L7.mood.fomo;L7.trade.volume_turnover;L8.industry.demand_supply;L8.industry.price_war;L8.val.priced_in;L9.event.insider_trades;L9.event.news_flow;L9.event.recent_filings,
APTV.US,Aptiv,US,EXPORT_MFG,59,1,5,51,2,0,67,0,73,250,29.20,"{""derive:l10_val_expansion_compression"": 1, ""derive:bootstrap_l11_subscore"": 11, ""derive:l11_long_score"": 1, ""derive:l11_mid_score"": 1, ""derive:l11_mode"": 1, ""derive:l11_short_score"": 1, ""derive:l11_trade_signal"": 1, ""fmp:balance-sheet"": 4, ""fmp:balance-sheet.derived"": 1, ""fmp:cash-flow"": 5, ""fmp:analyst-estimates"": 2, ""fmp:analyst-estimates.derived"": 2, ""fmp:income-statement"": 9, ""fmp:financial-growth"": 1, ""fmp:earnings.derived"": 1, ""fmp:discounted-cash-flow"": 1, ""fmp:key-metrics-ttm"": 1, ""fmp:ratios-ttm"": 5, ""derive:l6_path_second_derivative"": 1, ""derive:l6_path_tag"": 1, ""fmp:news.derived"": 1, ""derive:l6_sens_cashflow"": 1, ""derive:l6_sens_growth_margin"": 1, ""derive:l6_sens_rates"": 1, ""derive:l6_sens_risk_narrative"": 1, ""derive:l7_env_risk_appetite"": 1, ""fmp:beneficial-ownership"": 1, ""futu"": 1, ""derive:l7_mood_fomo"": 1, ""futu:snapshot"": 1, ""derive:l8_industry_demand_supply"": 1, ""derive:l8_industry_price_war"": 1, ""derive:l8_val_priced_in"": 1, ""fmp:insider-trading"": 1, ""fmp:news"": 1, ""fmp:sec-filings"": 1}",company,L2.newbiz.commercialization;L2.newbiz.revenue_contrib;L2.newbiz.tam;L2.newbiz.uncertainty;L2.newbiz.valuation_contrib,L10.val.expansion_compression;L11.long.business_model;L11.long.compete_moat;L11.long.industry_space;L11.long.margin;L11.long.score;L11.mid.eps_upward;L11.mid.margin_guidance;L11.mid.orders_revenue;L11.mid.score;L11.mode;L11.short.event_impact;L11.short.flow_boost;L11.short.score;L11.short.sentiment_shift;L11.short.technical;L11.trade.signal;L5.bs.ar_ap;L5.bs.cash_debt;L5.bs.goodwill_ppe;L5.bs.inventory;L5.bs.leverage;L5.cf.buyback_dividend;L5.cf.capex;L5.cf.fcf;L5.cf.icf_fcf;L5.cf.ocf;L5.fcst.eps_cf;L5.fcst.revenue_margin;L5.fcst.revisions;L5.is.cogs;L5.is.eps;L5.is.gross_margin;L5.is.gross_profit;L5.is.margins;L5.is.net_profit;L5.is.operating_profit;L5.is.revenue;L5.is.revenue_growth;L5.is.sga_rd;L5.surprise.preprice;L5.surprise.sell_side;L6.mult.dcf;L6.mult.ev_ebitda;L6.mult.mcap_fcf;L6.mult.pb;L6.mult.pe;L6.mult.peg;L6.mult.ps;L6.path.second_derivative;L6.path.tag;L6.priced.news_age;L6.sens.cashflow;L6.sens.growth_margin;L6.sens.rates;L6.sens.risk_narrative;L7.env.risk_appetite;L7.holders.institutional;L7.market.l2_quote;L7.mood.fomo;L7.trade.volume_turnover;L8.industry.demand_supply;L8.industry.price_war;L8.val.priced_in;L9.event.insider_trades;L9.event.news_flow;L9.event.recent_filings,
ARM.US,Arm,US,CONSUMER_ELECTRONICS,59,1,5,51,2,0,67,0,73,250,29.20,"{""derive:l10_val_expansion_compression"": 1, ""derive:bootstrap_l11_subscore"": 11, ""derive:l11_long_score"": 1, ""derive:l11_mid_score"": 1, ""derive:l11_mode"": 1, ""derive:l11_short_score"": 1, ""derive:l11_trade_signal"": 1, ""fmp:balance-sheet"": 4, ""fmp:balance-sheet.derived"": 1, ""fmp:cash-flow"": 5, ""fmp:analyst-estimates"": 2, ""fmp:analyst-estimates.derived"": 2, ""fmp:income-statement"": 9, ""fmp:financial-growth"": 1, ""fmp:earnings.derived"": 1, ""fmp:discounted-cash-flow"": 1, ""fmp:key-metrics-ttm"": 1, ""fmp:ratios-ttm"": 5, ""derive:l6_path_second_derivative"": 1, ""derive:l6_path_tag"": 1, ""fmp:news.derived"": 1, ""derive:l6_sens_cashflow"": 1, ""derive:l6_sens_growth_margin"": 1, ""derive:l6_sens_rates"": 1, ""derive:l6_sens_risk_narrative"": 1, ""derive:l7_env_risk_appetite"": 1, ""fmp:beneficial-ownership"": 1, ""futu"": 1, ""derive:l7_mood_fomo"": 1, ""futu:snapshot"": 1, ""derive:l8_industry_demand_supply"": 1, ""derive:l8_industry_price_war"": 1, ""derive:l8_val_priced_in"": 1, ""fmp:insider-trading"": 1, ""fmp:news"": 1, ""fmp:sec-filings"": 1}",company,L2.newbiz.commercialization;L2.newbiz.revenue_contrib;L2.newbiz.tam;L2.newbiz.uncertainty;L2.newbiz.valuation_contrib,L10.val.expansion_compression;L11.long.business_model;L11.long.compete_moat;L11.long.industry_space;L11.long.margin;L11.long.score;L11.mid.eps_upward;L11.mid.margin_guidance;L11.mid.orders_revenue;L11.mid.score;L11.mode;L11.short.event_impact;L11.short.flow_boost;L11.short.score;L11.short.sentiment_shift;L11.short.technical;L11.trade.signal;L5.bs.ar_ap;L5.bs.cash_debt;L5.bs.goodwill_ppe;L5.bs.inventory;L5.bs.leverage;L5.cf.buyback_dividend;L5.cf.capex;L5.cf.fcf;L5.cf.icf_fcf;L5.cf.ocf;L5.fcst.eps_cf;L5.fcst.revenue_margin;L5.fcst.revisions;L5.is.cogs;L5.is.eps;L5.is.gross_margin;L5.is.gross_profit;L5.is.margins;L5.is.net_profit;L5.is.operating_profit;L5.is.revenue;L5.is.revenue_growth;L5.is.sga_rd;L5.surprise.preprice;L5.surprise.sell_side;L6.mult.dcf;L6.mult.ev_ebitda;L6.mult.mcap_fcf;L6.mult.pb;L6.mult.pe;L6.mult.peg;L6.mult.ps;L6.path.second_derivative;L6.path.tag;L6.priced.news_age;L6.sens.cashflow;L6.sens.growth_margin;L6.sens.rates;L6.sens.risk_narrative;L7.env.risk_appetite;L7.holders.institutional;L7.market.l2_quote;L7.mood.fomo;L7.trade.volume_turnover;L8.industry.demand_supply;L8.industry.price_war;L8.val.priced_in;L9.event.insider_trades;L9.event.news_flow;L9.event.recent_filings,
ASML.US,ASML,US,SEMI_EQUIPMENT,59,1,5,51,2,0,68,0,74,250,29.60,"{""derive:l10_val_expansion_compression"": 1, ""derive:bootstrap_l11_subscore"": 11, ""derive:l11_long_score"": 1, ""derive:l11_mid_score"": 1, ""derive:l11_mode"": 1, ""derive:l11_short_score"": 1, ""derive:l11_trade_signal"": 1, ""fmp:balance-sheet"": 4, ""fmp:balance-sheet.derived"": 1, ""fmp:cash-flow"": 5, ""fmp:analyst-estimates"": 2, ""fmp:analyst-estimates.derived"": 2, ""fmp:income-statement"": 9, ""fmp:financial-growth"": 1, ""fmp:earnings.derived"": 1, ""fmp:discounted-cash-flow"": 1, ""fmp:key-metrics-ttm"": 1, ""fmp:ratios-ttm"": 5, ""derive:l6_path_second_derivative"": 1, ""derive:l6_path_tag"": 1, ""fmp:news.derived"": 1, ""derive:l6_sens_cashflow"": 1, ""derive:l6_sens_growth_margin"": 1, ""derive:l6_sens_rates"": 1, ""derive:l6_sens_risk_narrative"": 1, ""derive:l7_env_risk_appetite"": 1, ""futu:capital_flow"": 1, ""fmp:beneficial-ownership"": 1, ""futu"": 1, ""derive:l7_mood_fomo"": 1, ""futu:snapshot"": 1, ""derive:l8_industry_demand_supply"": 1, ""derive:l8_industry_price_war"": 1, ""derive:l8_val_priced_in"": 1, ""fmp:insider-trading"": 1, ""fmp:news"": 1, ""fmp:sec-filings"": 1}",company,L2.newbiz.commercialization;L2.newbiz.revenue_contrib;L2.newbiz.tam;L2.newbiz.uncertainty;L2.newbiz.valuation_contrib,L10.val.expansion_compression;L11.long.business_model;L11.long.compete_moat;L11.long.industry_space;L11.long.margin;L11.long.score;L11.mid.eps_upward;L11.mid.margin_guidance;L11.mid.orders_revenue;L11.mid.score;L11.mode;L11.short.event_impact;L11.short.flow_boost;L11.short.score;L11.short.sentiment_shift;L11.short.technical;L11.trade.signal;L5.bs.ar_ap;L5.bs.cash_debt;L5.bs.goodwill_ppe;L5.bs.inventory;L5.bs.leverage;L5.cf.buyback_dividend;L5.cf.capex;L5.cf.fcf;L5.cf.icf_fcf;L5.cf.ocf;L5.fcst.eps_cf;L5.fcst.revenue_margin;L5.fcst.revisions;L5.is.cogs;L5.is.eps;L5.is.gross_margin;L5.is.gross_profit;L5.is.margins;L5.is.net_profit;L5.is.operating_profit;L5.is.revenue;L5.is.revenue_growth;L5.is.sga_rd;L5.surprise.preprice;L5.surprise.sell_side;L6.mult.dcf;L6.mult.ev_ebitda;L6.mult.mcap_fcf;L6.mult.pb;L6.mult.pe;L6.mult.peg;L6.mult.ps;L6.path.second_derivative;L6.path.tag;L6.priced.news_age;L6.sens.cashflow;L6.sens.growth_margin;L6.sens.rates;L6.sens.risk_narrative;L7.env.risk_appetite;L7.flow.active_inflow;L7.holders.institutional;L7.market.l2_quote;L7.mood.fomo;L7.trade.volume_turnover;L8.industry.demand_supply;L8.industry.price_war;L8.val.priced_in;L9.event.insider_trades;L9.event.news_flow;L9.event.recent_filings,
AVGO.US,Broadcom,US,AI_COMPUTE,59,1,5,51,2,0,68,0,74,250,29.60,"{""derive:l10_val_expansion_compression"": 1, ""derive:bootstrap_l11_subscore"": 11, ""derive:l11_long_score"": 1, ""derive:l11_mid_score"": 1, ""derive:l11_mode"": 1, ""derive:l11_short_score"": 1, ""derive:l11_trade_signal"": 1, ""fmp:balance-sheet"": 4, ""fmp:balance-sheet.derived"": 1, ""fmp:cash-flow"": 5, ""fmp:analyst-estimates"": 2, ""fmp:analyst-estimates.derived"": 2, ""fmp:income-statement"": 9, ""fmp:financial-growth"": 1, ""fmp:earnings.derived"": 1, ""fmp:discounted-cash-flow"": 1, ""fmp:key-metrics-ttm"": 1, ""fmp:ratios-ttm"": 5, ""derive:l6_path_second_derivative"": 1, ""derive:l6_path_tag"": 1, ""fmp:news.derived"": 1, ""derive:l6_sens_cashflow"": 1, ""derive:l6_sens_growth_margin"": 1, ""derive:l6_sens_rates"": 1, ""derive:l6_sens_risk_narrative"": 1, ""derive:l7_env_risk_appetite"": 1, ""futu:capital_flow"": 1, ""fmp:beneficial-ownership"": 1, ""futu"": 1, ""derive:l7_mood_fomo"": 1, ""futu:snapshot"": 1, ""derive:l8_industry_demand_supply"": 1, ""derive:l8_industry_price_war"": 1, ""derive:l8_val_priced_in"": 1, ""fmp:insider-trading"": 1, ""fmp:news"": 1, ""fmp:sec-filings"": 1}",company,L2.newbiz.commercialization;L2.newbiz.revenue_contrib;L2.newbiz.tam;L2.newbiz.uncertainty;L2.newbiz.valuation_contrib,L10.val.expansion_compression;L11.long.business_model;L11.long.compete_moat;L11.long.industry_space;L11.long.margin;L11.long.score;L11.mid.eps_upward;L11.mid.margin_guidance;L11.mid.orders_revenue;L11.mid.score;L11.mode;L11.short.event_impact;L11.short.flow_boost;L11.short.score;L11.short.sentiment_shift;L11.short.technical;L11.trade.signal;L5.bs.ar_ap;L5.bs.cash_debt;L5.bs.goodwill_ppe;L5.bs.inventory;L5.bs.leverage;L5.cf.buyback_dividend;L5.cf.capex;L5.cf.fcf;L5.cf.icf_fcf;L5.cf.ocf;L5.fcst.eps_cf;L5.fcst.revenue_margin;L5.fcst.revisions;L5.is.cogs;L5.is.eps;L5.is.gross_margin;L5.is.gross_profit;L5.is.margins;L5.is.net_profit;L5.is.operating_profit;L5.is.revenue;L5.is.revenue_growth;L5.is.sga_rd;L5.surprise.preprice;L5.surprise.sell_side;L6.mult.dcf;L6.mult.ev_ebitda;L6.mult.mcap_fcf;L6.mult.pb;L6.mult.pe;L6.mult.peg;L6.mult.ps;L6.path.second_derivative;L6.path.tag;L6.priced.news_age;L6.sens.cashflow;L6.sens.growth_margin;L6.sens.rates;L6.sens.risk_narrative;L7.env.risk_appetite;L7.flow.active_inflow;L7.holders.institutional;L7.market.l2_quote;L7.mood.fomo;L7.trade.volume_turnover;L8.industry.demand_supply;L8.industry.price_war;L8.val.priced_in;L9.event.insider_trades;L9.event.news_flow;L9.event.recent_filings,
B.US,Barrick Mining,US,NONFERROUS_METALS,59,1,5,51,2,0,67,0,73,250,29.20,"{""derive:l10_val_expansion_compression"": 1, ""derive:bootstrap_l11_subscore"": 11, ""derive:l11_long_score"": 1, ""derive:l11_mid_score"": 1, ""derive:l11_mode"": 1, ""derive:l11_short_score"": 1, ""derive:l11_trade_signal"": 1, ""fmp:balance-sheet"": 4, ""fmp:balance-sheet.derived"": 1, ""fmp:cash-flow"": 5, ""fmp:analyst-estimates"": 2, ""fmp:analyst-estimates.derived"": 2, ""fmp:income-statement"": 9, ""fmp:financial-growth"": 1, ""fmp:earnings.derived"": 1, ""fmp:discounted-cash-flow"": 1, ""fmp:key-metrics-ttm"": 1, ""fmp:ratios-ttm"": 5, ""derive:l6_path_second_derivative"": 1, ""derive:l6_path_tag"": 1, ""fmp:news.derived"": 1, ""derive:l6_sens_cashflow"": 1, ""derive:l6_sens_growth_margin"": 1, ""derive:l6_sens_rates"": 1, ""derive:l6_sens_risk_narrative"": 1, ""derive:l7_env_risk_appetite"": 1, ""fmp:beneficial-ownership"": 1, ""futu"": 1, ""derive:l7_mood_fomo"": 1, ""futu:snapshot"": 1, ""derive:l8_industry_demand_supply"": 1, ""derive:l8_industry_price_war"": 1, ""derive:l8_val_priced_in"": 1, ""fmp:insider-trading"": 1, ""fmp:news"": 1, ""fmp:sec-filings"": 1}",company,L2.newbiz.commercialization;L2.newbiz.revenue_contrib;L2.newbiz.tam;L2.newbiz.uncertainty;L2.newbiz.valuation_contrib,L10.val.expansion_compression;L11.long.business_model;L11.long.compete_moat;L11.long.industry_space;L11.long.margin;L11.long.score;L11.mid.eps_upward;L11.mid.margin_guidance;L11.mid.orders_revenue;L11.mid.score;L11.mode;L11.short.event_impact;L11.short.flow_boost;L11.short.score;L11.short.sentiment_shift;L11.short.technical;L11.trade.signal;L5.bs.ar_ap;L5.bs.cash_debt;L5.bs.goodwill_ppe;L5.bs.inventory;L5.bs.leverage;L5.cf.buyback_dividend;L5.cf.capex;L5.cf.fcf;L5.cf.icf_fcf;L5.cf.ocf;L5.fcst.eps_cf;L5.fcst.revenue_margin;L5.fcst.revisions;L5.is.cogs;L5.is.eps;L5.is.gross_margin;L5.is.gross_profit;L5.is.margins;L5.is.net_profit;L5.is.operating_profit;L5.is.revenue;L5.is.revenue_growth;L5.is.sga_rd;L5.surprise.preprice;L5.surprise.sell_side;L6.mult.dcf;L6.mult.ev_ebitda;L6.mult.mcap_fcf;L6.mult.pb;L6.mult.pe;L6.mult.peg;L6.mult.ps;L6.path.second_derivative;L6.path.tag;L6.priced.news_age;L6.sens.cashflow;L6.sens.growth_margin;L6.sens.rates;L6.sens.risk_narrative;L7.env.risk_appetite;L7.holders.institutional;L7.market.l2_quote;L7.mood.fomo;L7.trade.volume_turnover;L8.industry.demand_supply;L8.industry.price_war;L8.val.priced_in;L9.event.insider_trades;L9.event.news_flow;L9.event.recent_filings,
BABA.US,Alibaba (ADR),US,HK_CN_INTERNET,59,1,5,51,2,0,67,0,73,250,29.20,"{""derive:l10_val_expansion_compression"": 1, ""derive:bootstrap_l11_subscore"": 11, ""derive:l11_long_score"": 1, ""derive:l11_mid_score"": 1, ""derive:l11_mode"": 1, ""derive:l11_short_score"": 1, ""derive:l11_trade_signal"": 1, ""fmp:balance-sheet"": 4, ""fmp:balance-sheet.derived"": 1, ""fmp:cash-flow"": 5, ""fmp:analyst-estimates"": 2, ""fmp:analyst-estimates.derived"": 2, ""fmp:income-statement"": 9, ""fmp:financial-growth"": 1, ""fmp:earnings.derived"": 1, ""fmp:discounted-cash-flow"": 1, ""fmp:key-metrics-ttm"": 1, ""fmp:ratios-ttm"": 5, ""derive:l6_path_second_derivative"": 1, ""derive:l6_path_tag"": 1, ""fmp:news.derived"": 1, ""derive:l6_sens_cashflow"": 1, ""derive:l6_sens_growth_margin"": 1, ""derive:l6_sens_rates"": 1, ""derive:l6_sens_risk_narrative"": 1, ""derive:l7_env_risk_appetite"": 1, ""fmp:beneficial-ownership"": 1, ""futu"": 1, ""derive:l7_mood_fomo"": 1, ""futu:snapshot"": 1, ""derive:l8_industry_demand_supply"": 1, ""derive:l8_industry_price_war"": 1, ""derive:l8_val_priced_in"": 1, ""fmp:insider-trading"": 1, ""fmp:news"": 1, ""fmp:sec-filings"": 1}",company,L2.newbiz.commercialization;L2.newbiz.revenue_contrib;L2.newbiz.tam;L2.newbiz.uncertainty;L2.newbiz.valuation_contrib,L10.val.expansion_compression;L11.long.business_model;L11.long.compete_moat;L11.long.industry_space;L11.long.margin;L11.long.score;L11.mid.eps_upward;L11.mid.margin_guidance;L11.mid.orders_revenue;L11.mid.score;L11.mode;L11.short.event_impact;L11.short.flow_boost;L11.short.score;L11.short.sentiment_shift;L11.short.technical;L11.trade.signal;L5.bs.ar_ap;L5.bs.cash_debt;L5.bs.goodwill_ppe;L5.bs.inventory;L5.bs.leverage;L5.cf.buyback_dividend;L5.cf.capex;L5.cf.fcf;L5.cf.icf_fcf;L5.cf.ocf;L5.fcst.eps_cf;L5.fcst.revenue_margin;L5.fcst.revisions;L5.is.cogs;L5.is.eps;L5.is.gross_margin;L5.is.gross_profit;L5.is.margins;L5.is.net_profit;L5.is.operating_profit;L5.is.revenue;L5.is.revenue_growth;L5.is.sga_rd;L5.surprise.preprice;L5.surprise.sell_side;L6.mult.dcf;L6.mult.ev_ebitda;L6.mult.mcap_fcf;L6.mult.pb;L6.mult.pe;L6.mult.peg;L6.mult.ps;L6.path.second_derivative;L6.path.tag;L6.priced.news_age;L6.sens.cashflow;L6.sens.growth_margin;L6.sens.rates;L6.sens.risk_narrative;L7.env.risk_appetite;L7.holders.institutional;L7.market.l2_quote;L7.mood.fomo;L7.trade.volume_turnover;L8.industry.demand_supply;L8.industry.price_war;L8.val.priced_in;L9.event.insider_trades;L9.event.news_flow;L9.event.recent_filings,
BAC.US,Bank of America,US,FINANCIAL_HIGH_DIVIDEND,59,1,5,51,2,0,67,0,73,250,29.20,"{""derive:l10_val_expansion_compression"": 1, ""derive:bootstrap_l11_subscore"": 11, ""derive:l11_long_score"": 1, ""derive:l11_mid_score"": 1, ""derive:l11_mode"": 1, ""derive:l11_short_score"": 1, ""derive:l11_trade_signal"": 1, ""fmp:balance-sheet"": 4, ""fmp:balance-sheet.derived"": 1, ""fmp:cash-flow"": 5, ""fmp:analyst-estimates"": 2, ""fmp:analyst-estimates.derived"": 2, ""fmp:income-statement"": 9, ""fmp:financial-growth"": 1, ""fmp:earnings.derived"": 1, ""fmp:discounted-cash-flow"": 1, ""fmp:key-metrics-ttm"": 1, ""fmp:ratios-ttm"": 5, ""derive:l6_path_second_derivative"": 1, ""derive:l6_path_tag"": 1, ""fmp:news.derived"": 1, ""derive:l6_sens_cashflow"": 1, ""derive:l6_sens_growth_margin"": 1, ""derive:l6_sens_rates"": 1, ""derive:l6_sens_risk_narrative"": 1, ""derive:l7_env_risk_appetite"": 1, ""fmp:beneficial-ownership"": 1, ""futu"": 1, ""derive:l7_mood_fomo"": 1, ""futu:snapshot"": 1, ""derive:l8_industry_demand_supply"": 1, ""derive:l8_industry_price_war"": 1, ""derive:l8_val_priced_in"": 1, ""fmp:insider-trading"": 1, ""fmp:news"": 1, ""fmp:sec-filings"": 1}",company,L2.newbiz.commercialization;L2.newbiz.revenue_contrib;L2.newbiz.tam;L2.newbiz.uncertainty;L2.newbiz.valuation_contrib,L10.val.expansion_compression;L11.long.business_model;L11.long.compete_moat;L11.long.industry_space;L11.long.margin;L11.long.score;L11.mid.eps_upward;L11.mid.margin_guidance;L11.mid.orders_revenue;L11.mid.score;L11.mode;L11.short.event_impact;L11.short.flow_boost;L11.short.score;L11.short.sentiment_shift;L11.short.technical;L11.trade.signal;L5.bs.ar_ap;L5.bs.cash_debt;L5.bs.goodwill_ppe;L5.bs.inventory;L5.bs.leverage;L5.cf.buyback_dividend;L5.cf.capex;L5.cf.fcf;L5.cf.icf_fcf;L5.cf.ocf;L5.fcst.eps_cf;L5.fcst.revenue_margin;L5.fcst.revisions;L5.is.cogs;L5.is.eps;L5.is.gross_margin;L5.is.gross_profit;L5.is.margins;L5.is.net_profit;L5.is.operating_profit;L5.is.revenue;L5.is.revenue_growth;L5.is.sga_rd;L5.surprise.preprice;L5.surprise.sell_side;L6.mult.dcf;L6.mult.ev_ebitda;L6.mult.mcap_fcf;L6.mult.pb;L6.mult.pe;L6.mult.peg;L6.mult.ps;L6.path.second_derivative;L6.path.tag;L6.priced.news_age;L6.sens.cashflow;L6.sens.growth_margin;L6.sens.rates;L6.sens.risk_narrative;L7.env.risk_appetite;L7.holders.institutional;L7.market.l2_quote;L7.mood.fomo;L7.trade.volume_turnover;L8.industry.demand_supply;L8.industry.price_war;L8.val.priced_in;L9.event.insider_trades;L9.event.news_flow;L9.event.recent_filings,
BEKE.US,KE Holdings,US,HK_CN_INTERNET,59,1,5,51,2,0,67,0,73,250,29.20,"{""derive:l10_val_expansion_compression"": 1, ""derive:bootstrap_l11_subscore"": 11, ""derive:l11_long_score"": 1, ""derive:l11_mid_score"": 1, ""derive:l11_mode"": 1, ""derive:l11_short_score"": 1, ""derive:l11_trade_signal"": 1, ""fmp:balance-sheet"": 4, ""fmp:balance-sheet.derived"": 1, ""fmp:cash-flow"": 5, ""fmp:analyst-estimates"": 2, ""fmp:analyst-estimates.derived"": 2, ""fmp:income-statement"": 9, ""fmp:financial-growth"": 1, ""fmp:earnings.derived"": 1, ""fmp:discounted-cash-flow"": 1, ""fmp:key-metrics-ttm"": 1, ""fmp:ratios-ttm"": 5, ""derive:l6_path_second_derivative"": 1, ""derive:l6_path_tag"": 1, ""fmp:news.derived"": 1, ""derive:l6_sens_cashflow"": 1, ""derive:l6_sens_growth_margin"": 1, ""derive:l6_sens_rates"": 1, ""derive:l6_sens_risk_narrative"": 1, ""derive:l7_env_risk_appetite"": 1, ""fmp:beneficial-ownership"": 1, ""futu"": 1, ""derive:l7_mood_fomo"": 1, ""futu:snapshot"": 1, ""derive:l8_industry_demand_supply"": 1, ""derive:l8_industry_price_war"": 1, ""derive:l8_val_priced_in"": 1, ""fmp:insider-trading"": 1, ""fmp:news"": 1, ""fmp:sec-filings"": 1}",company,L2.newbiz.commercialization;L2.newbiz.revenue_contrib;L2.newbiz.tam;L2.newbiz.uncertainty;L2.newbiz.valuation_contrib,L10.val.expansion_compression;L11.long.business_model;L11.long.compete_moat;L11.long.industry_space;L11.long.margin;L11.long.score;L11.mid.eps_upward;L11.mid.margin_guidance;L11.mid.orders_revenue;L11.mid.score;L11.mode;L11.short.event_impact;L11.short.flow_boost;L11.short.score;L11.short.sentiment_shift;L11.short.technical;L11.trade.signal;L5.bs.ar_ap;L5.bs.cash_debt;L5.bs.goodwill_ppe;L5.bs.inventory;L5.bs.leverage;L5.cf.buyback_dividend;L5.cf.capex;L5.cf.fcf;L5.cf.icf_fcf;L5.cf.ocf;L5.fcst.eps_cf;L5.fcst.revenue_margin;L5.fcst.revisions;L5.is.cogs;L5.is.eps;L5.is.gross_margin;L5.is.gross_profit;L5.is.margins;L5.is.net_profit;L5.is.operating_profit;L5.is.revenue;L5.is.revenue_growth;L5.is.sga_rd;L5.surprise.preprice;L5.surprise.sell_side;L6.mult.dcf;L6.mult.ev_ebitda;L6.mult.mcap_fcf;L6.mult.pb;L6.mult.pe;L6.mult.peg;L6.mult.ps;L6.path.second_derivative;L6.path.tag;L6.priced.news_age;L6.sens.cashflow;L6.sens.growth_margin;L6.sens.rates;L6.sens.risk_narrative;L7.env.risk_appetite;L7.holders.institutional;L7.market.l2_quote;L7.mood.fomo;L7.trade.volume_turnover;L8.industry.demand_supply;L8.industry.price_war;L8.val.priced_in;L9.event.insider_trades;L9.event.news_flow;L9.event.recent_filings,
BIDU.US,Baidu,US,HK_CN_INTERNET,59,1,5,51,2,0,67,0,73,250,29.20,"{""derive:l10_val_expansion_compression"": 1, ""derive:bootstrap_l11_subscore"": 11, ""derive:l11_long_score"": 1, ""derive:l11_mid_score"": 1, ""derive:l11_mode"": 1, ""derive:l11_short_score"": 1, ""derive:l11_trade_signal"": 1, ""fmp:balance-sheet"": 4, ""fmp:balance-sheet.derived"": 1, ""fmp:cash-flow"": 5, ""fmp:analyst-estimates"": 2, ""fmp:analyst-estimates.derived"": 2, ""fmp:income-statement"": 9, ""fmp:financial-growth"": 1, ""fmp:earnings.derived"": 1, ""fmp:discounted-cash-flow"": 1, ""fmp:key-metrics-ttm"": 1, ""fmp:ratios-ttm"": 5, ""derive:l6_path_second_derivative"": 1, ""derive:l6_path_tag"": 1, ""fmp:news.derived"": 1, ""derive:l6_sens_cashflow"": 1, ""derive:l6_sens_growth_margin"": 1, ""derive:l6_sens_rates"": 1, ""derive:l6_sens_risk_narrative"": 1, ""derive:l7_env_risk_appetite"": 1, ""fmp:beneficial-ownership"": 1, ""futu"": 1, ""derive:l7_mood_fomo"": 1, ""futu:snapshot"": 1, ""derive:l8_industry_demand_supply"": 1, ""derive:l8_industry_price_war"": 1, ""derive:l8_val_priced_in"": 1, ""fmp:insider-trading"": 1, ""fmp:news"": 1, ""fmp:sec-filings"": 1}",company,L2.newbiz.commercialization;L2.newbiz.revenue_contrib;L2.newbiz.tam;L2.newbiz.uncertainty;L2.newbiz.valuation_contrib,L10.val.expansion_compression;L11.long.business_model;L11.long.compete_moat;L11.long.industry_space;L11.long.margin;L11.long.score;L11.mid.eps_upward;L11.mid.margin_guidance;L11.mid.orders_revenue;L11.mid.score;L11.mode;L11.short.event_impact;L11.short.flow_boost;L11.short.score;L11.short.sentiment_shift;L11.short.technical;L11.trade.signal;L5.bs.ar_ap;L5.bs.cash_debt;L5.bs.goodwill_ppe;L5.bs.inventory;L5.bs.leverage;L5.cf.buyback_dividend;L5.cf.capex;L5.cf.fcf;L5.cf.icf_fcf;L5.cf.ocf;L5.fcst.eps_cf;L5.fcst.revenue_margin;L5.fcst.revisions;L5.is.cogs;L5.is.eps;L5.is.gross_margin;L5.is.gross_profit;L5.is.margins;L5.is.net_profit;L5.is.operating_profit;L5.is.revenue;L5.is.revenue_growth;L5.is.sga_rd;L5.surprise.preprice;L5.surprise.sell_side;L6.mult.dcf;L6.mult.ev_ebitda;L6.mult.mcap_fcf;L6.mult.pb;L6.mult.pe;L6.mult.peg;L6.mult.ps;L6.path.second_derivative;L6.path.tag;L6.priced.news_age;L6.sens.cashflow;L6.sens.growth_margin;L6.sens.rates;L6.sens.risk_narrative;L7.env.risk_appetite;L7.holders.institutional;L7.market.l2_quote;L7.mood.fomo;L7.trade.volume_turnover;L8.industry.demand_supply;L8.industry.price_war;L8.val.priced_in;L9.event.insider_trades;L9.event.news_flow;L9.event.recent_filings,
BILI.US,Bilibili,US,HK_CN_INTERNET,59,1,5,51,2,0,67,0,73,250,29.20,"{""derive:l10_val_expansion_compression"": 1, ""derive:bootstrap_l11_subscore"": 11, ""derive:l11_long_score"": 1, ""derive:l11_mid_score"": 1, ""derive:l11_mode"": 1, ""derive:l11_short_score"": 1, ""derive:l11_trade_signal"": 1, ""fmp:balance-sheet"": 4, ""fmp:balance-sheet.derived"": 1, ""fmp:cash-flow"": 5, ""fmp:analyst-estimates"": 2, ""fmp:analyst-estimates.derived"": 2, ""fmp:income-statement"": 9, ""fmp:financial-growth"": 1, ""fmp:earnings.derived"": 1, ""fmp:discounted-cash-flow"": 1, ""fmp:key-metrics-ttm"": 1, ""fmp:ratios-ttm"": 5, ""derive:l6_path_second_derivative"": 1, ""derive:l6_path_tag"": 1, ""fmp:news.derived"": 1, ""derive:l6_sens_cashflow"": 1, ""derive:l6_sens_growth_margin"": 1, ""derive:l6_sens_rates"": 1, ""derive:l6_sens_risk_narrative"": 1, ""derive:l7_env_risk_appetite"": 1, ""fmp:beneficial-ownership"": 1, ""futu"": 1, ""derive:l7_mood_fomo"": 1, ""futu:snapshot"": 1, ""derive:l8_industry_demand_supply"": 1, ""derive:l8_industry_price_war"": 1, ""derive:l8_val_priced_in"": 1, ""fmp:insider-trading"": 1, ""fmp:news"": 1, ""fmp:sec-filings"": 1}",company,L2.newbiz.commercialization;L2.newbiz.revenue_contrib;L2.newbiz.tam;L2.newbiz.uncertainty;L2.newbiz.valuation_contrib,L10.val.expansion_compression;L11.long.business_model;L11.long.compete_moat;L11.long.industry_space;L11.long.margin;L11.long.score;L11.mid.eps_upward;L11.mid.margin_guidance;L11.mid.orders_revenue;L11.mid.score;L11.mode;L11.short.event_impact;L11.short.flow_boost;L11.short.score;L11.short.sentiment_shift;L11.short.technical;L11.trade.signal;L5.bs.ar_ap;L5.bs.cash_debt;L5.bs.goodwill_ppe;L5.bs.inventory;L5.bs.leverage;L5.cf.buyback_dividend;L5.cf.capex;L5.cf.fcf;L5.cf.icf_fcf;L5.cf.ocf;L5.fcst.eps_cf;L5.fcst.revenue_margin;L5.fcst.revisions;L5.is.cogs;L5.is.eps;L5.is.gross_margin;L5.is.gross_profit;L5.is.margins;L5.is.net_profit;L5.is.operating_profit;L5.is.revenue;L5.is.revenue_growth;L5.is.sga_rd;L5.surprise.preprice;L5.surprise.sell_side;L6.mult.dcf;L6.mult.ev_ebitda;L6.mult.mcap_fcf;L6.mult.pb;L6.mult.pe;L6.mult.peg;L6.mult.ps;L6.path.second_derivative;L6.path.tag;L6.priced.news_age;L6.sens.cashflow;L6.sens.growth_margin;L6.sens.rates;L6.sens.risk_narrative;L7.env.risk_appetite;L7.holders.institutional;L7.market.l2_quote;L7.mood.fomo;L7.trade.volume_turnover;L8.industry.demand_supply;L8.industry.price_war;L8.val.priced_in;L9.event.insider_trades;L9.event.news_flow;L9.event.recent_filings,
BKNG.US,Booking,US,DOMESTIC_CONSUMPTION,59,1,5,51,2,0,67,0,73,250,29.20,"{""derive:l10_val_expansion_compression"": 1, ""derive:bootstrap_l11_subscore"": 11, ""derive:l11_long_score"": 1, ""derive:l11_mid_score"": 1, ""derive:l11_mode"": 1, ""derive:l11_short_score"": 1, ""derive:l11_trade_signal"": 1, ""fmp:balance-sheet"": 4, ""fmp:balance-sheet.derived"": 1, ""fmp:cash-flow"": 5, ""fmp:analyst-estimates"": 2, ""fmp:analyst-estimates.derived"": 2, ""fmp:income-statement"": 9, ""fmp:financial-growth"": 1, ""fmp:earnings.derived"": 1, ""fmp:discounted-cash-flow"": 1, ""fmp:key-metrics-ttm"": 1, ""fmp:ratios-ttm"": 5, ""derive:l6_path_second_derivative"": 1, ""derive:l6_path_tag"": 1, ""fmp:news.derived"": 1, ""derive:l6_sens_cashflow"": 1, ""derive:l6_sens_growth_margin"": 1, ""derive:l6_sens_rates"": 1, ""derive:l6_sens_risk_narrative"": 1, ""derive:l7_env_risk_appetite"": 1, ""fmp:beneficial-ownership"": 1, ""futu"": 1, ""derive:l7_mood_fomo"": 1, ""futu:snapshot"": 1, ""derive:l8_industry_demand_supply"": 1, ""derive:l8_industry_price_war"": 1, ""derive:l8_val_priced_in"": 1, ""fmp:insider-trading"": 1, ""fmp:news"": 1, ""fmp:sec-filings"": 1}",company,L2.newbiz.commercialization;L2.newbiz.revenue_contrib;L2.newbiz.tam;L2.newbiz.uncertainty;L2.newbiz.valuation_contrib,L10.val.expansion_compression;L11.long.business_model;L11.long.compete_moat;L11.long.industry_space;L11.long.margin;L11.long.score;L11.mid.eps_upward;L11.mid.margin_guidance;L11.mid.orders_revenue;L11.mid.score;L11.mode;L11.short.event_impact;L11.short.flow_boost;L11.short.score;L11.short.sentiment_shift;L11.short.technical;L11.trade.signal;L5.bs.ar_ap;L5.bs.cash_debt;L5.bs.goodwill_ppe;L5.bs.inventory;L5.bs.leverage;L5.cf.buyback_dividend;L5.cf.capex;L5.cf.fcf;L5.cf.icf_fcf;L5.cf.ocf;L5.fcst.eps_cf;L5.fcst.revenue_margin;L5.fcst.revisions;L5.is.cogs;L5.is.eps;L5.is.gross_margin;L5.is.gross_profit;L5.is.margins;L5.is.net_profit;L5.is.operating_profit;L5.is.revenue;L5.is.revenue_growth;L5.is.sga_rd;L5.surprise.preprice;L5.surprise.sell_side;L6.mult.dcf;L6.mult.ev_ebitda;L6.mult.mcap_fcf;L6.mult.pb;L6.mult.pe;L6.mult.peg;L6.mult.ps;L6.path.second_derivative;L6.path.tag;L6.priced.news_age;L6.sens.cashflow;L6.sens.growth_margin;L6.sens.rates;L6.sens.risk_narrative;L7.env.risk_appetite;L7.holders.institutional;L7.market.l2_quote;L7.mood.fomo;L7.trade.volume_turnover;L8.industry.demand_supply;L8.industry.price_war;L8.val.priced_in;L9.event.insider_trades;L9.event.news_flow;L9.event.recent_filings,
BLK.US,BlackRock,US,FINANCIAL_HIGH_DIVIDEND,59,1,5,51,2,0,67,0,73,250,29.20,"{""derive:l10_val_expansion_compression"": 1, ""derive:bootstrap_l11_subscore"": 11, ""derive:l11_long_score"": 1, ""derive:l11_mid_score"": 1, ""derive:l11_mode"": 1, ""derive:l11_short_score"": 1, ""derive:l11_trade_signal"": 1, ""fmp:balance-sheet"": 4, ""fmp:balance-sheet.derived"": 1, ""fmp:cash-flow"": 5, ""fmp:analyst-estimates"": 2, ""fmp:analyst-estimates.derived"": 2, ""fmp:income-statement"": 9, ""fmp:financial-growth"": 1, ""fmp:earnings.derived"": 1, ""fmp:discounted-cash-flow"": 1, ""fmp:key-metrics-ttm"": 1, ""fmp:ratios-ttm"": 5, ""derive:l6_path_second_derivative"": 1, ""derive:l6_path_tag"": 1, ""fmp:news.derived"": 1, ""derive:l6_sens_cashflow"": 1, ""derive:l6_sens_growth_margin"": 1, ""derive:l6_sens_rates"": 1, ""derive:l6_sens_risk_narrative"": 1, ""derive:l7_env_risk_appetite"": 1, ""fmp:beneficial-ownership"": 1, ""futu"": 1, ""derive:l7_mood_fomo"": 1, ""futu:snapshot"": 1, ""derive:l8_industry_demand_supply"": 1, ""derive:l8_industry_price_war"": 1, ""derive:l8_val_priced_in"": 1, ""fmp:insider-trading"": 1, ""fmp:news"": 1, ""fmp:sec-filings"": 1}",company,L2.newbiz.commercialization;L2.newbiz.revenue_contrib;L2.newbiz.tam;L2.newbiz.uncertainty;L2.newbiz.valuation_contrib,L10.val.expansion_compression;L11.long.business_model;L11.long.compete_moat;L11.long.industry_space;L11.long.margin;L11.long.score;L11.mid.eps_upward;L11.mid.margin_guidance;L11.mid.orders_revenue;L11.mid.score;L11.mode;L11.short.event_impact;L11.short.flow_boost;L11.short.score;L11.short.sentiment_shift;L11.short.technical;L11.trade.signal;L5.bs.ar_ap;L5.bs.cash_debt;L5.bs.goodwill_ppe;L5.bs.inventory;L5.bs.leverage;L5.cf.buyback_dividend;L5.cf.capex;L5.cf.fcf;L5.cf.icf_fcf;L5.cf.ocf;L5.fcst.eps_cf;L5.fcst.revenue_margin;L5.fcst.revisions;L5.is.cogs;L5.is.eps;L5.is.gross_margin;L5.is.gross_profit;L5.is.margins;L5.is.net_profit;L5.is.operating_profit;L5.is.revenue;L5.is.revenue_growth;L5.is.sga_rd;L5.surprise.preprice;L5.surprise.sell_side;L6.mult.dcf;L6.mult.ev_ebitda;L6.mult.mcap_fcf;L6.mult.pb;L6.mult.pe;L6.mult.peg;L6.mult.ps;L6.path.second_derivative;L6.path.tag;L6.priced.news_age;L6.sens.cashflow;L6.sens.growth_margin;L6.sens.rates;L6.sens.risk_narrative;L7.env.risk_appetite;L7.holders.institutional;L7.market.l2_quote;L7.mood.fomo;L7.trade.volume_turnover;L8.industry.demand_supply;L8.industry.price_war;L8.val.priced_in;L9.event.insider_trades;L9.event.news_flow;L9.event.recent_filings,
BRK.B.US,Berkshire Hathaway,US,FINANCIAL_HIGH_DIVIDEND,59,1,5,51,2,0,67,0,73,250,29.20,"{""derive:l10_val_expansion_compression"": 1, ""derive:bootstrap_l11_subscore"": 11, ""derive:l11_long_score"": 1, ""derive:l11_mid_score"": 1, ""derive:l11_mode"": 1, ""derive:l11_short_score"": 1, ""derive:l11_trade_signal"": 1, ""fmp:balance-sheet"": 4, ""fmp:balance-sheet.derived"": 1, ""fmp:cash-flow"": 5, ""fmp:analyst-estimates"": 2, ""fmp:analyst-estimates.derived"": 2, ""fmp:income-statement"": 9, ""fmp:financial-growth"": 1, ""fmp:earnings.derived"": 1, ""fmp:discounted-cash-flow"": 1, ""fmp:key-metrics-ttm"": 1, ""fmp:ratios-ttm"": 5, ""derive:l6_path_second_derivative"": 1, ""derive:l6_path_tag"": 1, ""fmp:news.derived"": 1, ""derive:l6_sens_cashflow"": 1, ""derive:l6_sens_growth_margin"": 1, ""derive:l6_sens_rates"": 1, ""derive:l6_sens_risk_narrative"": 1, ""derive:l7_env_risk_appetite"": 1, ""fmp:beneficial-ownership"": 1, ""futu"": 1, ""derive:l7_mood_fomo"": 1, ""futu:snapshot"": 1, ""derive:l8_industry_demand_supply"": 1, ""derive:l8_industry_price_war"": 1, ""derive:l8_val_priced_in"": 1, ""fmp:insider-trading"": 1, ""fmp:news"": 1, ""fmp:sec-filings"": 1}",company,L2.newbiz.commercialization;L2.newbiz.revenue_contrib;L2.newbiz.tam;L2.newbiz.uncertainty;L2.newbiz.valuation_contrib,L10.val.expansion_compression;L11.long.business_model;L11.long.compete_moat;L11.long.industry_space;L11.long.margin;L11.long.score;L11.mid.eps_upward;L11.mid.margin_guidance;L11.mid.orders_revenue;L11.mid.score;L11.mode;L11.short.event_impact;L11.short.flow_boost;L11.short.score;L11.short.sentiment_shift;L11.short.technical;L11.trade.signal;L5.bs.ar_ap;L5.bs.cash_debt;L5.bs.goodwill_ppe;L5.bs.inventory;L5.bs.leverage;L5.cf.buyback_dividend;L5.cf.capex;L5.cf.fcf;L5.cf.icf_fcf;L5.cf.ocf;L5.fcst.eps_cf;L5.fcst.revenue_margin;L5.fcst.revisions;L5.is.cogs;L5.is.eps;L5.is.gross_margin;L5.is.gross_profit;L5.is.margins;L5.is.net_profit;L5.is.operating_profit;L5.is.revenue;L5.is.revenue_growth;L5.is.sga_rd;L5.surprise.preprice;L5.surprise.sell_side;L6.mult.dcf;L6.mult.ev_ebitda;L6.mult.mcap_fcf;L6.mult.pb;L6.mult.pe;L6.mult.peg;L6.mult.ps;L6.path.second_derivative;L6.path.tag;L6.priced.news_age;L6.sens.cashflow;L6.sens.growth_margin;L6.sens.rates;L6.sens.risk_narrative;L7.env.risk_appetite;L7.holders.institutional;L7.market.l2_quote;L7.mood.fomo;L7.trade.volume_turnover;L8.industry.demand_supply;L8.industry.price_war;L8.val.priced_in;L9.event.insider_trades;L9.event.news_flow;L9.event.recent_filings,
BWA.US,BorgWarner,US,EXPORT_MFG,59,1,5,51,2,0,67,0,73,250,29.20,"{""derive:l10_val_expansion_compression"": 1, ""derive:bootstrap_l11_subscore"": 11, ""derive:l11_long_score"": 1, ""derive:l11_mid_score"": 1, ""derive:l11_mode"": 1, ""derive:l11_short_score"": 1, ""derive:l11_trade_signal"": 1, ""fmp:balance-sheet"": 4, ""fmp:balance-sheet.derived"": 1, ""fmp:cash-flow"": 5, ""fmp:analyst-estimates"": 2, ""fmp:analyst-estimates.derived"": 2, ""fmp:income-statement"": 9, ""fmp:financial-growth"": 1, ""fmp:earnings.derived"": 1, ""fmp:discounted-cash-flow"": 1, ""fmp:key-metrics-ttm"": 1, ""fmp:ratios-ttm"": 5, ""derive:l6_path_second_derivative"": 1, ""derive:l6_path_tag"": 1, ""fmp:news.derived"": 1, ""derive:l6_sens_cashflow"": 1, ""derive:l6_sens_growth_margin"": 1, ""derive:l6_sens_rates"": 1, ""derive:l6_sens_risk_narrative"": 1, ""derive:l7_env_risk_appetite"": 1, ""fmp:beneficial-ownership"": 1, ""futu"": 1, ""derive:l7_mood_fomo"": 1, ""futu:snapshot"": 1, ""derive:l8_industry_demand_supply"": 1, ""derive:l8_industry_price_war"": 1, ""derive:l8_val_priced_in"": 1, ""fmp:insider-trading"": 1, ""fmp:news"": 1, ""fmp:sec-filings"": 1}",company,L2.newbiz.commercialization;L2.newbiz.revenue_contrib;L2.newbiz.tam;L2.newbiz.uncertainty;L2.newbiz.valuation_contrib,L10.val.expansion_compression;L11.long.business_model;L11.long.compete_moat;L11.long.industry_space;L11.long.margin;L11.long.score;L11.mid.eps_upward;L11.mid.margin_guidance;L11.mid.orders_revenue;L11.mid.score;L11.mode;L11.short.event_impact;L11.short.flow_boost;L11.short.score;L11.short.sentiment_shift;L11.short.technical;L11.trade.signal;L5.bs.ar_ap;L5.bs.cash_debt;L5.bs.goodwill_ppe;L5.bs.inventory;L5.bs.leverage;L5.cf.buyback_dividend;L5.cf.capex;L5.cf.fcf;L5.cf.icf_fcf;L5.cf.ocf;L5.fcst.eps_cf;L5.fcst.revenue_margin;L5.fcst.revisions;L5.is.cogs;L5.is.eps;L5.is.gross_margin;L5.is.gross_profit;L5.is.margins;L5.is.net_profit;L5.is.operating_profit;L5.is.revenue;L5.is.revenue_growth;L5.is.sga_rd;L5.surprise.preprice;L5.surprise.sell_side;L6.mult.dcf;L6.mult.ev_ebitda;L6.mult.mcap_fcf;L6.mult.pb;L6.mult.pe;L6.mult.peg;L6.mult.ps;L6.path.second_derivative;L6.path.tag;L6.priced.news_age;L6.sens.cashflow;L6.sens.growth_margin;L6.sens.rates;L6.sens.risk_narrative;L7.env.risk_appetite;L7.holders.institutional;L7.market.l2_quote;L7.mood.fomo;L7.trade.volume_turnover;L8.industry.demand_supply;L8.industry.price_war;L8.val.priced_in;L9.event.insider_trades;L9.event.news_flow;L9.event.recent_filings,
CAT.US,Caterpillar,US,EXPORT_MFG,59,1,5,51,2,0,67,0,73,250,29.20,"{""derive:l10_val_expansion_compression"": 1, ""derive:bootstrap_l11_subscore"": 11, ""derive:l11_long_score"": 1, ""derive:l11_mid_score"": 1, ""derive:l11_mode"": 1, ""derive:l11_short_score"": 1, ""derive:l11_trade_signal"": 1, ""fmp:balance-sheet"": 4, ""fmp:balance-sheet.derived"": 1, ""fmp:cash-flow"": 5, ""fmp:analyst-estimates"": 2, ""fmp:analyst-estimates.derived"": 2, ""fmp:income-statement"": 9, ""fmp:financial-growth"": 1, ""fmp:earnings.derived"": 1, ""fmp:discounted-cash-flow"": 1, ""fmp:key-metrics-ttm"": 1, ""fmp:ratios-ttm"": 5, ""derive:l6_path_second_derivative"": 1, ""derive:l6_path_tag"": 1, ""fmp:news.derived"": 1, ""derive:l6_sens_cashflow"": 1, ""derive:l6_sens_growth_margin"": 1, ""derive:l6_sens_rates"": 1, ""derive:l6_sens_risk_narrative"": 1, ""derive:l7_env_risk_appetite"": 1, ""fmp:beneficial-ownership"": 1, ""futu"": 1, ""derive:l7_mood_fomo"": 1, ""futu:snapshot"": 1, ""derive:l8_industry_demand_supply"": 1, ""derive:l8_industry_price_war"": 1, ""derive:l8_val_priced_in"": 1, ""fmp:insider-trading"": 1, ""fmp:news"": 1, ""fmp:sec-filings"": 1}",company,L2.newbiz.commercialization;L2.newbiz.revenue_contrib;L2.newbiz.tam;L2.newbiz.uncertainty;L2.newbiz.valuation_contrib,L10.val.expansion_compression;L11.long.business_model;L11.long.compete_moat;L11.long.industry_space;L11.long.margin;L11.long.score;L11.mid.eps_upward;L11.mid.margin_guidance;L11.mid.orders_revenue;L11.mid.score;L11.mode;L11.short.event_impact;L11.short.flow_boost;L11.short.score;L11.short.sentiment_shift;L11.short.technical;L11.trade.signal;L5.bs.ar_ap;L5.bs.cash_debt;L5.bs.goodwill_ppe;L5.bs.inventory;L5.bs.leverage;L5.cf.buyback_dividend;L5.cf.capex;L5.cf.fcf;L5.cf.icf_fcf;L5.cf.ocf;L5.fcst.eps_cf;L5.fcst.revenue_margin;L5.fcst.revisions;L5.is.cogs;L5.is.eps;L5.is.gross_margin;L5.is.gross_profit;L5.is.margins;L5.is.net_profit;L5.is.operating_profit;L5.is.revenue;L5.is.revenue_growth;L5.is.sga_rd;L5.surprise.preprice;L5.surprise.sell_side;L6.mult.dcf;L6.mult.ev_ebitda;L6.mult.mcap_fcf;L6.mult.pb;L6.mult.pe;L6.mult.peg;L6.mult.ps;L6.path.second_derivative;L6.path.tag;L6.priced.news_age;L6.sens.cashflow;L6.sens.growth_margin;L6.sens.rates;L6.sens.risk_narrative;L7.env.risk_appetite;L7.holders.institutional;L7.market.l2_quote;L7.mood.fomo;L7.trade.volume_turnover;L8.industry.demand_supply;L8.industry.price_war;L8.val.priced_in;L9.event.insider_trades;L9.event.news_flow;L9.event.recent_filings,
CGNX.US,Cognex,US,ROBOTICS,59,1,5,51,2,0,67,0,73,250,29.20,"{""derive:l10_val_expansion_compression"": 1, ""derive:bootstrap_l11_subscore"": 11, ""derive:l11_long_score"": 1, ""derive:l11_mid_score"": 1, ""derive:l11_mode"": 1, ""derive:l11_short_score"": 1, ""derive:l11_trade_signal"": 1, ""fmp:balance-sheet"": 4, ""fmp:balance-sheet.derived"": 1, ""fmp:cash-flow"": 5, ""fmp:analyst-estimates"": 2, ""fmp:analyst-estimates.derived"": 2, ""fmp:income-statement"": 9, ""fmp:financial-growth"": 1, ""fmp:earnings.derived"": 1, ""fmp:discounted-cash-flow"": 1, ""fmp:key-metrics-ttm"": 1, ""fmp:ratios-ttm"": 5, ""derive:l6_path_second_derivative"": 1, ""derive:l6_path_tag"": 1, ""fmp:news.derived"": 1, ""derive:l6_sens_cashflow"": 1, ""derive:l6_sens_growth_margin"": 1, ""derive:l6_sens_rates"": 1, ""derive:l6_sens_risk_narrative"": 1, ""derive:l7_env_risk_appetite"": 1, ""fmp:beneficial-ownership"": 1, ""futu"": 1, ""derive:l7_mood_fomo"": 1, ""futu:snapshot"": 1, ""derive:l8_industry_demand_supply"": 1, ""derive:l8_industry_price_war"": 1, ""derive:l8_val_priced_in"": 1, ""fmp:insider-trading"": 1, ""fmp:news"": 1, ""fmp:sec-filings"": 1}",company,L2.newbiz.commercialization;L2.newbiz.revenue_contrib;L2.newbiz.tam;L2.newbiz.uncertainty;L2.newbiz.valuation_contrib,L10.val.expansion_compression;L11.long.business_model;L11.long.compete_moat;L11.long.industry_space;L11.long.margin;L11.long.score;L11.mid.eps_upward;L11.mid.margin_guidance;L11.mid.orders_revenue;L11.mid.score;L11.mode;L11.short.event_impact;L11.short.flow_boost;L11.short.score;L11.short.sentiment_shift;L11.short.technical;L11.trade.signal;L5.bs.ar_ap;L5.bs.cash_debt;L5.bs.goodwill_ppe;L5.bs.inventory;L5.bs.leverage;L5.cf.buyback_dividend;L5.cf.capex;L5.cf.fcf;L5.cf.icf_fcf;L5.cf.ocf;L5.fcst.eps_cf;L5.fcst.revenue_margin;L5.fcst.revisions;L5.is.cogs;L5.is.eps;L5.is.gross_margin;L5.is.gross_profit;L5.is.margins;L5.is.net_profit;L5.is.operating_profit;L5.is.revenue;L5.is.revenue_growth;L5.is.sga_rd;L5.surprise.preprice;L5.surprise.sell_side;L6.mult.dcf;L6.mult.ev_ebitda;L6.mult.mcap_fcf;L6.mult.pb;L6.mult.pe;L6.mult.peg;L6.mult.ps;L6.path.second_derivative;L6.path.tag;L6.priced.news_age;L6.sens.cashflow;L6.sens.growth_margin;L6.sens.rates;L6.sens.risk_narrative;L7.env.risk_appetite;L7.holders.institutional;L7.market.l2_quote;L7.mood.fomo;L7.trade.volume_turnover;L8.industry.demand_supply;L8.industry.price_war;L8.val.priced_in;L9.event.insider_trades;L9.event.news_flow;L9.event.recent_filings,
CLF.US,Cleveland-Cliffs,US,ANTI_INVOLUTION_CYCLICAL,59,1,5,51,2,0,67,0,73,250,29.20,"{""derive:l10_val_expansion_compression"": 1, ""derive:bootstrap_l11_subscore"": 11, ""derive:l11_long_score"": 1, ""derive:l11_mid_score"": 1, ""derive:l11_mode"": 1, ""derive:l11_short_score"": 1, ""derive:l11_trade_signal"": 1, ""fmp:balance-sheet"": 4, ""fmp:balance-sheet.derived"": 1, ""fmp:cash-flow"": 5, ""fmp:analyst-estimates"": 2, ""fmp:analyst-estimates.derived"": 2, ""fmp:income-statement"": 9, ""fmp:financial-growth"": 1, ""fmp:earnings.derived"": 1, ""fmp:discounted-cash-flow"": 1, ""fmp:key-metrics-ttm"": 1, ""fmp:ratios-ttm"": 5, ""derive:l6_path_second_derivative"": 1, ""derive:l6_path_tag"": 1, ""fmp:news.derived"": 1, ""derive:l6_sens_cashflow"": 1, ""derive:l6_sens_growth_margin"": 1, ""derive:l6_sens_rates"": 1, ""derive:l6_sens_risk_narrative"": 1, ""derive:l7_env_risk_appetite"": 1, ""fmp:beneficial-ownership"": 1, ""futu"": 1, ""derive:l7_mood_fomo"": 1, ""futu:snapshot"": 1, ""derive:l8_industry_demand_supply"": 1, ""derive:l8_industry_price_war"": 1, ""derive:l8_val_priced_in"": 1, ""fmp:insider-trading"": 1, ""fmp:news"": 1, ""fmp:sec-filings"": 1}",company,L2.newbiz.commercialization;L2.newbiz.revenue_contrib;L2.newbiz.tam;L2.newbiz.uncertainty;L2.newbiz.valuation_contrib,L10.val.expansion_compression;L11.long.business_model;L11.long.compete_moat;L11.long.industry_space;L11.long.margin;L11.long.score;L11.mid.eps_upward;L11.mid.margin_guidance;L11.mid.orders_revenue;L11.mid.score;L11.mode;L11.short.event_impact;L11.short.flow_boost;L11.short.score;L11.short.sentiment_shift;L11.short.technical;L11.trade.signal;L5.bs.ar_ap;L5.bs.cash_debt;L5.bs.goodwill_ppe;L5.bs.inventory;L5.bs.leverage;L5.cf.buyback_dividend;L5.cf.capex;L5.cf.fcf;L5.cf.icf_fcf;L5.cf.ocf;L5.fcst.eps_cf;L5.fcst.revenue_margin;L5.fcst.revisions;L5.is.cogs;L5.is.eps;L5.is.gross_margin;L5.is.gross_profit;L5.is.margins;L5.is.net_profit;L5.is.operating_profit;L5.is.revenue;L5.is.revenue_growth;L5.is.sga_rd;L5.surprise.preprice;L5.surprise.sell_side;L6.mult.dcf;L6.mult.ev_ebitda;L6.mult.mcap_fcf;L6.mult.pb;L6.mult.pe;L6.mult.peg;L6.mult.ps;L6.path.second_derivative;L6.path.tag;L6.priced.news_age;L6.sens.cashflow;L6.sens.growth_margin;L6.sens.rates;L6.sens.risk_narrative;L7.env.risk_appetite;L7.holders.institutional;L7.market.l2_quote;L7.mood.fomo;L7.trade.volume_turnover;L8.industry.demand_supply;L8.industry.price_war;L8.val.priced_in;L9.event.insider_trades;L9.event.news_flow;L9.event.recent_filings,
CMI.US,Cummins,US,EXPORT_MFG,59,1,5,51,2,0,67,0,73,250,29.20,"{""derive:l10_val_expansion_compression"": 1, ""derive:bootstrap_l11_subscore"": 11, ""derive:l11_long_score"": 1, ""derive:l11_mid_score"": 1, ""derive:l11_mode"": 1, ""derive:l11_short_score"": 1, ""derive:l11_trade_signal"": 1, ""fmp:balance-sheet"": 4, ""fmp:balance-sheet.derived"": 1, ""fmp:cash-flow"": 5, ""fmp:analyst-estimates"": 2, ""fmp:analyst-estimates.derived"": 2, ""fmp:income-statement"": 9, ""fmp:financial-growth"": 1, ""fmp:earnings.derived"": 1, ""fmp:discounted-cash-flow"": 1, ""fmp:key-metrics-ttm"": 1, ""fmp:ratios-ttm"": 5, ""derive:l6_path_second_derivative"": 1, ""derive:l6_path_tag"": 1, ""fmp:news.derived"": 1, ""derive:l6_sens_cashflow"": 1, ""derive:l6_sens_growth_margin"": 1, ""derive:l6_sens_rates"": 1, ""derive:l6_sens_risk_narrative"": 1, ""derive:l7_env_risk_appetite"": 1, ""fmp:beneficial-ownership"": 1, ""futu"": 1, ""derive:l7_mood_fomo"": 1, ""futu:snapshot"": 1, ""derive:l8_industry_demand_supply"": 1, ""derive:l8_industry_price_war"": 1, ""derive:l8_val_priced_in"": 1, ""fmp:insider-trading"": 1, ""fmp:news"": 1, ""fmp:sec-filings"": 1}",company,L2.newbiz.commercialization;L2.newbiz.revenue_contrib;L2.newbiz.tam;L2.newbiz.uncertainty;L2.newbiz.valuation_contrib,L10.val.expansion_compression;L11.long.business_model;L11.long.compete_moat;L11.long.industry_space;L11.long.margin;L11.long.score;L11.mid.eps_upward;L11.mid.margin_guidance;L11.mid.orders_revenue;L11.mid.score;L11.mode;L11.short.event_impact;L11.short.flow_boost;L11.short.score;L11.short.sentiment_shift;L11.short.technical;L11.trade.signal;L5.bs.ar_ap;L5.bs.cash_debt;L5.bs.goodwill_ppe;L5.bs.inventory;L5.bs.leverage;L5.cf.buyback_dividend;L5.cf.capex;L5.cf.fcf;L5.cf.icf_fcf;L5.cf.ocf;L5.fcst.eps_cf;L5.fcst.revenue_margin;L5.fcst.revisions;L5.is.cogs;L5.is.eps;L5.is.gross_margin;L5.is.gross_profit;L5.is.margins;L5.is.net_profit;L5.is.operating_profit;L5.is.revenue;L5.is.revenue_growth;L5.is.sga_rd;L5.surprise.preprice;L5.surprise.sell_side;L6.mult.dcf;L6.mult.ev_ebitda;L6.mult.mcap_fcf;L6.mult.pb;L6.mult.pe;L6.mult.peg;L6.mult.ps;L6.path.second_derivative;L6.path.tag;L6.priced.news_age;L6.sens.cashflow;L6.sens.growth_margin;L6.sens.rates;L6.sens.risk_narrative;L7.env.risk_appetite;L7.holders.institutional;L7.market.l2_quote;L7.mood.fomo;L7.trade.volume_turnover;L8.industry.demand_supply;L8.industry.price_war;L8.val.priced_in;L9.event.insider_trades;L9.event.news_flow;L9.event.recent_filings,
CSCO.US,Cisco,US,AI_COMPUTE,59,1,5,51,2,0,68,0,74,250,29.60,"{""derive:l10_val_expansion_compression"": 1, ""derive:bootstrap_l11_subscore"": 11, ""derive:l11_long_score"": 1, ""derive:l11_mid_score"": 1, ""derive:l11_mode"": 1, ""derive:l11_short_score"": 1, ""derive:l11_trade_signal"": 1, ""fmp:balance-sheet"": 4, ""fmp:balance-sheet.derived"": 1, ""fmp:cash-flow"": 5, ""fmp:analyst-estimates"": 2, ""fmp:analyst-estimates.derived"": 2, ""fmp:income-statement"": 9, ""fmp:financial-growth"": 1, ""fmp:earnings.derived"": 1, ""fmp:discounted-cash-flow"": 1, ""fmp:key-metrics-ttm"": 1, ""fmp:ratios-ttm"": 5, ""derive:l6_path_second_derivative"": 1, ""derive:l6_path_tag"": 1, ""fmp:news.derived"": 1, ""derive:l6_sens_cashflow"": 1, ""derive:l6_sens_growth_margin"": 1, ""derive:l6_sens_rates"": 1, ""derive:l6_sens_risk_narrative"": 1, ""derive:l7_env_risk_appetite"": 1, ""futu:capital_flow"": 1, ""fmp:beneficial-ownership"": 1, ""futu"": 1, ""derive:l7_mood_fomo"": 1, ""futu:snapshot"": 1, ""derive:l8_industry_demand_supply"": 1, ""derive:l8_industry_price_war"": 1, ""derive:l8_val_priced_in"": 1, ""fmp:insider-trading"": 1, ""fmp:news"": 1, ""fmp:sec-filings"": 1}",company,L2.newbiz.commercialization;L2.newbiz.revenue_contrib;L2.newbiz.tam;L2.newbiz.uncertainty;L2.newbiz.valuation_contrib,L10.val.expansion_compression;L11.long.business_model;L11.long.compete_moat;L11.long.industry_space;L11.long.margin;L11.long.score;L11.mid.eps_upward;L11.mid.margin_guidance;L11.mid.orders_revenue;L11.mid.score;L11.mode;L11.short.event_impact;L11.short.flow_boost;L11.short.score;L11.short.sentiment_shift;L11.short.technical;L11.trade.signal;L5.bs.ar_ap;L5.bs.cash_debt;L5.bs.goodwill_ppe;L5.bs.inventory;L5.bs.leverage;L5.cf.buyback_dividend;L5.cf.capex;L5.cf.fcf;L5.cf.icf_fcf;L5.cf.ocf;L5.fcst.eps_cf;L5.fcst.revenue_margin;L5.fcst.revisions;L5.is.cogs;L5.is.eps;L5.is.gross_margin;L5.is.gross_profit;L5.is.margins;L5.is.net_profit;L5.is.operating_profit;L5.is.revenue;L5.is.revenue_growth;L5.is.sga_rd;L5.surprise.preprice;L5.surprise.sell_side;L6.mult.dcf;L6.mult.ev_ebitda;L6.mult.mcap_fcf;L6.mult.pb;L6.mult.pe;L6.mult.peg;L6.mult.ps;L6.path.second_derivative;L6.path.tag;L6.priced.news_age;L6.sens.cashflow;L6.sens.growth_margin;L6.sens.rates;L6.sens.risk_narrative;L7.env.risk_appetite;L7.flow.active_inflow;L7.holders.institutional;L7.market.l2_quote;L7.mood.fomo;L7.trade.volume_turnover;L8.industry.demand_supply;L8.industry.price_war;L8.val.priced_in;L9.event.insider_trades;L9.event.news_flow;L9.event.recent_filings,
DAL.US,Delta,US,DOMESTIC_CONSUMPTION,59,1,5,51,2,0,67,0,73,250,29.20,"{""derive:l10_val_expansion_compression"": 1, ""derive:bootstrap_l11_subscore"": 11, ""derive:l11_long_score"": 1, ""derive:l11_mid_score"": 1, ""derive:l11_mode"": 1, ""derive:l11_short_score"": 1, ""derive:l11_trade_signal"": 1, ""fmp:balance-sheet"": 4, ""fmp:balance-sheet.derived"": 1, ""fmp:cash-flow"": 5, ""fmp:analyst-estimates"": 2, ""fmp:analyst-estimates.derived"": 2, ""fmp:income-statement"": 9, ""fmp:financial-growth"": 1, ""fmp:earnings.derived"": 1, ""fmp:discounted-cash-flow"": 1, ""fmp:key-metrics-ttm"": 1, ""fmp:ratios-ttm"": 5, ""derive:l6_path_second_derivative"": 1, ""derive:l6_path_tag"": 1, ""fmp:news.derived"": 1, ""derive:l6_sens_cashflow"": 1, ""derive:l6_sens_growth_margin"": 1, ""derive:l6_sens_rates"": 1, ""derive:l6_sens_risk_narrative"": 1, ""derive:l7_env_risk_appetite"": 1, ""fmp:beneficial-ownership"": 1, ""futu"": 1, ""derive:l7_mood_fomo"": 1, ""futu:snapshot"": 1, ""derive:l8_industry_demand_supply"": 1, ""derive:l8_industry_price_war"": 1, ""derive:l8_val_priced_in"": 1, ""fmp:insider-trading"": 1, ""fmp:news"": 1, ""fmp:sec-filings"": 1}",company,L2.newbiz.commercialization;L2.newbiz.revenue_contrib;L2.newbiz.tam;L2.newbiz.uncertainty;L2.newbiz.valuation_contrib,L10.val.expansion_compression;L11.long.business_model;L11.long.compete_moat;L11.long.industry_space;L11.long.margin;L11.long.score;L11.mid.eps_upward;L11.mid.margin_guidance;L11.mid.orders_revenue;L11.mid.score;L11.mode;L11.short.event_impact;L11.short.flow_boost;L11.short.score;L11.short.sentiment_shift;L11.short.technical;L11.trade.signal;L5.bs.ar_ap;L5.bs.cash_debt;L5.bs.goodwill_ppe;L5.bs.inventory;L5.bs.leverage;L5.cf.buyback_dividend;L5.cf.capex;L5.cf.fcf;L5.cf.icf_fcf;L5.cf.ocf;L5.fcst.eps_cf;L5.fcst.revenue_margin;L5.fcst.revisions;L5.is.cogs;L5.is.eps;L5.is.gross_margin;L5.is.gross_profit;L5.is.margins;L5.is.net_profit;L5.is.operating_profit;L5.is.revenue;L5.is.revenue_growth;L5.is.sga_rd;L5.surprise.preprice;L5.surprise.sell_side;L6.mult.dcf;L6.mult.ev_ebitda;L6.mult.mcap_fcf;L6.mult.pb;L6.mult.pe;L6.mult.peg;L6.mult.ps;L6.path.second_derivative;L6.path.tag;L6.priced.news_age;L6.sens.cashflow;L6.sens.growth_margin;L6.sens.rates;L6.sens.risk_narrative;L7.env.risk_appetite;L7.holders.institutional;L7.market.l2_quote;L7.mood.fomo;L7.trade.volume_turnover;L8.industry.demand_supply;L8.industry.price_war;L8.val.priced_in;L9.event.insider_trades;L9.event.news_flow;L9.event.recent_filings,
DD.US,DuPont,US,ANTI_INVOLUTION_CYCLICAL,59,1,5,51,2,0,67,0,73,250,29.20,"{""derive:l10_val_expansion_compression"": 1, ""derive:bootstrap_l11_subscore"": 11, ""derive:l11_long_score"": 1, ""derive:l11_mid_score"": 1, ""derive:l11_mode"": 1, ""derive:l11_short_score"": 1, ""derive:l11_trade_signal"": 1, ""fmp:balance-sheet"": 4, ""fmp:balance-sheet.derived"": 1, ""fmp:cash-flow"": 5, ""fmp:analyst-estimates"": 2, ""fmp:analyst-estimates.derived"": 2, ""fmp:income-statement"": 9, ""fmp:financial-growth"": 1, ""fmp:earnings.derived"": 1, ""fmp:discounted-cash-flow"": 1, ""fmp:key-metrics-ttm"": 1, ""fmp:ratios-ttm"": 5, ""derive:l6_path_second_derivative"": 1, ""derive:l6_path_tag"": 1, ""fmp:news.derived"": 1, ""derive:l6_sens_cashflow"": 1, ""derive:l6_sens_growth_margin"": 1, ""derive:l6_sens_rates"": 1, ""derive:l6_sens_risk_narrative"": 1, ""derive:l7_env_risk_appetite"": 1, ""fmp:beneficial-ownership"": 1, ""futu"": 1, ""derive:l7_mood_fomo"": 1, ""futu:snapshot"": 1, ""derive:l8_industry_demand_supply"": 1, ""derive:l8_industry_price_war"": 1, ""derive:l8_val_priced_in"": 1, ""fmp:insider-trading"": 1, ""fmp:news"": 1, ""fmp:sec-filings"": 1}",company,L2.newbiz.commercialization;L2.newbiz.revenue_contrib;L2.newbiz.tam;L2.newbiz.uncertainty;L2.newbiz.valuation_contrib,L10.val.expansion_compression;L11.long.business_model;L11.long.compete_moat;L11.long.industry_space;L11.long.margin;L11.long.score;L11.mid.eps_upward;L11.mid.margin_guidance;L11.mid.orders_revenue;L11.mid.score;L11.mode;L11.short.event_impact;L11.short.flow_boost;L11.short.score;L11.short.sentiment_shift;L11.short.technical;L11.trade.signal;L5.bs.ar_ap;L5.bs.cash_debt;L5.bs.goodwill_ppe;L5.bs.inventory;L5.bs.leverage;L5.cf.buyback_dividend;L5.cf.capex;L5.cf.fcf;L5.cf.icf_fcf;L5.cf.ocf;L5.fcst.eps_cf;L5.fcst.revenue_margin;L5.fcst.revisions;L5.is.cogs;L5.is.eps;L5.is.gross_margin;L5.is.gross_profit;L5.is.margins;L5.is.net_profit;L5.is.operating_profit;L5.is.revenue;L5.is.revenue_growth;L5.is.sga_rd;L5.surprise.preprice;L5.surprise.sell_side;L6.mult.dcf;L6.mult.ev_ebitda;L6.mult.mcap_fcf;L6.mult.pb;L6.mult.pe;L6.mult.peg;L6.mult.ps;L6.path.second_derivative;L6.path.tag;L6.priced.news_age;L6.sens.cashflow;L6.sens.growth_margin;L6.sens.rates;L6.sens.risk_narrative;L7.env.risk_appetite;L7.holders.institutional;L7.market.l2_quote;L7.mood.fomo;L7.trade.volume_turnover;L8.industry.demand_supply;L8.industry.price_war;L8.val.priced_in;L9.event.insider_trades;L9.event.news_flow;L9.event.recent_filings,
DE.US,Deere,US,EXPORT_MFG,59,1,5,51,2,0,67,0,73,250,29.20,"{""derive:l10_val_expansion_compression"": 1, ""derive:bootstrap_l11_subscore"": 11, ""derive:l11_long_score"": 1, ""derive:l11_mid_score"": 1, ""derive:l11_mode"": 1, ""derive:l11_short_score"": 1, ""derive:l11_trade_signal"": 1, ""fmp:balance-sheet"": 4, ""fmp:balance-sheet.derived"": 1, ""fmp:cash-flow"": 5, ""fmp:analyst-estimates"": 2, ""fmp:analyst-estimates.derived"": 2, ""fmp:income-statement"": 9, ""fmp:financial-growth"": 1, ""fmp:earnings.derived"": 1, ""fmp:discounted-cash-flow"": 1, ""fmp:key-metrics-ttm"": 1, ""fmp:ratios-ttm"": 5, ""derive:l6_path_second_derivative"": 1, ""derive:l6_path_tag"": 1, ""fmp:news.derived"": 1, ""derive:l6_sens_cashflow"": 1, ""derive:l6_sens_growth_margin"": 1, ""derive:l6_sens_rates"": 1, ""derive:l6_sens_risk_narrative"": 1, ""derive:l7_env_risk_appetite"": 1, ""fmp:beneficial-ownership"": 1, ""futu"": 1, ""derive:l7_mood_fomo"": 1, ""futu:snapshot"": 1, ""derive:l8_industry_demand_supply"": 1, ""derive:l8_industry_price_war"": 1, ""derive:l8_val_priced_in"": 1, ""fmp:insider-trading"": 1, ""fmp:news"": 1, ""fmp:sec-filings"": 1}",company,L2.newbiz.commercialization;L2.newbiz.revenue_contrib;L2.newbiz.tam;L2.newbiz.uncertainty;L2.newbiz.valuation_contrib,L10.val.expansion_compression;L11.long.business_model;L11.long.compete_moat;L11.long.industry_space;L11.long.margin;L11.long.score;L11.mid.eps_upward;L11.mid.margin_guidance;L11.mid.orders_revenue;L11.mid.score;L11.mode;L11.short.event_impact;L11.short.flow_boost;L11.short.score;L11.short.sentiment_shift;L11.short.technical;L11.trade.signal;L5.bs.ar_ap;L5.bs.cash_debt;L5.bs.goodwill_ppe;L5.bs.inventory;L5.bs.leverage;L5.cf.buyback_dividend;L5.cf.capex;L5.cf.fcf;L5.cf.icf_fcf;L5.cf.ocf;L5.fcst.eps_cf;L5.fcst.revenue_margin;L5.fcst.revisions;L5.is.cogs;L5.is.eps;L5.is.gross_margin;L5.is.gross_profit;L5.is.margins;L5.is.net_profit;L5.is.operating_profit;L5.is.revenue;L5.is.revenue_growth;L5.is.sga_rd;L5.surprise.preprice;L5.surprise.sell_side;L6.mult.dcf;L6.mult.ev_ebitda;L6.mult.mcap_fcf;L6.mult.pb;L6.mult.pe;L6.mult.peg;L6.mult.ps;L6.path.second_derivative;L6.path.tag;L6.priced.news_age;L6.sens.cashflow;L6.sens.growth_margin;L6.sens.rates;L6.sens.risk_narrative;L7.env.risk_appetite;L7.holders.institutional;L7.market.l2_quote;L7.mood.fomo;L7.trade.volume_turnover;L8.industry.demand_supply;L8.industry.price_war;L8.val.priced_in;L9.event.insider_trades;L9.event.news_flow;L9.event.recent_filings,
DELL.US,Dell,US,AI_COMPUTE|CONSUMER_ELECTRONICS,59,1,5,51,2,0,68,0,74,250,29.60,"{""derive:l10_val_expansion_compression"": 1, ""derive:bootstrap_l11_subscore"": 11, ""derive:l11_long_score"": 1, ""derive:l11_mid_score"": 1, ""derive:l11_mode"": 1, ""derive:l11_short_score"": 1, ""derive:l11_trade_signal"": 1, ""fmp:balance-sheet"": 4, ""fmp:balance-sheet.derived"": 1, ""fmp:cash-flow"": 5, ""fmp:analyst-estimates"": 2, ""fmp:analyst-estimates.derived"": 2, ""fmp:income-statement"": 9, ""fmp:financial-growth"": 1, ""fmp:earnings.derived"": 1, ""fmp:discounted-cash-flow"": 1, ""fmp:key-metrics-ttm"": 1, ""fmp:ratios-ttm"": 5, ""derive:l6_path_second_derivative"": 1, ""derive:l6_path_tag"": 1, ""fmp:news.derived"": 1, ""derive:l6_sens_cashflow"": 1, ""derive:l6_sens_growth_margin"": 1, ""derive:l6_sens_rates"": 1, ""derive:l6_sens_risk_narrative"": 1, ""derive:l7_env_risk_appetite"": 1, ""futu:capital_flow"": 1, ""fmp:beneficial-ownership"": 1, ""futu"": 1, ""derive:l7_mood_fomo"": 1, ""futu:snapshot"": 1, ""derive:l8_industry_demand_supply"": 1, ""derive:l8_industry_price_war"": 1, ""derive:l8_val_priced_in"": 1, ""fmp:insider-trading"": 1, ""fmp:news"": 1, ""fmp:sec-filings"": 1}",company,L2.newbiz.commercialization;L2.newbiz.revenue_contrib;L2.newbiz.tam;L2.newbiz.uncertainty;L2.newbiz.valuation_contrib,L10.val.expansion_compression;L11.long.business_model;L11.long.compete_moat;L11.long.industry_space;L11.long.margin;L11.long.score;L11.mid.eps_upward;L11.mid.margin_guidance;L11.mid.orders_revenue;L11.mid.score;L11.mode;L11.short.event_impact;L11.short.flow_boost;L11.short.score;L11.short.sentiment_shift;L11.short.technical;L11.trade.signal;L5.bs.ar_ap;L5.bs.cash_debt;L5.bs.goodwill_ppe;L5.bs.inventory;L5.bs.leverage;L5.cf.buyback_dividend;L5.cf.capex;L5.cf.fcf;L5.cf.icf_fcf;L5.cf.ocf;L5.fcst.eps_cf;L5.fcst.revenue_margin;L5.fcst.revisions;L5.is.cogs;L5.is.eps;L5.is.gross_margin;L5.is.gross_profit;L5.is.margins;L5.is.net_profit;L5.is.operating_profit;L5.is.revenue;L5.is.revenue_growth;L5.is.sga_rd;L5.surprise.preprice;L5.surprise.sell_side;L6.mult.dcf;L6.mult.ev_ebitda;L6.mult.mcap_fcf;L6.mult.pb;L6.mult.pe;L6.mult.peg;L6.mult.ps;L6.path.second_derivative;L6.path.tag;L6.priced.news_age;L6.sens.cashflow;L6.sens.growth_margin;L6.sens.rates;L6.sens.risk_narrative;L7.env.risk_appetite;L7.flow.active_inflow;L7.holders.institutional;L7.market.l2_quote;L7.mood.fomo;L7.trade.volume_turnover;L8.industry.demand_supply;L8.industry.price_war;L8.val.priced_in;L9.event.insider_trades;L9.event.news_flow;L9.event.recent_filings,
DHR.US,Danaher,US,INNOVATIVE_PHARMA,59,1,5,51,2,0,67,0,73,250,29.20,"{""derive:l10_val_expansion_compression"": 1, ""derive:bootstrap_l11_subscore"": 11, ""derive:l11_long_score"": 1, ""derive:l11_mid_score"": 1, ""derive:l11_mode"": 1, ""derive:l11_short_score"": 1, ""derive:l11_trade_signal"": 1, ""fmp:balance-sheet"": 4, ""fmp:balance-sheet.derived"": 1, ""fmp:cash-flow"": 5, ""fmp:analyst-estimates"": 2, ""fmp:analyst-estimates.derived"": 2, ""fmp:income-statement"": 9, ""fmp:financial-growth"": 1, ""fmp:earnings.derived"": 1, ""fmp:discounted-cash-flow"": 1, ""fmp:key-metrics-ttm"": 1, ""fmp:ratios-ttm"": 5, ""derive:l6_path_second_derivative"": 1, ""derive:l6_path_tag"": 1, ""fmp:news.derived"": 1, ""derive:l6_sens_cashflow"": 1, ""derive:l6_sens_growth_margin"": 1, ""derive:l6_sens_rates"": 1, ""derive:l6_sens_risk_narrative"": 1, ""derive:l7_env_risk_appetite"": 1, ""fmp:beneficial-ownership"": 1, ""futu"": 1, ""derive:l7_mood_fomo"": 1, ""futu:snapshot"": 1, ""derive:l8_industry_demand_supply"": 1, ""derive:l8_industry_price_war"": 1, ""derive:l8_val_priced_in"": 1, ""fmp:insider-trading"": 1, ""fmp:news"": 1, ""fmp:sec-filings"": 1}",company,L2.newbiz.commercialization;L2.newbiz.revenue_contrib;L2.newbiz.tam;L2.newbiz.uncertainty;L2.newbiz.valuation_contrib,L10.val.expansion_compression;L11.long.business_model;L11.long.compete_moat;L11.long.industry_space;L11.long.margin;L11.long.score;L11.mid.eps_upward;L11.mid.margin_guidance;L11.mid.orders_revenue;L11.mid.score;L11.mode;L11.short.event_impact;L11.short.flow_boost;L11.short.score;L11.short.sentiment_shift;L11.short.technical;L11.trade.signal;L5.bs.ar_ap;L5.bs.cash_debt;L5.bs.goodwill_ppe;L5.bs.inventory;L5.bs.leverage;L5.cf.buyback_dividend;L5.cf.capex;L5.cf.fcf;L5.cf.icf_fcf;L5.cf.ocf;L5.fcst.eps_cf;L5.fcst.revenue_margin;L5.fcst.revisions;L5.is.cogs;L5.is.eps;L5.is.gross_margin;L5.is.gross_profit;L5.is.margins;L5.is.net_profit;L5.is.operating_profit;L5.is.revenue;L5.is.revenue_growth;L5.is.sga_rd;L5.surprise.preprice;L5.surprise.sell_side;L6.mult.dcf;L6.mult.ev_ebitda;L6.mult.mcap_fcf;L6.mult.pb;L6.mult.pe;L6.mult.peg;L6.mult.ps;L6.path.second_derivative;L6.path.tag;L6.priced.news_age;L6.sens.cashflow;L6.sens.growth_margin;L6.sens.rates;L6.sens.risk_narrative;L7.env.risk_appetite;L7.holders.institutional;L7.market.l2_quote;L7.mood.fomo;L7.trade.volume_turnover;L8.industry.demand_supply;L8.industry.price_war;L8.val.priced_in;L9.event.insider_trades;L9.event.news_flow;L9.event.recent_filings,
DIS.US,Disney,US,DOMESTIC_CONSUMPTION,59,1,5,51,2,0,67,0,73,250,29.20,"{""derive:l10_val_expansion_compression"": 1, ""derive:bootstrap_l11_subscore"": 11, ""derive:l11_long_score"": 1, ""derive:l11_mid_score"": 1, ""derive:l11_mode"": 1, ""derive:l11_short_score"": 1, ""derive:l11_trade_signal"": 1, ""fmp:balance-sheet"": 4, ""fmp:balance-sheet.derived"": 1, ""fmp:cash-flow"": 5, ""fmp:analyst-estimates"": 2, ""fmp:analyst-estimates.derived"": 2, ""fmp:income-statement"": 9, ""fmp:financial-growth"": 1, ""fmp:earnings.derived"": 1, ""fmp:discounted-cash-flow"": 1, ""fmp:key-metrics-ttm"": 1, ""fmp:ratios-ttm"": 5, ""derive:l6_path_second_derivative"": 1, ""derive:l6_path_tag"": 1, ""fmp:news.derived"": 1, ""derive:l6_sens_cashflow"": 1, ""derive:l6_sens_growth_margin"": 1, ""derive:l6_sens_rates"": 1, ""derive:l6_sens_risk_narrative"": 1, ""derive:l7_env_risk_appetite"": 1, ""fmp:beneficial-ownership"": 1, ""futu"": 1, ""derive:l7_mood_fomo"": 1, ""futu:snapshot"": 1, ""derive:l8_industry_demand_supply"": 1, ""derive:l8_industry_price_war"": 1, ""derive:l8_val_priced_in"": 1, ""fmp:insider-trading"": 1, ""fmp:news"": 1, ""fmp:sec-filings"": 1}",company,L2.newbiz.commercialization;L2.newbiz.revenue_contrib;L2.newbiz.tam;L2.newbiz.uncertainty;L2.newbiz.valuation_contrib,L10.val.expansion_compression;L11.long.business_model;L11.long.compete_moat;L11.long.industry_space;L11.long.margin;L11.long.score;L11.mid.eps_upward;L11.mid.margin_guidance;L11.mid.orders_revenue;L11.mid.score;L11.mode;L11.short.event_impact;L11.short.flow_boost;L11.short.score;L11.short.sentiment_shift;L11.short.technical;L11.trade.signal;L5.bs.ar_ap;L5.bs.cash_debt;L5.bs.goodwill_ppe;L5.bs.inventory;L5.bs.leverage;L5.cf.buyback_dividend;L5.cf.capex;L5.cf.fcf;L5.cf.icf_fcf;L5.cf.ocf;L5.fcst.eps_cf;L5.fcst.revenue_margin;L5.fcst.revisions;L5.is.cogs;L5.is.eps;L5.is.gross_margin;L5.is.gross_profit;L5.is.margins;L5.is.net_profit;L5.is.operating_profit;L5.is.revenue;L5.is.revenue_growth;L5.is.sga_rd;L5.surprise.preprice;L5.surprise.sell_side;L6.mult.dcf;L6.mult.ev_ebitda;L6.mult.mcap_fcf;L6.mult.pb;L6.mult.pe;L6.mult.peg;L6.mult.ps;L6.path.second_derivative;L6.path.tag;L6.priced.news_age;L6.sens.cashflow;L6.sens.growth_margin;L6.sens.rates;L6.sens.risk_narrative;L7.env.risk_appetite;L7.holders.institutional;L7.market.l2_quote;L7.mood.fomo;L7.trade.volume_turnover;L8.industry.demand_supply;L8.industry.price_war;L8.val.priced_in;L9.event.insider_trades;L9.event.news_flow;L9.event.recent_filings,
DOW.US,Dow,US,ANTI_INVOLUTION_CYCLICAL,59,1,5,51,2,0,67,0,73,250,29.20,"{""derive:l10_val_expansion_compression"": 1, ""derive:bootstrap_l11_subscore"": 11, ""derive:l11_long_score"": 1, ""derive:l11_mid_score"": 1, ""derive:l11_mode"": 1, ""derive:l11_short_score"": 1, ""derive:l11_trade_signal"": 1, ""fmp:balance-sheet"": 4, ""fmp:balance-sheet.derived"": 1, ""fmp:cash-flow"": 5, ""fmp:analyst-estimates"": 2, ""fmp:analyst-estimates.derived"": 2, ""fmp:income-statement"": 9, ""fmp:financial-growth"": 1, ""fmp:earnings.derived"": 1, ""fmp:discounted-cash-flow"": 1, ""fmp:key-metrics-ttm"": 1, ""fmp:ratios-ttm"": 5, ""derive:l6_path_second_derivative"": 1, ""derive:l6_path_tag"": 1, ""fmp:news.derived"": 1, ""derive:l6_sens_cashflow"": 1, ""derive:l6_sens_growth_margin"": 1, ""derive:l6_sens_rates"": 1, ""derive:l6_sens_risk_narrative"": 1, ""derive:l7_env_risk_appetite"": 1, ""fmp:beneficial-ownership"": 1, ""futu"": 1, ""derive:l7_mood_fomo"": 1, ""futu:snapshot"": 1, ""derive:l8_industry_demand_supply"": 1, ""derive:l8_industry_price_war"": 1, ""derive:l8_val_priced_in"": 1, ""fmp:insider-trading"": 1, ""fmp:news"": 1, ""fmp:sec-filings"": 1}",company,L2.newbiz.commercialization;L2.newbiz.revenue_contrib;L2.newbiz.tam;L2.newbiz.uncertainty;L2.newbiz.valuation_contrib,L10.val.expansion_compression;L11.long.business_model;L11.long.compete_moat;L11.long.industry_space;L11.long.margin;L11.long.score;L11.mid.eps_upward;L11.mid.margin_guidance;L11.mid.orders_revenue;L11.mid.score;L11.mode;L11.short.event_impact;L11.short.flow_boost;L11.short.score;L11.short.sentiment_shift;L11.short.technical;L11.trade.signal;L5.bs.ar_ap;L5.bs.cash_debt;L5.bs.goodwill_ppe;L5.bs.inventory;L5.bs.leverage;L5.cf.buyback_dividend;L5.cf.capex;L5.cf.fcf;L5.cf.icf_fcf;L5.cf.ocf;L5.fcst.eps_cf;L5.fcst.revenue_margin;L5.fcst.revisions;L5.is.cogs;L5.is.eps;L5.is.gross_margin;L5.is.gross_profit;L5.is.margins;L5.is.net_profit;L5.is.operating_profit;L5.is.revenue;L5.is.revenue_growth;L5.is.sga_rd;L5.surprise.preprice;L5.surprise.sell_side;L6.mult.dcf;L6.mult.ev_ebitda;L6.mult.mcap_fcf;L6.mult.pb;L6.mult.pe;L6.mult.peg;L6.mult.ps;L6.path.second_derivative;L6.path.tag;L6.priced.news_age;L6.sens.cashflow;L6.sens.growth_margin;L6.sens.rates;L6.sens.risk_narrative;L7.env.risk_appetite;L7.holders.institutional;L7.market.l2_quote;L7.mood.fomo;L7.trade.volume_turnover;L8.industry.demand_supply;L8.industry.price_war;L8.val.priced_in;L9.event.insider_trades;L9.event.news_flow;L9.event.recent_filings,
ENPH.US,Enphase,US,STORAGE_GRID,59,1,5,51,2,0,67,0,73,250,29.20,"{""derive:l10_val_expansion_compression"": 1, ""derive:bootstrap_l11_subscore"": 11, ""derive:l11_long_score"": 1, ""derive:l11_mid_score"": 1, ""derive:l11_mode"": 1, ""derive:l11_short_score"": 1, ""derive:l11_trade_signal"": 1, ""fmp:balance-sheet"": 4, ""fmp:balance-sheet.derived"": 1, ""fmp:cash-flow"": 5, ""fmp:analyst-estimates"": 2, ""fmp:analyst-estimates.derived"": 2, ""fmp:income-statement"": 9, ""fmp:financial-growth"": 1, ""fmp:earnings.derived"": 1, ""fmp:discounted-cash-flow"": 1, ""fmp:key-metrics-ttm"": 1, ""fmp:ratios-ttm"": 5, ""derive:l6_path_second_derivative"": 1, ""derive:l6_path_tag"": 1, ""fmp:news.derived"": 1, ""derive:l6_sens_cashflow"": 1, ""derive:l6_sens_growth_margin"": 1, ""derive:l6_sens_rates"": 1, ""derive:l6_sens_risk_narrative"": 1, ""derive:l7_env_risk_appetite"": 1, ""fmp:beneficial-ownership"": 1, ""futu"": 1, ""derive:l7_mood_fomo"": 1, ""futu:snapshot"": 1, ""derive:l8_industry_demand_supply"": 1, ""derive:l8_industry_price_war"": 1, ""derive:l8_val_priced_in"": 1, ""fmp:insider-trading"": 1, ""fmp:news"": 1, ""fmp:sec-filings"": 1}",company,L2.newbiz.commercialization;L2.newbiz.revenue_contrib;L2.newbiz.tam;L2.newbiz.uncertainty;L2.newbiz.valuation_contrib,L10.val.expansion_compression;L11.long.business_model;L11.long.compete_moat;L11.long.industry_space;L11.long.margin;L11.long.score;L11.mid.eps_upward;L11.mid.margin_guidance;L11.mid.orders_revenue;L11.mid.score;L11.mode;L11.short.event_impact;L11.short.flow_boost;L11.short.score;L11.short.sentiment_shift;L11.short.technical;L11.trade.signal;L5.bs.ar_ap;L5.bs.cash_debt;L5.bs.goodwill_ppe;L5.bs.inventory;L5.bs.leverage;L5.cf.buyback_dividend;L5.cf.capex;L5.cf.fcf;L5.cf.icf_fcf;L5.cf.ocf;L5.fcst.eps_cf;L5.fcst.revenue_margin;L5.fcst.revisions;L5.is.cogs;L5.is.eps;L5.is.gross_margin;L5.is.gross_profit;L5.is.margins;L5.is.net_profit;L5.is.operating_profit;L5.is.revenue;L5.is.revenue_growth;L5.is.sga_rd;L5.surprise.preprice;L5.surprise.sell_side;L6.mult.dcf;L6.mult.ev_ebitda;L6.mult.mcap_fcf;L6.mult.pb;L6.mult.pe;L6.mult.peg;L6.mult.ps;L6.path.second_derivative;L6.path.tag;L6.priced.news_age;L6.sens.cashflow;L6.sens.growth_margin;L6.sens.rates;L6.sens.risk_narrative;L7.env.risk_appetite;L7.holders.institutional;L7.market.l2_quote;L7.mood.fomo;L7.trade.volume_turnover;L8.industry.demand_supply;L8.industry.price_war;L8.val.priced_in;L9.event.insider_trades;L9.event.news_flow;L9.event.recent_filings,
ENTG.US,Entegris,US,SEMI_EQUIPMENT,59,1,5,51,2,0,68,0,74,250,29.60,"{""derive:l10_val_expansion_compression"": 1, ""derive:bootstrap_l11_subscore"": 11, ""derive:l11_long_score"": 1, ""derive:l11_mid_score"": 1, ""derive:l11_mode"": 1, ""derive:l11_short_score"": 1, ""derive:l11_trade_signal"": 1, ""fmp:balance-sheet"": 4, ""fmp:balance-sheet.derived"": 1, ""fmp:cash-flow"": 5, ""fmp:analyst-estimates"": 2, ""fmp:analyst-estimates.derived"": 2, ""fmp:income-statement"": 9, ""fmp:financial-growth"": 1, ""fmp:earnings.derived"": 1, ""fmp:discounted-cash-flow"": 1, ""fmp:key-metrics-ttm"": 1, ""fmp:ratios-ttm"": 5, ""derive:l6_path_second_derivative"": 1, ""derive:l6_path_tag"": 1, ""fmp:news.derived"": 1, ""derive:l6_sens_cashflow"": 1, ""derive:l6_sens_growth_margin"": 1, ""derive:l6_sens_rates"": 1, ""derive:l6_sens_risk_narrative"": 1, ""derive:l7_env_risk_appetite"": 1, ""futu:capital_flow"": 1, ""fmp:beneficial-ownership"": 1, ""futu"": 1, ""derive:l7_mood_fomo"": 1, ""futu:snapshot"": 1, ""derive:l8_industry_demand_supply"": 1, ""derive:l8_industry_price_war"": 1, ""derive:l8_val_priced_in"": 1, ""fmp:insider-trading"": 1, ""fmp:news"": 1, ""fmp:sec-filings"": 1}",company,L2.newbiz.commercialization;L2.newbiz.revenue_contrib;L2.newbiz.tam;L2.newbiz.uncertainty;L2.newbiz.valuation_contrib,L10.val.expansion_compression;L11.long.business_model;L11.long.compete_moat;L11.long.industry_space;L11.long.margin;L11.long.score;L11.mid.eps_upward;L11.mid.margin_guidance;L11.mid.orders_revenue;L11.mid.score;L11.mode;L11.short.event_impact;L11.short.flow_boost;L11.short.score;L11.short.sentiment_shift;L11.short.technical;L11.trade.signal;L5.bs.ar_ap;L5.bs.cash_debt;L5.bs.goodwill_ppe;L5.bs.inventory;L5.bs.leverage;L5.cf.buyback_dividend;L5.cf.capex;L5.cf.fcf;L5.cf.icf_fcf;L5.cf.ocf;L5.fcst.eps_cf;L5.fcst.revenue_margin;L5.fcst.revisions;L5.is.cogs;L5.is.eps;L5.is.gross_margin;L5.is.gross_profit;L5.is.margins;L5.is.net_profit;L5.is.operating_profit;L5.is.revenue;L5.is.revenue_growth;L5.is.sga_rd;L5.surprise.preprice;L5.surprise.sell_side;L6.mult.dcf;L6.mult.ev_ebitda;L6.mult.mcap_fcf;L6.mult.pb;L6.mult.pe;L6.mult.peg;L6.mult.ps;L6.path.second_derivative;L6.path.tag;L6.priced.news_age;L6.sens.cashflow;L6.sens.growth_margin;L6.sens.rates;L6.sens.risk_narrative;L7.env.risk_appetite;L7.flow.active_inflow;L7.holders.institutional;L7.market.l2_quote;L7.mood.fomo;L7.trade.volume_turnover;L8.industry.demand_supply;L8.industry.price_war;L8.val.priced_in;L9.event.insider_trades;L9.event.news_flow;L9.event.recent_filings,
ETN.US,Eaton,US,STORAGE_GRID|EXPORT_MFG,59,1,5,51,2,0,67,0,73,250,29.20,"{""derive:l10_val_expansion_compression"": 1, ""derive:bootstrap_l11_subscore"": 11, ""derive:l11_long_score"": 1, ""derive:l11_mid_score"": 1, ""derive:l11_mode"": 1, ""derive:l11_short_score"": 1, ""derive:l11_trade_signal"": 1, ""fmp:balance-sheet"": 4, ""fmp:balance-sheet.derived"": 1, ""fmp:cash-flow"": 5, ""fmp:analyst-estimates"": 2, ""fmp:analyst-estimates.derived"": 2, ""fmp:income-statement"": 9, ""fmp:financial-growth"": 1, ""fmp:earnings.derived"": 1, ""fmp:discounted-cash-flow"": 1, ""fmp:key-metrics-ttm"": 1, ""fmp:ratios-ttm"": 5, ""derive:l6_path_second_derivative"": 1, ""derive:l6_path_tag"": 1, ""fmp:news.derived"": 1, ""derive:l6_sens_cashflow"": 1, ""derive:l6_sens_growth_margin"": 1, ""derive:l6_sens_rates"": 1, ""derive:l6_sens_risk_narrative"": 1, ""derive:l7_env_risk_appetite"": 1, ""fmp:beneficial-ownership"": 1, ""futu"": 1, ""derive:l7_mood_fomo"": 1, ""futu:snapshot"": 1, ""derive:l8_industry_demand_supply"": 1, ""derive:l8_industry_price_war"": 1, ""derive:l8_val_priced_in"": 1, ""fmp:insider-trading"": 1, ""fmp:news"": 1, ""fmp:sec-filings"": 1}",company,L2.newbiz.commercialization;L2.newbiz.revenue_contrib;L2.newbiz.tam;L2.newbiz.uncertainty;L2.newbiz.valuation_contrib,L10.val.expansion_compression;L11.long.business_model;L11.long.compete_moat;L11.long.industry_space;L11.long.margin;L11.long.score;L11.mid.eps_upward;L11.mid.margin_guidance;L11.mid.orders_revenue;L11.mid.score;L11.mode;L11.short.event_impact;L11.short.flow_boost;L11.short.score;L11.short.sentiment_shift;L11.short.technical;L11.trade.signal;L5.bs.ar_ap;L5.bs.cash_debt;L5.bs.goodwill_ppe;L5.bs.inventory;L5.bs.leverage;L5.cf.buyback_dividend;L5.cf.capex;L5.cf.fcf;L5.cf.icf_fcf;L5.cf.ocf;L5.fcst.eps_cf;L5.fcst.revenue_margin;L5.fcst.revisions;L5.is.cogs;L5.is.eps;L5.is.gross_margin;L5.is.gross_profit;L5.is.margins;L5.is.net_profit;L5.is.operating_profit;L5.is.revenue;L5.is.revenue_growth;L5.is.sga_rd;L5.surprise.preprice;L5.surprise.sell_side;L6.mult.dcf;L6.mult.ev_ebitda;L6.mult.mcap_fcf;L6.mult.pb;L6.mult.pe;L6.mult.peg;L6.mult.ps;L6.path.second_derivative;L6.path.tag;L6.priced.news_age;L6.sens.cashflow;L6.sens.growth_margin;L6.sens.rates;L6.sens.risk_narrative;L7.env.risk_appetite;L7.holders.institutional;L7.market.l2_quote;L7.mood.fomo;L7.trade.volume_turnover;L8.industry.demand_supply;L8.industry.price_war;L8.val.priced_in;L9.event.insider_trades;L9.event.news_flow;L9.event.recent_filings,
FCX.US,Freeport-McMoRan,US,NONFERROUS_METALS,59,1,5,51,2,0,67,0,73,250,29.20,"{""derive:l10_val_expansion_compression"": 1, ""derive:bootstrap_l11_subscore"": 11, ""derive:l11_long_score"": 1, ""derive:l11_mid_score"": 1, ""derive:l11_mode"": 1, ""derive:l11_short_score"": 1, ""derive:l11_trade_signal"": 1, ""fmp:balance-sheet"": 4, ""fmp:balance-sheet.derived"": 1, ""fmp:cash-flow"": 5, ""fmp:analyst-estimates"": 2, ""fmp:analyst-estimates.derived"": 2, ""fmp:income-statement"": 9, ""fmp:financial-growth"": 1, ""fmp:earnings.derived"": 1, ""fmp:discounted-cash-flow"": 1, ""fmp:key-metrics-ttm"": 1, ""fmp:ratios-ttm"": 5, ""derive:l6_path_second_derivative"": 1, ""derive:l6_path_tag"": 1, ""fmp:news.derived"": 1, ""derive:l6_sens_cashflow"": 1, ""derive:l6_sens_growth_margin"": 1, ""derive:l6_sens_rates"": 1, ""derive:l6_sens_risk_narrative"": 1, ""derive:l7_env_risk_appetite"": 1, ""fmp:beneficial-ownership"": 1, ""futu"": 1, ""derive:l7_mood_fomo"": 1, ""futu:snapshot"": 1, ""derive:l8_industry_demand_supply"": 1, ""derive:l8_industry_price_war"": 1, ""derive:l8_val_priced_in"": 1, ""fmp:insider-trading"": 1, ""fmp:news"": 1, ""fmp:sec-filings"": 1}",company,L2.newbiz.commercialization;L2.newbiz.revenue_contrib;L2.newbiz.tam;L2.newbiz.uncertainty;L2.newbiz.valuation_contrib,L10.val.expansion_compression;L11.long.business_model;L11.long.compete_moat;L11.long.industry_space;L11.long.margin;L11.long.score;L11.mid.eps_upward;L11.mid.margin_guidance;L11.mid.orders_revenue;L11.mid.score;L11.mode;L11.short.event_impact;L11.short.flow_boost;L11.short.score;L11.short.sentiment_shift;L11.short.technical;L11.trade.signal;L5.bs.ar_ap;L5.bs.cash_debt;L5.bs.goodwill_ppe;L5.bs.inventory;L5.bs.leverage;L5.cf.buyback_dividend;L5.cf.capex;L5.cf.fcf;L5.cf.icf_fcf;L5.cf.ocf;L5.fcst.eps_cf;L5.fcst.revenue_margin;L5.fcst.revisions;L5.is.cogs;L5.is.eps;L5.is.gross_margin;L5.is.gross_profit;L5.is.margins;L5.is.net_profit;L5.is.operating_profit;L5.is.revenue;L5.is.revenue_growth;L5.is.sga_rd;L5.surprise.preprice;L5.surprise.sell_side;L6.mult.dcf;L6.mult.ev_ebitda;L6.mult.mcap_fcf;L6.mult.pb;L6.mult.pe;L6.mult.peg;L6.mult.ps;L6.path.second_derivative;L6.path.tag;L6.priced.news_age;L6.sens.cashflow;L6.sens.growth_margin;L6.sens.rates;L6.sens.risk_narrative;L7.env.risk_appetite;L7.holders.institutional;L7.market.l2_quote;L7.mood.fomo;L7.trade.volume_turnover;L8.industry.demand_supply;L8.industry.price_war;L8.val.priced_in;L9.event.insider_trades;L9.event.news_flow;L9.event.recent_filings,
FLNC.US,Fluence,US,STORAGE_GRID,59,1,5,51,2,0,67,0,73,250,29.20,"{""derive:l10_val_expansion_compression"": 1, ""derive:bootstrap_l11_subscore"": 11, ""derive:l11_long_score"": 1, ""derive:l11_mid_score"": 1, ""derive:l11_mode"": 1, ""derive:l11_short_score"": 1, ""derive:l11_trade_signal"": 1, ""fmp:balance-sheet"": 4, ""fmp:balance-sheet.derived"": 1, ""fmp:cash-flow"": 5, ""fmp:analyst-estimates"": 2, ""fmp:analyst-estimates.derived"": 2, ""fmp:income-statement"": 9, ""fmp:financial-growth"": 1, ""fmp:earnings.derived"": 1, ""fmp:discounted-cash-flow"": 1, ""fmp:key-metrics-ttm"": 1, ""fmp:ratios-ttm"": 5, ""derive:l6_path_second_derivative"": 1, ""derive:l6_path_tag"": 1, ""fmp:news.derived"": 1, ""derive:l6_sens_cashflow"": 1, ""derive:l6_sens_growth_margin"": 1, ""derive:l6_sens_rates"": 1, ""derive:l6_sens_risk_narrative"": 1, ""derive:l7_env_risk_appetite"": 1, ""fmp:beneficial-ownership"": 1, ""futu"": 1, ""derive:l7_mood_fomo"": 1, ""futu:snapshot"": 1, ""derive:l8_industry_demand_supply"": 1, ""derive:l8_industry_price_war"": 1, ""derive:l8_val_priced_in"": 1, ""fmp:insider-trading"": 1, ""fmp:news"": 1, ""fmp:sec-filings"": 1}",company,L2.newbiz.commercialization;L2.newbiz.revenue_contrib;L2.newbiz.tam;L2.newbiz.uncertainty;L2.newbiz.valuation_contrib,L10.val.expansion_compression;L11.long.business_model;L11.long.compete_moat;L11.long.industry_space;L11.long.margin;L11.long.score;L11.mid.eps_upward;L11.mid.margin_guidance;L11.mid.orders_revenue;L11.mid.score;L11.mode;L11.short.event_impact;L11.short.flow_boost;L11.short.score;L11.short.sentiment_shift;L11.short.technical;L11.trade.signal;L5.bs.ar_ap;L5.bs.cash_debt;L5.bs.goodwill_ppe;L5.bs.inventory;L5.bs.leverage;L5.cf.buyback_dividend;L5.cf.capex;L5.cf.fcf;L5.cf.icf_fcf;L5.cf.ocf;L5.fcst.eps_cf;L5.fcst.revenue_margin;L5.fcst.revisions;L5.is.cogs;L5.is.eps;L5.is.gross_margin;L5.is.gross_profit;L5.is.margins;L5.is.net_profit;L5.is.operating_profit;L5.is.revenue;L5.is.revenue_growth;L5.is.sga_rd;L5.surprise.preprice;L5.surprise.sell_side;L6.mult.dcf;L6.mult.ev_ebitda;L6.mult.mcap_fcf;L6.mult.pb;L6.mult.pe;L6.mult.peg;L6.mult.ps;L6.path.second_derivative;L6.path.tag;L6.priced.news_age;L6.sens.cashflow;L6.sens.growth_margin;L6.sens.rates;L6.sens.risk_narrative;L7.env.risk_appetite;L7.holders.institutional;L7.market.l2_quote;L7.mood.fomo;L7.trade.volume_turnover;L8.industry.demand_supply;L8.industry.price_war;L8.val.priced_in;L9.event.insider_trades;L9.event.news_flow;L9.event.recent_filings,
FSLR.US,First Solar,US,STORAGE_GRID,59,1,5,51,2,0,67,0,73,250,29.20,"{""derive:l10_val_expansion_compression"": 1, ""derive:bootstrap_l11_subscore"": 11, ""derive:l11_long_score"": 1, ""derive:l11_mid_score"": 1, ""derive:l11_mode"": 1, ""derive:l11_short_score"": 1, ""derive:l11_trade_signal"": 1, ""fmp:balance-sheet"": 4, ""fmp:balance-sheet.derived"": 1, ""fmp:cash-flow"": 5, ""fmp:analyst-estimates"": 2, ""fmp:analyst-estimates.derived"": 2, ""fmp:income-statement"": 9, ""fmp:financial-growth"": 1, ""fmp:earnings.derived"": 1, ""fmp:discounted-cash-flow"": 1, ""fmp:key-metrics-ttm"": 1, ""fmp:ratios-ttm"": 5, ""derive:l6_path_second_derivative"": 1, ""derive:l6_path_tag"": 1, ""fmp:news.derived"": 1, ""derive:l6_sens_cashflow"": 1, ""derive:l6_sens_growth_margin"": 1, ""derive:l6_sens_rates"": 1, ""derive:l6_sens_risk_narrative"": 1, ""derive:l7_env_risk_appetite"": 1, ""fmp:beneficial-ownership"": 1, ""futu"": 1, ""derive:l7_mood_fomo"": 1, ""futu:snapshot"": 1, ""derive:l8_industry_demand_supply"": 1, ""derive:l8_industry_price_war"": 1, ""derive:l8_val_priced_in"": 1, ""fmp:insider-trading"": 1, ""fmp:news"": 1, ""fmp:sec-filings"": 1}",company,L2.newbiz.commercialization;L2.newbiz.revenue_contrib;L2.newbiz.tam;L2.newbiz.uncertainty;L2.newbiz.valuation_contrib,L10.val.expansion_compression;L11.long.business_model;L11.long.compete_moat;L11.long.industry_space;L11.long.margin;L11.long.score;L11.mid.eps_upward;L11.mid.margin_guidance;L11.mid.orders_revenue;L11.mid.score;L11.mode;L11.short.event_impact;L11.short.flow_boost;L11.short.score;L11.short.sentiment_shift;L11.short.technical;L11.trade.signal;L5.bs.ar_ap;L5.bs.cash_debt;L5.bs.goodwill_ppe;L5.bs.inventory;L5.bs.leverage;L5.cf.buyback_dividend;L5.cf.capex;L5.cf.fcf;L5.cf.icf_fcf;L5.cf.ocf;L5.fcst.eps_cf;L5.fcst.revenue_margin;L5.fcst.revisions;L5.is.cogs;L5.is.eps;L5.is.gross_margin;L5.is.gross_profit;L5.is.margins;L5.is.net_profit;L5.is.operating_profit;L5.is.revenue;L5.is.revenue_growth;L5.is.sga_rd;L5.surprise.preprice;L5.surprise.sell_side;L6.mult.dcf;L6.mult.ev_ebitda;L6.mult.mcap_fcf;L6.mult.pb;L6.mult.pe;L6.mult.peg;L6.mult.ps;L6.path.second_derivative;L6.path.tag;L6.priced.news_age;L6.sens.cashflow;L6.sens.growth_margin;L6.sens.rates;L6.sens.risk_narrative;L7.env.risk_appetite;L7.holders.institutional;L7.market.l2_quote;L7.mood.fomo;L7.trade.volume_turnover;L8.industry.demand_supply;L8.industry.price_war;L8.val.priced_in;L9.event.insider_trades;L9.event.news_flow;L9.event.recent_filings,
FUTU.US,Futu,US,HK_CN_INTERNET,59,1,5,51,2,0,67,0,73,250,29.20,"{""derive:l10_val_expansion_compression"": 1, ""derive:bootstrap_l11_subscore"": 11, ""derive:l11_long_score"": 1, ""derive:l11_mid_score"": 1, ""derive:l11_mode"": 1, ""derive:l11_short_score"": 1, ""derive:l11_trade_signal"": 1, ""fmp:balance-sheet"": 4, ""fmp:balance-sheet.derived"": 1, ""fmp:cash-flow"": 5, ""fmp:analyst-estimates"": 2, ""fmp:analyst-estimates.derived"": 2, ""fmp:income-statement"": 9, ""fmp:financial-growth"": 1, ""fmp:earnings.derived"": 1, ""fmp:discounted-cash-flow"": 1, ""fmp:key-metrics-ttm"": 1, ""fmp:ratios-ttm"": 5, ""derive:l6_path_second_derivative"": 1, ""derive:l6_path_tag"": 1, ""fmp:news.derived"": 1, ""derive:l6_sens_cashflow"": 1, ""derive:l6_sens_growth_margin"": 1, ""derive:l6_sens_rates"": 1, ""derive:l6_sens_risk_narrative"": 1, ""derive:l7_env_risk_appetite"": 1, ""fmp:beneficial-ownership"": 1, ""futu"": 1, ""derive:l7_mood_fomo"": 1, ""futu:snapshot"": 1, ""derive:l8_industry_demand_supply"": 1, ""derive:l8_industry_price_war"": 1, ""derive:l8_val_priced_in"": 1, ""fmp:insider-trading"": 1, ""fmp:news"": 1, ""fmp:sec-filings"": 1}",company,L2.newbiz.commercialization;L2.newbiz.revenue_contrib;L2.newbiz.tam;L2.newbiz.uncertainty;L2.newbiz.valuation_contrib,L10.val.expansion_compression;L11.long.business_model;L11.long.compete_moat;L11.long.industry_space;L11.long.margin;L11.long.score;L11.mid.eps_upward;L11.mid.margin_guidance;L11.mid.orders_revenue;L11.mid.score;L11.mode;L11.short.event_impact;L11.short.flow_boost;L11.short.score;L11.short.sentiment_shift;L11.short.technical;L11.trade.signal;L5.bs.ar_ap;L5.bs.cash_debt;L5.bs.goodwill_ppe;L5.bs.inventory;L5.bs.leverage;L5.cf.buyback_dividend;L5.cf.capex;L5.cf.fcf;L5.cf.icf_fcf;L5.cf.ocf;L5.fcst.eps_cf;L5.fcst.revenue_margin;L5.fcst.revisions;L5.is.cogs;L5.is.eps;L5.is.gross_margin;L5.is.gross_profit;L5.is.margins;L5.is.net_profit;L5.is.operating_profit;L5.is.revenue;L5.is.revenue_growth;L5.is.sga_rd;L5.surprise.preprice;L5.surprise.sell_side;L6.mult.dcf;L6.mult.ev_ebitda;L6.mult.mcap_fcf;L6.mult.pb;L6.mult.pe;L6.mult.peg;L6.mult.ps;L6.path.second_derivative;L6.path.tag;L6.priced.news_age;L6.sens.cashflow;L6.sens.growth_margin;L6.sens.rates;L6.sens.risk_narrative;L7.env.risk_appetite;L7.holders.institutional;L7.market.l2_quote;L7.mood.fomo;L7.trade.volume_turnover;L8.industry.demand_supply;L8.industry.price_war;L8.val.priced_in;L9.event.insider_trades;L9.event.news_flow;L9.event.recent_filings,
GE.US,GE Aerospace,US,EXPORT_MFG,59,1,5,51,2,0,67,0,73,250,29.20,"{""derive:l10_val_expansion_compression"": 1, ""derive:bootstrap_l11_subscore"": 11, ""derive:l11_long_score"": 1, ""derive:l11_mid_score"": 1, ""derive:l11_mode"": 1, ""derive:l11_short_score"": 1, ""derive:l11_trade_signal"": 1, ""fmp:balance-sheet"": 4, ""fmp:balance-sheet.derived"": 1, ""fmp:cash-flow"": 5, ""fmp:analyst-estimates"": 2, ""fmp:analyst-estimates.derived"": 2, ""fmp:income-statement"": 9, ""fmp:financial-growth"": 1, ""fmp:earnings.derived"": 1, ""fmp:discounted-cash-flow"": 1, ""fmp:key-metrics-ttm"": 1, ""fmp:ratios-ttm"": 5, ""derive:l6_path_second_derivative"": 1, ""derive:l6_path_tag"": 1, ""fmp:news.derived"": 1, ""derive:l6_sens_cashflow"": 1, ""derive:l6_sens_growth_margin"": 1, ""derive:l6_sens_rates"": 1, ""derive:l6_sens_risk_narrative"": 1, ""derive:l7_env_risk_appetite"": 1, ""fmp:beneficial-ownership"": 1, ""futu"": 1, ""derive:l7_mood_fomo"": 1, ""futu:snapshot"": 1, ""derive:l8_industry_demand_supply"": 1, ""derive:l8_industry_price_war"": 1, ""derive:l8_val_priced_in"": 1, ""fmp:insider-trading"": 1, ""fmp:news"": 1, ""fmp:sec-filings"": 1}",company,L2.newbiz.commercialization;L2.newbiz.revenue_contrib;L2.newbiz.tam;L2.newbiz.uncertainty;L2.newbiz.valuation_contrib,L10.val.expansion_compression;L11.long.business_model;L11.long.compete_moat;L11.long.industry_space;L11.long.margin;L11.long.score;L11.mid.eps_upward;L11.mid.margin_guidance;L11.mid.orders_revenue;L11.mid.score;L11.mode;L11.short.event_impact;L11.short.flow_boost;L11.short.score;L11.short.sentiment_shift;L11.short.technical;L11.trade.signal;L5.bs.ar_ap;L5.bs.cash_debt;L5.bs.goodwill_ppe;L5.bs.inventory;L5.bs.leverage;L5.cf.buyback_dividend;L5.cf.capex;L5.cf.fcf;L5.cf.icf_fcf;L5.cf.ocf;L5.fcst.eps_cf;L5.fcst.revenue_margin;L5.fcst.revisions;L5.is.cogs;L5.is.eps;L5.is.gross_margin;L5.is.gross_profit;L5.is.margins;L5.is.net_profit;L5.is.operating_profit;L5.is.revenue;L5.is.revenue_growth;L5.is.sga_rd;L5.surprise.preprice;L5.surprise.sell_side;L6.mult.dcf;L6.mult.ev_ebitda;L6.mult.mcap_fcf;L6.mult.pb;L6.mult.pe;L6.mult.peg;L6.mult.ps;L6.path.second_derivative;L6.path.tag;L6.priced.news_age;L6.sens.cashflow;L6.sens.growth_margin;L6.sens.rates;L6.sens.risk_narrative;L7.env.risk_appetite;L7.holders.institutional;L7.market.l2_quote;L7.mood.fomo;L7.trade.volume_turnover;L8.industry.demand_supply;L8.industry.price_war;L8.val.priced_in;L9.event.insider_trades;L9.event.news_flow;L9.event.recent_filings,
GEV.US,GE Vernova,US,STORAGE_GRID|EXPORT_MFG,59,1,5,51,2,0,67,0,73,250,29.20,"{""derive:l10_val_expansion_compression"": 1, ""derive:bootstrap_l11_subscore"": 11, ""derive:l11_long_score"": 1, ""derive:l11_mid_score"": 1, ""derive:l11_mode"": 1, ""derive:l11_short_score"": 1, ""derive:l11_trade_signal"": 1, ""fmp:balance-sheet"": 4, ""fmp:balance-sheet.derived"": 1, ""fmp:cash-flow"": 5, ""fmp:analyst-estimates"": 2, ""fmp:analyst-estimates.derived"": 2, ""fmp:income-statement"": 9, ""fmp:financial-growth"": 1, ""fmp:earnings.derived"": 1, ""fmp:discounted-cash-flow"": 1, ""fmp:key-metrics-ttm"": 1, ""fmp:ratios-ttm"": 5, ""derive:l6_path_second_derivative"": 1, ""derive:l6_path_tag"": 1, ""fmp:news.derived"": 1, ""derive:l6_sens_cashflow"": 1, ""derive:l6_sens_growth_margin"": 1, ""derive:l6_sens_rates"": 1, ""derive:l6_sens_risk_narrative"": 1, ""derive:l7_env_risk_appetite"": 1, ""fmp:beneficial-ownership"": 1, ""futu"": 1, ""derive:l7_mood_fomo"": 1, ""futu:snapshot"": 1, ""derive:l8_industry_demand_supply"": 1, ""derive:l8_industry_price_war"": 1, ""derive:l8_val_priced_in"": 1, ""fmp:insider-trading"": 1, ""fmp:news"": 1, ""fmp:sec-filings"": 1}",company,L2.newbiz.commercialization;L2.newbiz.revenue_contrib;L2.newbiz.tam;L2.newbiz.uncertainty;L2.newbiz.valuation_contrib,L10.val.expansion_compression;L11.long.business_model;L11.long.compete_moat;L11.long.industry_space;L11.long.margin;L11.long.score;L11.mid.eps_upward;L11.mid.margin_guidance;L11.mid.orders_revenue;L11.mid.score;L11.mode;L11.short.event_impact;L11.short.flow_boost;L11.short.score;L11.short.sentiment_shift;L11.short.technical;L11.trade.signal;L5.bs.ar_ap;L5.bs.cash_debt;L5.bs.goodwill_ppe;L5.bs.inventory;L5.bs.leverage;L5.cf.buyback_dividend;L5.cf.capex;L5.cf.fcf;L5.cf.icf_fcf;L5.cf.ocf;L5.fcst.eps_cf;L5.fcst.revenue_margin;L5.fcst.revisions;L5.is.cogs;L5.is.eps;L5.is.gross_margin;L5.is.gross_profit;L5.is.margins;L5.is.net_profit;L5.is.operating_profit;L5.is.revenue;L5.is.revenue_growth;L5.is.sga_rd;L5.surprise.preprice;L5.surprise.sell_side;L6.mult.dcf;L6.mult.ev_ebitda;L6.mult.mcap_fcf;L6.mult.pb;L6.mult.pe;L6.mult.peg;L6.mult.ps;L6.path.second_derivative;L6.path.tag;L6.priced.news_age;L6.sens.cashflow;L6.sens.growth_margin;L6.sens.rates;L6.sens.risk_narrative;L7.env.risk_appetite;L7.holders.institutional;L7.market.l2_quote;L7.mood.fomo;L7.trade.volume_turnover;L8.industry.demand_supply;L8.industry.price_war;L8.val.priced_in;L9.event.insider_trades;L9.event.news_flow;L9.event.recent_filings,
GFS.US,GlobalFoundries,US,SEMI_EQUIPMENT,59,1,5,51,2,0,67,0,73,250,29.20,"{""derive:l10_val_expansion_compression"": 1, ""derive:bootstrap_l11_subscore"": 11, ""derive:l11_long_score"": 1, ""derive:l11_mid_score"": 1, ""derive:l11_mode"": 1, ""derive:l11_short_score"": 1, ""derive:l11_trade_signal"": 1, ""fmp:balance-sheet"": 4, ""fmp:balance-sheet.derived"": 1, ""fmp:cash-flow"": 5, ""fmp:analyst-estimates"": 2, ""fmp:analyst-estimates.derived"": 2, ""fmp:income-statement"": 9, ""fmp:financial-growth"": 1, ""fmp:earnings.derived"": 1, ""fmp:discounted-cash-flow"": 1, ""fmp:key-metrics-ttm"": 1, ""fmp:ratios-ttm"": 5, ""derive:l6_path_second_derivative"": 1, ""derive:l6_path_tag"": 1, ""fmp:news.derived"": 1, ""derive:l6_sens_cashflow"": 1, ""derive:l6_sens_growth_margin"": 1, ""derive:l6_sens_rates"": 1, ""derive:l6_sens_risk_narrative"": 1, ""derive:l7_env_risk_appetite"": 1, ""fmp:beneficial-ownership"": 1, ""futu"": 1, ""derive:l7_mood_fomo"": 1, ""futu:snapshot"": 1, ""derive:l8_industry_demand_supply"": 1, ""derive:l8_industry_price_war"": 1, ""derive:l8_val_priced_in"": 1, ""fmp:insider-trading"": 1, ""fmp:news"": 1, ""fmp:sec-filings"": 1}",company,L2.newbiz.commercialization;L2.newbiz.revenue_contrib;L2.newbiz.tam;L2.newbiz.uncertainty;L2.newbiz.valuation_contrib,L10.val.expansion_compression;L11.long.business_model;L11.long.compete_moat;L11.long.industry_space;L11.long.margin;L11.long.score;L11.mid.eps_upward;L11.mid.margin_guidance;L11.mid.orders_revenue;L11.mid.score;L11.mode;L11.short.event_impact;L11.short.flow_boost;L11.short.score;L11.short.sentiment_shift;L11.short.technical;L11.trade.signal;L5.bs.ar_ap;L5.bs.cash_debt;L5.bs.goodwill_ppe;L5.bs.inventory;L5.bs.leverage;L5.cf.buyback_dividend;L5.cf.capex;L5.cf.fcf;L5.cf.icf_fcf;L5.cf.ocf;L5.fcst.eps_cf;L5.fcst.revenue_margin;L5.fcst.revisions;L5.is.cogs;L5.is.eps;L5.is.gross_margin;L5.is.gross_profit;L5.is.margins;L5.is.net_profit;L5.is.operating_profit;L5.is.revenue;L5.is.revenue_growth;L5.is.sga_rd;L5.surprise.preprice;L5.surprise.sell_side;L6.mult.dcf;L6.mult.ev_ebitda;L6.mult.mcap_fcf;L6.mult.pb;L6.mult.pe;L6.mult.peg;L6.mult.ps;L6.path.second_derivative;L6.path.tag;L6.priced.news_age;L6.sens.cashflow;L6.sens.growth_margin;L6.sens.rates;L6.sens.risk_narrative;L7.env.risk_appetite;L7.holders.institutional;L7.market.l2_quote;L7.mood.fomo;L7.trade.volume_turnover;L8.industry.demand_supply;L8.industry.price_war;L8.val.priced_in;L9.event.insider_trades;L9.event.news_flow;L9.event.recent_filings,
GILD.US,Gilead,US,INNOVATIVE_PHARMA,59,1,5,51,2,0,67,0,73,250,29.20,"{""derive:l10_val_expansion_compression"": 1, ""derive:bootstrap_l11_subscore"": 11, ""derive:l11_long_score"": 1, ""derive:l11_mid_score"": 1, ""derive:l11_mode"": 1, ""derive:l11_short_score"": 1, ""derive:l11_trade_signal"": 1, ""fmp:balance-sheet"": 4, ""fmp:balance-sheet.derived"": 1, ""fmp:cash-flow"": 5, ""fmp:analyst-estimates"": 2, ""fmp:analyst-estimates.derived"": 2, ""fmp:income-statement"": 9, ""fmp:financial-growth"": 1, ""fmp:earnings.derived"": 1, ""fmp:discounted-cash-flow"": 1, ""fmp:key-metrics-ttm"": 1, ""fmp:ratios-ttm"": 5, ""derive:l6_path_second_derivative"": 1, ""derive:l6_path_tag"": 1, ""fmp:news.derived"": 1, ""derive:l6_sens_cashflow"": 1, ""derive:l6_sens_growth_margin"": 1, ""derive:l6_sens_rates"": 1, ""derive:l6_sens_risk_narrative"": 1, ""derive:l7_env_risk_appetite"": 1, ""fmp:beneficial-ownership"": 1, ""futu"": 1, ""derive:l7_mood_fomo"": 1, ""futu:snapshot"": 1, ""derive:l8_industry_demand_supply"": 1, ""derive:l8_industry_price_war"": 1, ""derive:l8_val_priced_in"": 1, ""fmp:insider-trading"": 1, ""fmp:news"": 1, ""fmp:sec-filings"": 1}",company,L2.newbiz.commercialization;L2.newbiz.revenue_contrib;L2.newbiz.tam;L2.newbiz.uncertainty;L2.newbiz.valuation_contrib,L10.val.expansion_compression;L11.long.business_model;L11.long.compete_moat;L11.long.industry_space;L11.long.margin;L11.long.score;L11.mid.eps_upward;L11.mid.margin_guidance;L11.mid.orders_revenue;L11.mid.score;L11.mode;L11.short.event_impact;L11.short.flow_boost;L11.short.score;L11.short.sentiment_shift;L11.short.technical;L11.trade.signal;L5.bs.ar_ap;L5.bs.cash_debt;L5.bs.goodwill_ppe;L5.bs.inventory;L5.bs.leverage;L5.cf.buyback_dividend;L5.cf.capex;L5.cf.fcf;L5.cf.icf_fcf;L5.cf.ocf;L5.fcst.eps_cf;L5.fcst.revenue_margin;L5.fcst.revisions;L5.is.cogs;L5.is.eps;L5.is.gross_margin;L5.is.gross_profit;L5.is.margins;L5.is.net_profit;L5.is.operating_profit;L5.is.revenue;L5.is.revenue_growth;L5.is.sga_rd;L5.surprise.preprice;L5.surprise.sell_side;L6.mult.dcf;L6.mult.ev_ebitda;L6.mult.mcap_fcf;L6.mult.pb;L6.mult.pe;L6.mult.peg;L6.mult.ps;L6.path.second_derivative;L6.path.tag;L6.priced.news_age;L6.sens.cashflow;L6.sens.growth_margin;L6.sens.rates;L6.sens.risk_narrative;L7.env.risk_appetite;L7.holders.institutional;L7.market.l2_quote;L7.mood.fomo;L7.trade.volume_turnover;L8.industry.demand_supply;L8.industry.price_war;L8.val.priced_in;L9.event.insider_trades;L9.event.news_flow;L9.event.recent_filings,
GLW.US,Corning,US,CONSUMER_ELECTRONICS,59,1,5,51,2,0,67,0,73,250,29.20,"{""derive:l10_val_expansion_compression"": 1, ""derive:bootstrap_l11_subscore"": 11, ""derive:l11_long_score"": 1, ""derive:l11_mid_score"": 1, ""derive:l11_mode"": 1, ""derive:l11_short_score"": 1, ""derive:l11_trade_signal"": 1, ""fmp:balance-sheet"": 4, ""fmp:balance-sheet.derived"": 1, ""fmp:cash-flow"": 5, ""fmp:analyst-estimates"": 2, ""fmp:analyst-estimates.derived"": 2, ""fmp:income-statement"": 9, ""fmp:financial-growth"": 1, ""fmp:earnings.derived"": 1, ""fmp:discounted-cash-flow"": 1, ""fmp:key-metrics-ttm"": 1, ""fmp:ratios-ttm"": 5, ""derive:l6_path_second_derivative"": 1, ""derive:l6_path_tag"": 1, ""fmp:news.derived"": 1, ""derive:l6_sens_cashflow"": 1, ""derive:l6_sens_growth_margin"": 1, ""derive:l6_sens_rates"": 1, ""derive:l6_sens_risk_narrative"": 1, ""derive:l7_env_risk_appetite"": 1, ""fmp:beneficial-ownership"": 1, ""futu"": 1, ""derive:l7_mood_fomo"": 1, ""futu:snapshot"": 1, ""derive:l8_industry_demand_supply"": 1, ""derive:l8_industry_price_war"": 1, ""derive:l8_val_priced_in"": 1, ""fmp:insider-trading"": 1, ""fmp:news"": 1, ""fmp:sec-filings"": 1}",company,L2.newbiz.commercialization;L2.newbiz.revenue_contrib;L2.newbiz.tam;L2.newbiz.uncertainty;L2.newbiz.valuation_contrib,L10.val.expansion_compression;L11.long.business_model;L11.long.compete_moat;L11.long.industry_space;L11.long.margin;L11.long.score;L11.mid.eps_upward;L11.mid.margin_guidance;L11.mid.orders_revenue;L11.mid.score;L11.mode;L11.short.event_impact;L11.short.flow_boost;L11.short.score;L11.short.sentiment_shift;L11.short.technical;L11.trade.signal;L5.bs.ar_ap;L5.bs.cash_debt;L5.bs.goodwill_ppe;L5.bs.inventory;L5.bs.leverage;L5.cf.buyback_dividend;L5.cf.capex;L5.cf.fcf;L5.cf.icf_fcf;L5.cf.ocf;L5.fcst.eps_cf;L5.fcst.revenue_margin;L5.fcst.revisions;L5.is.cogs;L5.is.eps;L5.is.gross_margin;L5.is.gross_profit;L5.is.margins;L5.is.net_profit;L5.is.operating_profit;L5.is.revenue;L5.is.revenue_growth;L5.is.sga_rd;L5.surprise.preprice;L5.surprise.sell_side;L6.mult.dcf;L6.mult.ev_ebitda;L6.mult.mcap_fcf;L6.mult.pb;L6.mult.pe;L6.mult.peg;L6.mult.ps;L6.path.second_derivative;L6.path.tag;L6.priced.news_age;L6.sens.cashflow;L6.sens.growth_margin;L6.sens.rates;L6.sens.risk_narrative;L7.env.risk_appetite;L7.holders.institutional;L7.market.l2_quote;L7.mood.fomo;L7.trade.volume_turnover;L8.industry.demand_supply;L8.industry.price_war;L8.val.priced_in;L9.event.insider_trades;L9.event.news_flow;L9.event.recent_filings,
GOOGL.US,Alphabet (Google),US,AI_COMPUTE,59,1,5,51,2,0,68,0,74,250,29.60,"{""derive:l10_val_expansion_compression"": 1, ""derive:bootstrap_l11_subscore"": 11, ""derive:l11_long_score"": 1, ""derive:l11_mid_score"": 1, ""derive:l11_mode"": 1, ""derive:l11_short_score"": 1, ""derive:l11_trade_signal"": 1, ""fmp:balance-sheet"": 4, ""fmp:balance-sheet.derived"": 1, ""fmp:cash-flow"": 5, ""fmp:analyst-estimates"": 2, ""fmp:analyst-estimates.derived"": 2, ""fmp:income-statement"": 9, ""fmp:financial-growth"": 1, ""fmp:earnings.derived"": 1, ""fmp:discounted-cash-flow"": 1, ""fmp:key-metrics-ttm"": 1, ""fmp:ratios-ttm"": 5, ""derive:l6_path_second_derivative"": 1, ""derive:l6_path_tag"": 1, ""fmp:news.derived"": 1, ""derive:l6_sens_cashflow"": 1, ""derive:l6_sens_growth_margin"": 1, ""derive:l6_sens_rates"": 1, ""derive:l6_sens_risk_narrative"": 1, ""derive:l7_env_risk_appetite"": 1, ""futu:capital_flow"": 1, ""fmp:beneficial-ownership"": 1, ""futu"": 1, ""derive:l7_mood_fomo"": 1, ""futu:snapshot"": 1, ""derive:l8_industry_demand_supply"": 1, ""derive:l8_industry_price_war"": 1, ""derive:l8_val_priced_in"": 1, ""fmp:insider-trading"": 1, ""fmp:news"": 1, ""fmp:sec-filings"": 1}",company,L2.newbiz.commercialization;L2.newbiz.revenue_contrib;L2.newbiz.tam;L2.newbiz.uncertainty;L2.newbiz.valuation_contrib,L10.val.expansion_compression;L11.long.business_model;L11.long.compete_moat;L11.long.industry_space;L11.long.margin;L11.long.score;L11.mid.eps_upward;L11.mid.margin_guidance;L11.mid.orders_revenue;L11.mid.score;L11.mode;L11.short.event_impact;L11.short.flow_boost;L11.short.score;L11.short.sentiment_shift;L11.short.technical;L11.trade.signal;L5.bs.ar_ap;L5.bs.cash_debt;L5.bs.goodwill_ppe;L5.bs.inventory;L5.bs.leverage;L5.cf.buyback_dividend;L5.cf.capex;L5.cf.fcf;L5.cf.icf_fcf;L5.cf.ocf;L5.fcst.eps_cf;L5.fcst.revenue_margin;L5.fcst.revisions;L5.is.cogs;L5.is.eps;L5.is.gross_margin;L5.is.gross_profit;L5.is.margins;L5.is.net_profit;L5.is.operating_profit;L5.is.revenue;L5.is.revenue_growth;L5.is.sga_rd;L5.surprise.preprice;L5.surprise.sell_side;L6.mult.dcf;L6.mult.ev_ebitda;L6.mult.mcap_fcf;L6.mult.pb;L6.mult.pe;L6.mult.peg;L6.mult.ps;L6.path.second_derivative;L6.path.tag;L6.priced.news_age;L6.sens.cashflow;L6.sens.growth_margin;L6.sens.rates;L6.sens.risk_narrative;L7.env.risk_appetite;L7.flow.active_inflow;L7.holders.institutional;L7.market.l2_quote;L7.mood.fomo;L7.trade.volume_turnover;L8.industry.demand_supply;L8.industry.price_war;L8.val.priced_in;L9.event.insider_trades;L9.event.news_flow;L9.event.recent_filings,
GS.US,Goldman Sachs,US,FINANCIAL_HIGH_DIVIDEND,59,1,5,51,2,0,67,0,73,250,29.20,"{""derive:l10_val_expansion_compression"": 1, ""derive:bootstrap_l11_subscore"": 11, ""derive:l11_long_score"": 1, ""derive:l11_mid_score"": 1, ""derive:l11_mode"": 1, ""derive:l11_short_score"": 1, ""derive:l11_trade_signal"": 1, ""fmp:balance-sheet"": 4, ""fmp:balance-sheet.derived"": 1, ""fmp:cash-flow"": 5, ""fmp:analyst-estimates"": 2, ""fmp:analyst-estimates.derived"": 2, ""fmp:income-statement"": 9, ""fmp:financial-growth"": 1, ""fmp:earnings.derived"": 1, ""fmp:discounted-cash-flow"": 1, ""fmp:key-metrics-ttm"": 1, ""fmp:ratios-ttm"": 5, ""derive:l6_path_second_derivative"": 1, ""derive:l6_path_tag"": 1, ""fmp:news.derived"": 1, ""derive:l6_sens_cashflow"": 1, ""derive:l6_sens_growth_margin"": 1, ""derive:l6_sens_rates"": 1, ""derive:l6_sens_risk_narrative"": 1, ""derive:l7_env_risk_appetite"": 1, ""fmp:beneficial-ownership"": 1, ""futu"": 1, ""derive:l7_mood_fomo"": 1, ""futu:snapshot"": 1, ""derive:l8_industry_demand_supply"": 1, ""derive:l8_industry_price_war"": 1, ""derive:l8_val_priced_in"": 1, ""fmp:insider-trading"": 1, ""fmp:news"": 1, ""fmp:sec-filings"": 1}",company,L2.newbiz.commercialization;L2.newbiz.revenue_contrib;L2.newbiz.tam;L2.newbiz.uncertainty;L2.newbiz.valuation_contrib,L10.val.expansion_compression;L11.long.business_model;L11.long.compete_moat;L11.long.industry_space;L11.long.margin;L11.long.score;L11.mid.eps_upward;L11.mid.margin_guidance;L11.mid.orders_revenue;L11.mid.score;L11.mode;L11.short.event_impact;L11.short.flow_boost;L11.short.score;L11.short.sentiment_shift;L11.short.technical;L11.trade.signal;L5.bs.ar_ap;L5.bs.cash_debt;L5.bs.goodwill_ppe;L5.bs.inventory;L5.bs.leverage;L5.cf.buyback_dividend;L5.cf.capex;L5.cf.fcf;L5.cf.icf_fcf;L5.cf.ocf;L5.fcst.eps_cf;L5.fcst.revenue_margin;L5.fcst.revisions;L5.is.cogs;L5.is.eps;L5.is.gross_margin;L5.is.gross_profit;L5.is.margins;L5.is.net_profit;L5.is.operating_profit;L5.is.revenue;L5.is.revenue_growth;L5.is.sga_rd;L5.surprise.preprice;L5.surprise.sell_side;L6.mult.dcf;L6.mult.ev_ebitda;L6.mult.mcap_fcf;L6.mult.pb;L6.mult.pe;L6.mult.peg;L6.mult.ps;L6.path.second_derivative;L6.path.tag;L6.priced.news_age;L6.sens.cashflow;L6.sens.growth_margin;L6.sens.rates;L6.sens.risk_narrative;L7.env.risk_appetite;L7.holders.institutional;L7.market.l2_quote;L7.mood.fomo;L7.trade.volume_turnover;L8.industry.demand_supply;L8.industry.price_war;L8.val.priced_in;L9.event.insider_trades;L9.event.news_flow;L9.event.recent_filings,
HLT.US,Hilton,US,DOMESTIC_CONSUMPTION,59,1,5,51,2,0,67,0,73,250,29.20,"{""derive:l10_val_expansion_compression"": 1, ""derive:bootstrap_l11_subscore"": 11, ""derive:l11_long_score"": 1, ""derive:l11_mid_score"": 1, ""derive:l11_mode"": 1, ""derive:l11_short_score"": 1, ""derive:l11_trade_signal"": 1, ""fmp:balance-sheet"": 4, ""fmp:balance-sheet.derived"": 1, ""fmp:cash-flow"": 5, ""fmp:analyst-estimates"": 2, ""fmp:analyst-estimates.derived"": 2, ""fmp:income-statement"": 9, ""fmp:financial-growth"": 1, ""fmp:earnings.derived"": 1, ""fmp:discounted-cash-flow"": 1, ""fmp:key-metrics-ttm"": 1, ""fmp:ratios-ttm"": 5, ""derive:l6_path_second_derivative"": 1, ""derive:l6_path_tag"": 1, ""fmp:news.derived"": 1, ""derive:l6_sens_cashflow"": 1, ""derive:l6_sens_growth_margin"": 1, ""derive:l6_sens_rates"": 1, ""derive:l6_sens_risk_narrative"": 1, ""derive:l7_env_risk_appetite"": 1, ""fmp:beneficial-ownership"": 1, ""futu"": 1, ""derive:l7_mood_fomo"": 1, ""futu:snapshot"": 1, ""derive:l8_industry_demand_supply"": 1, ""derive:l8_industry_price_war"": 1, ""derive:l8_val_priced_in"": 1, ""fmp:insider-trading"": 1, ""fmp:news"": 1, ""fmp:sec-filings"": 1}",company,L2.newbiz.commercialization;L2.newbiz.revenue_contrib;L2.newbiz.tam;L2.newbiz.uncertainty;L2.newbiz.valuation_contrib,L10.val.expansion_compression;L11.long.business_model;L11.long.compete_moat;L11.long.industry_space;L11.long.margin;L11.long.score;L11.mid.eps_upward;L11.mid.margin_guidance;L11.mid.orders_revenue;L11.mid.score;L11.mode;L11.short.event_impact;L11.short.flow_boost;L11.short.score;L11.short.sentiment_shift;L11.short.technical;L11.trade.signal;L5.bs.ar_ap;L5.bs.cash_debt;L5.bs.goodwill_ppe;L5.bs.inventory;L5.bs.leverage;L5.cf.buyback_dividend;L5.cf.capex;L5.cf.fcf;L5.cf.icf_fcf;L5.cf.ocf;L5.fcst.eps_cf;L5.fcst.revenue_margin;L5.fcst.revisions;L5.is.cogs;L5.is.eps;L5.is.gross_margin;L5.is.gross_profit;L5.is.margins;L5.is.net_profit;L5.is.operating_profit;L5.is.revenue;L5.is.revenue_growth;L5.is.sga_rd;L5.surprise.preprice;L5.surprise.sell_side;L6.mult.dcf;L6.mult.ev_ebitda;L6.mult.mcap_fcf;L6.mult.pb;L6.mult.pe;L6.mult.peg;L6.mult.ps;L6.path.second_derivative;L6.path.tag;L6.priced.news_age;L6.sens.cashflow;L6.sens.growth_margin;L6.sens.rates;L6.sens.risk_narrative;L7.env.risk_appetite;L7.holders.institutional;L7.market.l2_quote;L7.mood.fomo;L7.trade.volume_turnover;L8.industry.demand_supply;L8.industry.price_war;L8.val.priced_in;L9.event.insider_trades;L9.event.news_flow;L9.event.recent_filings,
HON.US,Honeywell,US,ROBOTICS,59,1,5,51,2,0,67,0,73,250,29.20,"{""derive:l10_val_expansion_compression"": 1, ""derive:bootstrap_l11_subscore"": 11, ""derive:l11_long_score"": 1, ""derive:l11_mid_score"": 1, ""derive:l11_mode"": 1, ""derive:l11_short_score"": 1, ""derive:l11_trade_signal"": 1, ""fmp:balance-sheet"": 4, ""fmp:balance-sheet.derived"": 1, ""fmp:cash-flow"": 5, ""fmp:analyst-estimates"": 2, ""fmp:analyst-estimates.derived"": 2, ""fmp:income-statement"": 9, ""fmp:financial-growth"": 1, ""fmp:earnings.derived"": 1, ""fmp:discounted-cash-flow"": 1, ""fmp:key-metrics-ttm"": 1, ""fmp:ratios-ttm"": 5, ""derive:l6_path_second_derivative"": 1, ""derive:l6_path_tag"": 1, ""fmp:news.derived"": 1, ""derive:l6_sens_cashflow"": 1, ""derive:l6_sens_growth_margin"": 1, ""derive:l6_sens_rates"": 1, ""derive:l6_sens_risk_narrative"": 1, ""derive:l7_env_risk_appetite"": 1, ""fmp:beneficial-ownership"": 1, ""futu"": 1, ""derive:l7_mood_fomo"": 1, ""futu:snapshot"": 1, ""derive:l8_industry_demand_supply"": 1, ""derive:l8_industry_price_war"": 1, ""derive:l8_val_priced_in"": 1, ""fmp:insider-trading"": 1, ""fmp:news"": 1, ""fmp:sec-filings"": 1}",company,L2.newbiz.commercialization;L2.newbiz.revenue_contrib;L2.newbiz.tam;L2.newbiz.uncertainty;L2.newbiz.valuation_contrib,L10.val.expansion_compression;L11.long.business_model;L11.long.compete_moat;L11.long.industry_space;L11.long.margin;L11.long.score;L11.mid.eps_upward;L11.mid.margin_guidance;L11.mid.orders_revenue;L11.mid.score;L11.mode;L11.short.event_impact;L11.short.flow_boost;L11.short.score;L11.short.sentiment_shift;L11.short.technical;L11.trade.signal;L5.bs.ar_ap;L5.bs.cash_debt;L5.bs.goodwill_ppe;L5.bs.inventory;L5.bs.leverage;L5.cf.buyback_dividend;L5.cf.capex;L5.cf.fcf;L5.cf.icf_fcf;L5.cf.ocf;L5.fcst.eps_cf;L5.fcst.revenue_margin;L5.fcst.revisions;L5.is.cogs;L5.is.eps;L5.is.gross_margin;L5.is.gross_profit;L5.is.margins;L5.is.net_profit;L5.is.operating_profit;L5.is.revenue;L5.is.revenue_growth;L5.is.sga_rd;L5.surprise.preprice;L5.surprise.sell_side;L6.mult.dcf;L6.mult.ev_ebitda;L6.mult.mcap_fcf;L6.mult.pb;L6.mult.pe;L6.mult.peg;L6.mult.ps;L6.path.second_derivative;L6.path.tag;L6.priced.news_age;L6.sens.cashflow;L6.sens.growth_margin;L6.sens.rates;L6.sens.risk_narrative;L7.env.risk_appetite;L7.holders.institutional;L7.market.l2_quote;L7.mood.fomo;L7.trade.volume_turnover;L8.industry.demand_supply;L8.industry.price_war;L8.val.priced_in;L9.event.insider_trades;L9.event.news_flow;L9.event.recent_filings,
HPQ.US,HP,US,CONSUMER_ELECTRONICS,59,1,5,51,2,0,67,0,73,250,29.20,"{""derive:l10_val_expansion_compression"": 1, ""derive:bootstrap_l11_subscore"": 11, ""derive:l11_long_score"": 1, ""derive:l11_mid_score"": 1, ""derive:l11_mode"": 1, ""derive:l11_short_score"": 1, ""derive:l11_trade_signal"": 1, ""fmp:balance-sheet"": 4, ""fmp:balance-sheet.derived"": 1, ""fmp:cash-flow"": 5, ""fmp:analyst-estimates"": 2, ""fmp:analyst-estimates.derived"": 2, ""fmp:income-statement"": 9, ""fmp:financial-growth"": 1, ""fmp:earnings.derived"": 1, ""fmp:discounted-cash-flow"": 1, ""fmp:key-metrics-ttm"": 1, ""fmp:ratios-ttm"": 5, ""derive:l6_path_second_derivative"": 1, ""derive:l6_path_tag"": 1, ""fmp:news.derived"": 1, ""derive:l6_sens_cashflow"": 1, ""derive:l6_sens_growth_margin"": 1, ""derive:l6_sens_rates"": 1, ""derive:l6_sens_risk_narrative"": 1, ""derive:l7_env_risk_appetite"": 1, ""fmp:beneficial-ownership"": 1, ""futu"": 1, ""derive:l7_mood_fomo"": 1, ""futu:snapshot"": 1, ""derive:l8_industry_demand_supply"": 1, ""derive:l8_industry_price_war"": 1, ""derive:l8_val_priced_in"": 1, ""fmp:insider-trading"": 1, ""fmp:news"": 1, ""fmp:sec-filings"": 1}",company,L2.newbiz.commercialization;L2.newbiz.revenue_contrib;L2.newbiz.tam;L2.newbiz.uncertainty;L2.newbiz.valuation_contrib,L10.val.expansion_compression;L11.long.business_model;L11.long.compete_moat;L11.long.industry_space;L11.long.margin;L11.long.score;L11.mid.eps_upward;L11.mid.margin_guidance;L11.mid.orders_revenue;L11.mid.score;L11.mode;L11.short.event_impact;L11.short.flow_boost;L11.short.score;L11.short.sentiment_shift;L11.short.technical;L11.trade.signal;L5.bs.ar_ap;L5.bs.cash_debt;L5.bs.goodwill_ppe;L5.bs.inventory;L5.bs.leverage;L5.cf.buyback_dividend;L5.cf.capex;L5.cf.fcf;L5.cf.icf_fcf;L5.cf.ocf;L5.fcst.eps_cf;L5.fcst.revenue_margin;L5.fcst.revisions;L5.is.cogs;L5.is.eps;L5.is.gross_margin;L5.is.gross_profit;L5.is.margins;L5.is.net_profit;L5.is.operating_profit;L5.is.revenue;L5.is.revenue_growth;L5.is.sga_rd;L5.surprise.preprice;L5.surprise.sell_side;L6.mult.dcf;L6.mult.ev_ebitda;L6.mult.mcap_fcf;L6.mult.pb;L6.mult.pe;L6.mult.peg;L6.mult.ps;L6.path.second_derivative;L6.path.tag;L6.priced.news_age;L6.sens.cashflow;L6.sens.growth_margin;L6.sens.rates;L6.sens.risk_narrative;L7.env.risk_appetite;L7.holders.institutional;L7.market.l2_quote;L7.mood.fomo;L7.trade.volume_turnover;L8.industry.demand_supply;L8.industry.price_war;L8.val.priced_in;L9.event.insider_trades;L9.event.news_flow;L9.event.recent_filings,
INTC.US,Intel,US,CONSUMER_ELECTRONICS,59,1,5,51,2,0,67,0,73,250,29.20,"{""derive:l10_val_expansion_compression"": 1, ""derive:bootstrap_l11_subscore"": 11, ""derive:l11_long_score"": 1, ""derive:l11_mid_score"": 1, ""derive:l11_mode"": 1, ""derive:l11_short_score"": 1, ""derive:l11_trade_signal"": 1, ""fmp:balance-sheet"": 4, ""fmp:balance-sheet.derived"": 1, ""fmp:cash-flow"": 5, ""fmp:analyst-estimates"": 2, ""fmp:analyst-estimates.derived"": 2, ""fmp:income-statement"": 9, ""fmp:financial-growth"": 1, ""fmp:earnings.derived"": 1, ""fmp:discounted-cash-flow"": 1, ""fmp:key-metrics-ttm"": 1, ""fmp:ratios-ttm"": 5, ""derive:l6_path_second_derivative"": 1, ""derive:l6_path_tag"": 1, ""fmp:news.derived"": 1, ""derive:l6_sens_cashflow"": 1, ""derive:l6_sens_growth_margin"": 1, ""derive:l6_sens_rates"": 1, ""derive:l6_sens_risk_narrative"": 1, ""derive:l7_env_risk_appetite"": 1, ""fmp:beneficial-ownership"": 1, ""futu"": 1, ""derive:l7_mood_fomo"": 1, ""futu:snapshot"": 1, ""derive:l8_industry_demand_supply"": 1, ""derive:l8_industry_price_war"": 1, ""derive:l8_val_priced_in"": 1, ""fmp:insider-trading"": 1, ""fmp:news"": 1, ""fmp:sec-filings"": 1}",company,L2.newbiz.commercialization;L2.newbiz.revenue_contrib;L2.newbiz.tam;L2.newbiz.uncertainty;L2.newbiz.valuation_contrib,L10.val.expansion_compression;L11.long.business_model;L11.long.compete_moat;L11.long.industry_space;L11.long.margin;L11.long.score;L11.mid.eps_upward;L11.mid.margin_guidance;L11.mid.orders_revenue;L11.mid.score;L11.mode;L11.short.event_impact;L11.short.flow_boost;L11.short.score;L11.short.sentiment_shift;L11.short.technical;L11.trade.signal;L5.bs.ar_ap;L5.bs.cash_debt;L5.bs.goodwill_ppe;L5.bs.inventory;L5.bs.leverage;L5.cf.buyback_dividend;L5.cf.capex;L5.cf.fcf;L5.cf.icf_fcf;L5.cf.ocf;L5.fcst.eps_cf;L5.fcst.revenue_margin;L5.fcst.revisions;L5.is.cogs;L5.is.eps;L5.is.gross_margin;L5.is.gross_profit;L5.is.margins;L5.is.net_profit;L5.is.operating_profit;L5.is.revenue;L5.is.revenue_growth;L5.is.sga_rd;L5.surprise.preprice;L5.surprise.sell_side;L6.mult.dcf;L6.mult.ev_ebitda;L6.mult.mcap_fcf;L6.mult.pb;L6.mult.pe;L6.mult.peg;L6.mult.ps;L6.path.second_derivative;L6.path.tag;L6.priced.news_age;L6.sens.cashflow;L6.sens.growth_margin;L6.sens.rates;L6.sens.risk_narrative;L7.env.risk_appetite;L7.holders.institutional;L7.market.l2_quote;L7.mood.fomo;L7.trade.volume_turnover;L8.industry.demand_supply;L8.industry.price_war;L8.val.priced_in;L9.event.insider_trades;L9.event.news_flow;L9.event.recent_filings,
ISRG.US,Intuitive Surgical,US,ROBOTICS,59,1,5,51,2,0,67,0,73,250,29.20,"{""derive:l10_val_expansion_compression"": 1, ""derive:bootstrap_l11_subscore"": 11, ""derive:l11_long_score"": 1, ""derive:l11_mid_score"": 1, ""derive:l11_mode"": 1, ""derive:l11_short_score"": 1, ""derive:l11_trade_signal"": 1, ""fmp:balance-sheet"": 4, ""fmp:balance-sheet.derived"": 1, ""fmp:cash-flow"": 5, ""fmp:analyst-estimates"": 2, ""fmp:analyst-estimates.derived"": 2, ""fmp:income-statement"": 9, ""fmp:financial-growth"": 1, ""fmp:earnings.derived"": 1, ""fmp:discounted-cash-flow"": 1, ""fmp:key-metrics-ttm"": 1, ""fmp:ratios-ttm"": 5, ""derive:l6_path_second_derivative"": 1, ""derive:l6_path_tag"": 1, ""fmp:news.derived"": 1, ""derive:l6_sens_cashflow"": 1, ""derive:l6_sens_growth_margin"": 1, ""derive:l6_sens_rates"": 1, ""derive:l6_sens_risk_narrative"": 1, ""derive:l7_env_risk_appetite"": 1, ""fmp:beneficial-ownership"": 1, ""futu"": 1, ""derive:l7_mood_fomo"": 1, ""futu:snapshot"": 1, ""derive:l8_industry_demand_supply"": 1, ""derive:l8_industry_price_war"": 1, ""derive:l8_val_priced_in"": 1, ""fmp:insider-trading"": 1, ""fmp:news"": 1, ""fmp:sec-filings"": 1}",company,L2.newbiz.commercialization;L2.newbiz.revenue_contrib;L2.newbiz.tam;L2.newbiz.uncertainty;L2.newbiz.valuation_contrib,L10.val.expansion_compression;L11.long.business_model;L11.long.compete_moat;L11.long.industry_space;L11.long.margin;L11.long.score;L11.mid.eps_upward;L11.mid.margin_guidance;L11.mid.orders_revenue;L11.mid.score;L11.mode;L11.short.event_impact;L11.short.flow_boost;L11.short.score;L11.short.sentiment_shift;L11.short.technical;L11.trade.signal;L5.bs.ar_ap;L5.bs.cash_debt;L5.bs.goodwill_ppe;L5.bs.inventory;L5.bs.leverage;L5.cf.buyback_dividend;L5.cf.capex;L5.cf.fcf;L5.cf.icf_fcf;L5.cf.ocf;L5.fcst.eps_cf;L5.fcst.revenue_margin;L5.fcst.revisions;L5.is.cogs;L5.is.eps;L5.is.gross_margin;L5.is.gross_profit;L5.is.margins;L5.is.net_profit;L5.is.operating_profit;L5.is.revenue;L5.is.revenue_growth;L5.is.sga_rd;L5.surprise.preprice;L5.surprise.sell_side;L6.mult.dcf;L6.mult.ev_ebitda;L6.mult.mcap_fcf;L6.mult.pb;L6.mult.pe;L6.mult.peg;L6.mult.ps;L6.path.second_derivative;L6.path.tag;L6.priced.news_age;L6.sens.cashflow;L6.sens.growth_margin;L6.sens.rates;L6.sens.risk_narrative;L7.env.risk_appetite;L7.holders.institutional;L7.market.l2_quote;L7.mood.fomo;L7.trade.volume_turnover;L8.industry.demand_supply;L8.industry.price_war;L8.val.priced_in;L9.event.insider_trades;L9.event.news_flow;L9.event.recent_filings,
JBL.US,Jabil,US,CONSUMER_ELECTRONICS,59,1,5,51,2,0,67,0,73,250,29.20,"{""derive:l10_val_expansion_compression"": 1, ""derive:bootstrap_l11_subscore"": 11, ""derive:l11_long_score"": 1, ""derive:l11_mid_score"": 1, ""derive:l11_mode"": 1, ""derive:l11_short_score"": 1, ""derive:l11_trade_signal"": 1, ""fmp:balance-sheet"": 4, ""fmp:balance-sheet.derived"": 1, ""fmp:cash-flow"": 5, ""fmp:analyst-estimates"": 2, ""fmp:analyst-estimates.derived"": 2, ""fmp:income-statement"": 9, ""fmp:financial-growth"": 1, ""fmp:earnings.derived"": 1, ""fmp:discounted-cash-flow"": 1, ""fmp:key-metrics-ttm"": 1, ""fmp:ratios-ttm"": 5, ""derive:l6_path_second_derivative"": 1, ""derive:l6_path_tag"": 1, ""fmp:news.derived"": 1, ""derive:l6_sens_cashflow"": 1, ""derive:l6_sens_growth_margin"": 1, ""derive:l6_sens_rates"": 1, ""derive:l6_sens_risk_narrative"": 1, ""derive:l7_env_risk_appetite"": 1, ""fmp:beneficial-ownership"": 1, ""futu"": 1, ""derive:l7_mood_fomo"": 1, ""futu:snapshot"": 1, ""derive:l8_industry_demand_supply"": 1, ""derive:l8_industry_price_war"": 1, ""derive:l8_val_priced_in"": 1, ""fmp:insider-trading"": 1, ""fmp:news"": 1, ""fmp:sec-filings"": 1}",company,L2.newbiz.commercialization;L2.newbiz.revenue_contrib;L2.newbiz.tam;L2.newbiz.uncertainty;L2.newbiz.valuation_contrib,L10.val.expansion_compression;L11.long.business_model;L11.long.compete_moat;L11.long.industry_space;L11.long.margin;L11.long.score;L11.mid.eps_upward;L11.mid.margin_guidance;L11.mid.orders_revenue;L11.mid.score;L11.mode;L11.short.event_impact;L11.short.flow_boost;L11.short.score;L11.short.sentiment_shift;L11.short.technical;L11.trade.signal;L5.bs.ar_ap;L5.bs.cash_debt;L5.bs.goodwill_ppe;L5.bs.inventory;L5.bs.leverage;L5.cf.buyback_dividend;L5.cf.capex;L5.cf.fcf;L5.cf.icf_fcf;L5.cf.ocf;L5.fcst.eps_cf;L5.fcst.revenue_margin;L5.fcst.revisions;L5.is.cogs;L5.is.eps;L5.is.gross_margin;L5.is.gross_profit;L5.is.margins;L5.is.net_profit;L5.is.operating_profit;L5.is.revenue;L5.is.revenue_growth;L5.is.sga_rd;L5.surprise.preprice;L5.surprise.sell_side;L6.mult.dcf;L6.mult.ev_ebitda;L6.mult.mcap_fcf;L6.mult.pb;L6.mult.pe;L6.mult.peg;L6.mult.ps;L6.path.second_derivative;L6.path.tag;L6.priced.news_age;L6.sens.cashflow;L6.sens.growth_margin;L6.sens.rates;L6.sens.risk_narrative;L7.env.risk_appetite;L7.holders.institutional;L7.market.l2_quote;L7.mood.fomo;L7.trade.volume_turnover;L8.industry.demand_supply;L8.industry.price_war;L8.val.priced_in;L9.event.insider_trades;L9.event.news_flow;L9.event.recent_filings,
JD.US,JD.com,US,HK_CN_INTERNET,59,1,5,51,2,0,67,0,73,250,29.20,"{""derive:l10_val_expansion_compression"": 1, ""derive:bootstrap_l11_subscore"": 11, ""derive:l11_long_score"": 1, ""derive:l11_mid_score"": 1, ""derive:l11_mode"": 1, ""derive:l11_short_score"": 1, ""derive:l11_trade_signal"": 1, ""fmp:balance-sheet"": 4, ""fmp:balance-sheet.derived"": 1, ""fmp:cash-flow"": 5, ""fmp:analyst-estimates"": 2, ""fmp:analyst-estimates.derived"": 2, ""fmp:income-statement"": 9, ""fmp:financial-growth"": 1, ""fmp:earnings.derived"": 1, ""fmp:discounted-cash-flow"": 1, ""fmp:key-metrics-ttm"": 1, ""fmp:ratios-ttm"": 5, ""derive:l6_path_second_derivative"": 1, ""derive:l6_path_tag"": 1, ""fmp:news.derived"": 1, ""derive:l6_sens_cashflow"": 1, ""derive:l6_sens_growth_margin"": 1, ""derive:l6_sens_rates"": 1, ""derive:l6_sens_risk_narrative"": 1, ""derive:l7_env_risk_appetite"": 1, ""fmp:beneficial-ownership"": 1, ""futu"": 1, ""derive:l7_mood_fomo"": 1, ""futu:snapshot"": 1, ""derive:l8_industry_demand_supply"": 1, ""derive:l8_industry_price_war"": 1, ""derive:l8_val_priced_in"": 1, ""fmp:insider-trading"": 1, ""fmp:news"": 1, ""fmp:sec-filings"": 1}",company,L2.newbiz.commercialization;L2.newbiz.revenue_contrib;L2.newbiz.tam;L2.newbiz.uncertainty;L2.newbiz.valuation_contrib,L10.val.expansion_compression;L11.long.business_model;L11.long.compete_moat;L11.long.industry_space;L11.long.margin;L11.long.score;L11.mid.eps_upward;L11.mid.margin_guidance;L11.mid.orders_revenue;L11.mid.score;L11.mode;L11.short.event_impact;L11.short.flow_boost;L11.short.score;L11.short.sentiment_shift;L11.short.technical;L11.trade.signal;L5.bs.ar_ap;L5.bs.cash_debt;L5.bs.goodwill_ppe;L5.bs.inventory;L5.bs.leverage;L5.cf.buyback_dividend;L5.cf.capex;L5.cf.fcf;L5.cf.icf_fcf;L5.cf.ocf;L5.fcst.eps_cf;L5.fcst.revenue_margin;L5.fcst.revisions;L5.is.cogs;L5.is.eps;L5.is.gross_margin;L5.is.gross_profit;L5.is.margins;L5.is.net_profit;L5.is.operating_profit;L5.is.revenue;L5.is.revenue_growth;L5.is.sga_rd;L5.surprise.preprice;L5.surprise.sell_side;L6.mult.dcf;L6.mult.ev_ebitda;L6.mult.mcap_fcf;L6.mult.pb;L6.mult.pe;L6.mult.peg;L6.mult.ps;L6.path.second_derivative;L6.path.tag;L6.priced.news_age;L6.sens.cashflow;L6.sens.growth_margin;L6.sens.rates;L6.sens.risk_narrative;L7.env.risk_appetite;L7.holders.institutional;L7.market.l2_quote;L7.mood.fomo;L7.trade.volume_turnover;L8.industry.demand_supply;L8.industry.price_war;L8.val.priced_in;L9.event.insider_trades;L9.event.news_flow;L9.event.recent_filings,
JPM.US,JPMorgan,US,FINANCIAL_HIGH_DIVIDEND,59,1,5,51,2,0,67,0,73,250,29.20,"{""derive:l10_val_expansion_compression"": 1, ""derive:bootstrap_l11_subscore"": 11, ""derive:l11_long_score"": 1, ""derive:l11_mid_score"": 1, ""derive:l11_mode"": 1, ""derive:l11_short_score"": 1, ""derive:l11_trade_signal"": 1, ""fmp:balance-sheet"": 4, ""fmp:balance-sheet.derived"": 1, ""fmp:cash-flow"": 5, ""fmp:analyst-estimates"": 2, ""fmp:analyst-estimates.derived"": 2, ""fmp:income-statement"": 9, ""fmp:financial-growth"": 1, ""fmp:earnings.derived"": 1, ""fmp:discounted-cash-flow"": 1, ""fmp:key-metrics-ttm"": 1, ""fmp:ratios-ttm"": 5, ""derive:l6_path_second_derivative"": 1, ""derive:l6_path_tag"": 1, ""fmp:news.derived"": 1, ""derive:l6_sens_cashflow"": 1, ""derive:l6_sens_growth_margin"": 1, ""derive:l6_sens_rates"": 1, ""derive:l6_sens_risk_narrative"": 1, ""derive:l7_env_risk_appetite"": 1, ""fmp:beneficial-ownership"": 1, ""futu"": 1, ""derive:l7_mood_fomo"": 1, ""futu:snapshot"": 1, ""derive:l8_industry_demand_supply"": 1, ""derive:l8_industry_price_war"": 1, ""derive:l8_val_priced_in"": 1, ""fmp:insider-trading"": 1, ""fmp:news"": 1, ""fmp:sec-filings"": 1}",company,L2.newbiz.commercialization;L2.newbiz.revenue_contrib;L2.newbiz.tam;L2.newbiz.uncertainty;L2.newbiz.valuation_contrib,L10.val.expansion_compression;L11.long.business_model;L11.long.compete_moat;L11.long.industry_space;L11.long.margin;L11.long.score;L11.mid.eps_upward;L11.mid.margin_guidance;L11.mid.orders_revenue;L11.mid.score;L11.mode;L11.short.event_impact;L11.short.flow_boost;L11.short.score;L11.short.sentiment_shift;L11.short.technical;L11.trade.signal;L5.bs.ar_ap;L5.bs.cash_debt;L5.bs.goodwill_ppe;L5.bs.inventory;L5.bs.leverage;L5.cf.buyback_dividend;L5.cf.capex;L5.cf.fcf;L5.cf.icf_fcf;L5.cf.ocf;L5.fcst.eps_cf;L5.fcst.revenue_margin;L5.fcst.revisions;L5.is.cogs;L5.is.eps;L5.is.gross_margin;L5.is.gross_profit;L5.is.margins;L5.is.net_profit;L5.is.operating_profit;L5.is.revenue;L5.is.revenue_growth;L5.is.sga_rd;L5.surprise.preprice;L5.surprise.sell_side;L6.mult.dcf;L6.mult.ev_ebitda;L6.mult.mcap_fcf;L6.mult.pb;L6.mult.pe;L6.mult.peg;L6.mult.ps;L6.path.second_derivative;L6.path.tag;L6.priced.news_age;L6.sens.cashflow;L6.sens.growth_margin;L6.sens.rates;L6.sens.risk_narrative;L7.env.risk_appetite;L7.holders.institutional;L7.market.l2_quote;L7.mood.fomo;L7.trade.volume_turnover;L8.industry.demand_supply;L8.industry.price_war;L8.val.priced_in;L9.event.insider_trades;L9.event.news_flow;L9.event.recent_filings,
KLAC.US,KLA,US,SEMI_EQUIPMENT,59,1,5,51,2,0,67,0,73,250,29.20,"{""derive:l10_val_expansion_compression"": 1, ""derive:bootstrap_l11_subscore"": 11, ""derive:l11_long_score"": 1, ""derive:l11_mid_score"": 1, ""derive:l11_mode"": 1, ""derive:l11_short_score"": 1, ""derive:l11_trade_signal"": 1, ""fmp:balance-sheet"": 4, ""fmp:balance-sheet.derived"": 1, ""fmp:cash-flow"": 5, ""fmp:analyst-estimates"": 2, ""fmp:analyst-estimates.derived"": 2, ""fmp:income-statement"": 9, ""fmp:financial-growth"": 1, ""fmp:earnings.derived"": 1, ""fmp:discounted-cash-flow"": 1, ""fmp:key-metrics-ttm"": 1, ""fmp:ratios-ttm"": 5, ""derive:l6_path_second_derivative"": 1, ""derive:l6_path_tag"": 1, ""fmp:news.derived"": 1, ""derive:l6_sens_cashflow"": 1, ""derive:l6_sens_growth_margin"": 1, ""derive:l6_sens_rates"": 1, ""derive:l6_sens_risk_narrative"": 1, ""derive:l7_env_risk_appetite"": 1, ""fmp:beneficial-ownership"": 1, ""futu"": 1, ""derive:l7_mood_fomo"": 1, ""futu:snapshot"": 1, ""derive:l8_industry_demand_supply"": 1, ""derive:l8_industry_price_war"": 1, ""derive:l8_val_priced_in"": 1, ""fmp:insider-trading"": 1, ""fmp:news"": 1, ""fmp:sec-filings"": 1}",company,L2.newbiz.commercialization;L2.newbiz.revenue_contrib;L2.newbiz.tam;L2.newbiz.uncertainty;L2.newbiz.valuation_contrib,L10.val.expansion_compression;L11.long.business_model;L11.long.compete_moat;L11.long.industry_space;L11.long.margin;L11.long.score;L11.mid.eps_upward;L11.mid.margin_guidance;L11.mid.orders_revenue;L11.mid.score;L11.mode;L11.short.event_impact;L11.short.flow_boost;L11.short.score;L11.short.sentiment_shift;L11.short.technical;L11.trade.signal;L5.bs.ar_ap;L5.bs.cash_debt;L5.bs.goodwill_ppe;L5.bs.inventory;L5.bs.leverage;L5.cf.buyback_dividend;L5.cf.capex;L5.cf.fcf;L5.cf.icf_fcf;L5.cf.ocf;L5.fcst.eps_cf;L5.fcst.revenue_margin;L5.fcst.revisions;L5.is.cogs;L5.is.eps;L5.is.gross_margin;L5.is.gross_profit;L5.is.margins;L5.is.net_profit;L5.is.operating_profit;L5.is.revenue;L5.is.revenue_growth;L5.is.sga_rd;L5.surprise.preprice;L5.surprise.sell_side;L6.mult.dcf;L6.mult.ev_ebitda;L6.mult.mcap_fcf;L6.mult.pb;L6.mult.pe;L6.mult.peg;L6.mult.ps;L6.path.second_derivative;L6.path.tag;L6.priced.news_age;L6.sens.cashflow;L6.sens.growth_margin;L6.sens.rates;L6.sens.risk_narrative;L7.env.risk_appetite;L7.holders.institutional;L7.market.l2_quote;L7.mood.fomo;L7.trade.volume_turnover;L8.industry.demand_supply;L8.industry.price_war;L8.val.priced_in;L9.event.insider_trades;L9.event.news_flow;L9.event.recent_filings,
LLY.US,Eli Lilly,US,INNOVATIVE_PHARMA,59,1,5,51,2,0,67,0,73,250,29.20,"{""derive:l10_val_expansion_compression"": 1, ""derive:bootstrap_l11_subscore"": 11, ""derive:l11_long_score"": 1, ""derive:l11_mid_score"": 1, ""derive:l11_mode"": 1, ""derive:l11_short_score"": 1, ""derive:l11_trade_signal"": 1, ""fmp:balance-sheet"": 4, ""fmp:balance-sheet.derived"": 1, ""fmp:cash-flow"": 5, ""fmp:analyst-estimates"": 2, ""fmp:analyst-estimates.derived"": 2, ""fmp:income-statement"": 9, ""fmp:financial-growth"": 1, ""fmp:earnings.derived"": 1, ""fmp:discounted-cash-flow"": 1, ""fmp:key-metrics-ttm"": 1, ""fmp:ratios-ttm"": 5, ""derive:l6_path_second_derivative"": 1, ""derive:l6_path_tag"": 1, ""fmp:news.derived"": 1, ""derive:l6_sens_cashflow"": 1, ""derive:l6_sens_growth_margin"": 1, ""derive:l6_sens_rates"": 1, ""derive:l6_sens_risk_narrative"": 1, ""derive:l7_env_risk_appetite"": 1, ""fmp:beneficial-ownership"": 1, ""futu"": 1, ""derive:l7_mood_fomo"": 1, ""futu:snapshot"": 1, ""derive:l8_industry_demand_supply"": 1, ""derive:l8_industry_price_war"": 1, ""derive:l8_val_priced_in"": 1, ""fmp:insider-trading"": 1, ""fmp:news"": 1, ""fmp:sec-filings"": 1}",company,L2.newbiz.commercialization;L2.newbiz.revenue_contrib;L2.newbiz.tam;L2.newbiz.uncertainty;L2.newbiz.valuation_contrib,L10.val.expansion_compression;L11.long.business_model;L11.long.compete_moat;L11.long.industry_space;L11.long.margin;L11.long.score;L11.mid.eps_upward;L11.mid.margin_guidance;L11.mid.orders_revenue;L11.mid.score;L11.mode;L11.short.event_impact;L11.short.flow_boost;L11.short.score;L11.short.sentiment_shift;L11.short.technical;L11.trade.signal;L5.bs.ar_ap;L5.bs.cash_debt;L5.bs.goodwill_ppe;L5.bs.inventory;L5.bs.leverage;L5.cf.buyback_dividend;L5.cf.capex;L5.cf.fcf;L5.cf.icf_fcf;L5.cf.ocf;L5.fcst.eps_cf;L5.fcst.revenue_margin;L5.fcst.revisions;L5.is.cogs;L5.is.eps;L5.is.gross_margin;L5.is.gross_profit;L5.is.margins;L5.is.net_profit;L5.is.operating_profit;L5.is.revenue;L5.is.revenue_growth;L5.is.sga_rd;L5.surprise.preprice;L5.surprise.sell_side;L6.mult.dcf;L6.mult.ev_ebitda;L6.mult.mcap_fcf;L6.mult.pb;L6.mult.pe;L6.mult.peg;L6.mult.ps;L6.path.second_derivative;L6.path.tag;L6.priced.news_age;L6.sens.cashflow;L6.sens.growth_margin;L6.sens.rates;L6.sens.risk_narrative;L7.env.risk_appetite;L7.holders.institutional;L7.market.l2_quote;L7.mood.fomo;L7.trade.volume_turnover;L8.industry.demand_supply;L8.industry.price_war;L8.val.priced_in;L9.event.insider_trades;L9.event.news_flow;L9.event.recent_filings,
LRCX.US,Lam Research,US,SEMI_EQUIPMENT,59,1,5,51,2,0,67,0,73,250,29.20,"{""derive:l10_val_expansion_compression"": 1, ""derive:bootstrap_l11_subscore"": 11, ""derive:l11_long_score"": 1, ""derive:l11_mid_score"": 1, ""derive:l11_mode"": 1, ""derive:l11_short_score"": 1, ""derive:l11_trade_signal"": 1, ""fmp:balance-sheet"": 4, ""fmp:balance-sheet.derived"": 1, ""fmp:cash-flow"": 5, ""fmp:analyst-estimates"": 2, ""fmp:analyst-estimates.derived"": 2, ""fmp:income-statement"": 9, ""fmp:financial-growth"": 1, ""fmp:earnings.derived"": 1, ""fmp:discounted-cash-flow"": 1, ""fmp:key-metrics-ttm"": 1, ""fmp:ratios-ttm"": 5, ""derive:l6_path_second_derivative"": 1, ""derive:l6_path_tag"": 1, ""fmp:news.derived"": 1, ""derive:l6_sens_cashflow"": 1, ""derive:l6_sens_growth_margin"": 1, ""derive:l6_sens_rates"": 1, ""derive:l6_sens_risk_narrative"": 1, ""derive:l7_env_risk_appetite"": 1, ""fmp:beneficial-ownership"": 1, ""futu"": 1, ""derive:l7_mood_fomo"": 1, ""futu:snapshot"": 1, ""derive:l8_industry_demand_supply"": 1, ""derive:l8_industry_price_war"": 1, ""derive:l8_val_priced_in"": 1, ""fmp:insider-trading"": 1, ""fmp:news"": 1, ""fmp:sec-filings"": 1}",company,L2.newbiz.commercialization;L2.newbiz.revenue_contrib;L2.newbiz.tam;L2.newbiz.uncertainty;L2.newbiz.valuation_contrib,L10.val.expansion_compression;L11.long.business_model;L11.long.compete_moat;L11.long.industry_space;L11.long.margin;L11.long.score;L11.mid.eps_upward;L11.mid.margin_guidance;L11.mid.orders_revenue;L11.mid.score;L11.mode;L11.short.event_impact;L11.short.flow_boost;L11.short.score;L11.short.sentiment_shift;L11.short.technical;L11.trade.signal;L5.bs.ar_ap;L5.bs.cash_debt;L5.bs.goodwill_ppe;L5.bs.inventory;L5.bs.leverage;L5.cf.buyback_dividend;L5.cf.capex;L5.cf.fcf;L5.cf.icf_fcf;L5.cf.ocf;L5.fcst.eps_cf;L5.fcst.revenue_margin;L5.fcst.revisions;L5.is.cogs;L5.is.eps;L5.is.gross_margin;L5.is.gross_profit;L5.is.margins;L5.is.net_profit;L5.is.operating_profit;L5.is.revenue;L5.is.revenue_growth;L5.is.sga_rd;L5.surprise.preprice;L5.surprise.sell_side;L6.mult.dcf;L6.mult.ev_ebitda;L6.mult.mcap_fcf;L6.mult.pb;L6.mult.pe;L6.mult.peg;L6.mult.ps;L6.path.second_derivative;L6.path.tag;L6.priced.news_age;L6.sens.cashflow;L6.sens.growth_margin;L6.sens.rates;L6.sens.risk_narrative;L7.env.risk_appetite;L7.holders.institutional;L7.market.l2_quote;L7.mood.fomo;L7.trade.volume_turnover;L8.industry.demand_supply;L8.industry.price_war;L8.val.priced_in;L9.event.insider_trades;L9.event.news_flow;L9.event.recent_filings,
LYB.US,LyondellBasell,US,ANTI_INVOLUTION_CYCLICAL,59,1,5,51,2,0,67,0,73,250,29.20,"{""derive:l10_val_expansion_compression"": 1, ""derive:bootstrap_l11_subscore"": 11, ""derive:l11_long_score"": 1, ""derive:l11_mid_score"": 1, ""derive:l11_mode"": 1, ""derive:l11_short_score"": 1, ""derive:l11_trade_signal"": 1, ""fmp:balance-sheet"": 4, ""fmp:balance-sheet.derived"": 1, ""fmp:cash-flow"": 5, ""fmp:analyst-estimates"": 2, ""fmp:analyst-estimates.derived"": 2, ""fmp:income-statement"": 9, ""fmp:financial-growth"": 1, ""fmp:earnings.derived"": 1, ""fmp:discounted-cash-flow"": 1, ""fmp:key-metrics-ttm"": 1, ""fmp:ratios-ttm"": 5, ""derive:l6_path_second_derivative"": 1, ""derive:l6_path_tag"": 1, ""fmp:news.derived"": 1, ""derive:l6_sens_cashflow"": 1, ""derive:l6_sens_growth_margin"": 1, ""derive:l6_sens_rates"": 1, ""derive:l6_sens_risk_narrative"": 1, ""derive:l7_env_risk_appetite"": 1, ""fmp:beneficial-ownership"": 1, ""futu"": 1, ""derive:l7_mood_fomo"": 1, ""futu:snapshot"": 1, ""derive:l8_industry_demand_supply"": 1, ""derive:l8_industry_price_war"": 1, ""derive:l8_val_priced_in"": 1, ""fmp:insider-trading"": 1, ""fmp:news"": 1, ""fmp:sec-filings"": 1}",company,L2.newbiz.commercialization;L2.newbiz.revenue_contrib;L2.newbiz.tam;L2.newbiz.uncertainty;L2.newbiz.valuation_contrib,L10.val.expansion_compression;L11.long.business_model;L11.long.compete_moat;L11.long.industry_space;L11.long.margin;L11.long.score;L11.mid.eps_upward;L11.mid.margin_guidance;L11.mid.orders_revenue;L11.mid.score;L11.mode;L11.short.event_impact;L11.short.flow_boost;L11.short.score;L11.short.sentiment_shift;L11.short.technical;L11.trade.signal;L5.bs.ar_ap;L5.bs.cash_debt;L5.bs.goodwill_ppe;L5.bs.inventory;L5.bs.leverage;L5.cf.buyback_dividend;L5.cf.capex;L5.cf.fcf;L5.cf.icf_fcf;L5.cf.ocf;L5.fcst.eps_cf;L5.fcst.revenue_margin;L5.fcst.revisions;L5.is.cogs;L5.is.eps;L5.is.gross_margin;L5.is.gross_profit;L5.is.margins;L5.is.net_profit;L5.is.operating_profit;L5.is.revenue;L5.is.revenue_growth;L5.is.sga_rd;L5.surprise.preprice;L5.surprise.sell_side;L6.mult.dcf;L6.mult.ev_ebitda;L6.mult.mcap_fcf;L6.mult.pb;L6.mult.pe;L6.mult.peg;L6.mult.ps;L6.path.second_derivative;L6.path.tag;L6.priced.news_age;L6.sens.cashflow;L6.sens.growth_margin;L6.sens.rates;L6.sens.risk_narrative;L7.env.risk_appetite;L7.holders.institutional;L7.market.l2_quote;L7.mood.fomo;L7.trade.volume_turnover;L8.industry.demand_supply;L8.industry.price_war;L8.val.priced_in;L9.event.insider_trades;L9.event.news_flow;L9.event.recent_filings,
LYV.US,Live Nation,US,DOMESTIC_CONSUMPTION,59,1,5,51,2,0,67,0,73,250,29.20,"{""derive:l10_val_expansion_compression"": 1, ""derive:bootstrap_l11_subscore"": 11, ""derive:l11_long_score"": 1, ""derive:l11_mid_score"": 1, ""derive:l11_mode"": 1, ""derive:l11_short_score"": 1, ""derive:l11_trade_signal"": 1, ""fmp:balance-sheet"": 4, ""fmp:balance-sheet.derived"": 1, ""fmp:cash-flow"": 5, ""fmp:analyst-estimates"": 2, ""fmp:analyst-estimates.derived"": 2, ""fmp:income-statement"": 9, ""fmp:financial-growth"": 1, ""fmp:earnings.derived"": 1, ""fmp:discounted-cash-flow"": 1, ""fmp:key-metrics-ttm"": 1, ""fmp:ratios-ttm"": 5, ""derive:l6_path_second_derivative"": 1, ""derive:l6_path_tag"": 1, ""fmp:news.derived"": 1, ""derive:l6_sens_cashflow"": 1, ""derive:l6_sens_growth_margin"": 1, ""derive:l6_sens_rates"": 1, ""derive:l6_sens_risk_narrative"": 1, ""derive:l7_env_risk_appetite"": 1, ""fmp:beneficial-ownership"": 1, ""futu"": 1, ""derive:l7_mood_fomo"": 1, ""futu:snapshot"": 1, ""derive:l8_industry_demand_supply"": 1, ""derive:l8_industry_price_war"": 1, ""derive:l8_val_priced_in"": 1, ""fmp:insider-trading"": 1, ""fmp:news"": 1, ""fmp:sec-filings"": 1}",company,L2.newbiz.commercialization;L2.newbiz.revenue_contrib;L2.newbiz.tam;L2.newbiz.uncertainty;L2.newbiz.valuation_contrib,L10.val.expansion_compression;L11.long.business_model;L11.long.compete_moat;L11.long.industry_space;L11.long.margin;L11.long.score;L11.mid.eps_upward;L11.mid.margin_guidance;L11.mid.orders_revenue;L11.mid.score;L11.mode;L11.short.event_impact;L11.short.flow_boost;L11.short.score;L11.short.sentiment_shift;L11.short.technical;L11.trade.signal;L5.bs.ar_ap;L5.bs.cash_debt;L5.bs.goodwill_ppe;L5.bs.inventory;L5.bs.leverage;L5.cf.buyback_dividend;L5.cf.capex;L5.cf.fcf;L5.cf.icf_fcf;L5.cf.ocf;L5.fcst.eps_cf;L5.fcst.revenue_margin;L5.fcst.revisions;L5.is.cogs;L5.is.eps;L5.is.gross_margin;L5.is.gross_profit;L5.is.margins;L5.is.net_profit;L5.is.operating_profit;L5.is.revenue;L5.is.revenue_growth;L5.is.sga_rd;L5.surprise.preprice;L5.surprise.sell_side;L6.mult.dcf;L6.mult.ev_ebitda;L6.mult.mcap_fcf;L6.mult.pb;L6.mult.pe;L6.mult.peg;L6.mult.ps;L6.path.second_derivative;L6.path.tag;L6.priced.news_age;L6.sens.cashflow;L6.sens.growth_margin;L6.sens.rates;L6.sens.risk_narrative;L7.env.risk_appetite;L7.holders.institutional;L7.market.l2_quote;L7.mood.fomo;L7.trade.volume_turnover;L8.industry.demand_supply;L8.industry.price_war;L8.val.priced_in;L9.event.insider_trades;L9.event.news_flow;L9.event.recent_filings,
MA.US,Mastercard,US,FINANCIAL_HIGH_DIVIDEND,59,1,5,51,2,0,67,0,73,250,29.20,"{""derive:l10_val_expansion_compression"": 1, ""derive:bootstrap_l11_subscore"": 11, ""derive:l11_long_score"": 1, ""derive:l11_mid_score"": 1, ""derive:l11_mode"": 1, ""derive:l11_short_score"": 1, ""derive:l11_trade_signal"": 1, ""fmp:balance-sheet"": 4, ""fmp:balance-sheet.derived"": 1, ""fmp:cash-flow"": 5, ""fmp:analyst-estimates"": 2, ""fmp:analyst-estimates.derived"": 2, ""fmp:income-statement"": 9, ""fmp:financial-growth"": 1, ""fmp:earnings.derived"": 1, ""fmp:discounted-cash-flow"": 1, ""fmp:key-metrics-ttm"": 1, ""fmp:ratios-ttm"": 5, ""derive:l6_path_second_derivative"": 1, ""derive:l6_path_tag"": 1, ""fmp:news.derived"": 1, ""derive:l6_sens_cashflow"": 1, ""derive:l6_sens_growth_margin"": 1, ""derive:l6_sens_rates"": 1, ""derive:l6_sens_risk_narrative"": 1, ""derive:l7_env_risk_appetite"": 1, ""fmp:beneficial-ownership"": 1, ""futu"": 1, ""derive:l7_mood_fomo"": 1, ""futu:snapshot"": 1, ""derive:l8_industry_demand_supply"": 1, ""derive:l8_industry_price_war"": 1, ""derive:l8_val_priced_in"": 1, ""fmp:insider-trading"": 1, ""fmp:news"": 1, ""fmp:sec-filings"": 1}",company,L2.newbiz.commercialization;L2.newbiz.revenue_contrib;L2.newbiz.tam;L2.newbiz.uncertainty;L2.newbiz.valuation_contrib,L10.val.expansion_compression;L11.long.business_model;L11.long.compete_moat;L11.long.industry_space;L11.long.margin;L11.long.score;L11.mid.eps_upward;L11.mid.margin_guidance;L11.mid.orders_revenue;L11.mid.score;L11.mode;L11.short.event_impact;L11.short.flow_boost;L11.short.score;L11.short.sentiment_shift;L11.short.technical;L11.trade.signal;L5.bs.ar_ap;L5.bs.cash_debt;L5.bs.goodwill_ppe;L5.bs.inventory;L5.bs.leverage;L5.cf.buyback_dividend;L5.cf.capex;L5.cf.fcf;L5.cf.icf_fcf;L5.cf.ocf;L5.fcst.eps_cf;L5.fcst.revenue_margin;L5.fcst.revisions;L5.is.cogs;L5.is.eps;L5.is.gross_margin;L5.is.gross_profit;L5.is.margins;L5.is.net_profit;L5.is.operating_profit;L5.is.revenue;L5.is.revenue_growth;L5.is.sga_rd;L5.surprise.preprice;L5.surprise.sell_side;L6.mult.dcf;L6.mult.ev_ebitda;L6.mult.mcap_fcf;L6.mult.pb;L6.mult.pe;L6.mult.peg;L6.mult.ps;L6.path.second_derivative;L6.path.tag;L6.priced.news_age;L6.sens.cashflow;L6.sens.growth_margin;L6.sens.rates;L6.sens.risk_narrative;L7.env.risk_appetite;L7.holders.institutional;L7.market.l2_quote;L7.mood.fomo;L7.trade.volume_turnover;L8.industry.demand_supply;L8.industry.price_war;L8.val.priced_in;L9.event.insider_trades;L9.event.news_flow;L9.event.recent_filings,
MAR.US,Marriott,US,DOMESTIC_CONSUMPTION,59,1,5,51,2,0,67,0,73,250,29.20,"{""derive:l10_val_expansion_compression"": 1, ""derive:bootstrap_l11_subscore"": 11, ""derive:l11_long_score"": 1, ""derive:l11_mid_score"": 1, ""derive:l11_mode"": 1, ""derive:l11_short_score"": 1, ""derive:l11_trade_signal"": 1, ""fmp:balance-sheet"": 4, ""fmp:balance-sheet.derived"": 1, ""fmp:cash-flow"": 5, ""fmp:analyst-estimates"": 2, ""fmp:analyst-estimates.derived"": 2, ""fmp:income-statement"": 9, ""fmp:financial-growth"": 1, ""fmp:earnings.derived"": 1, ""fmp:discounted-cash-flow"": 1, ""fmp:key-metrics-ttm"": 1, ""fmp:ratios-ttm"": 5, ""derive:l6_path_second_derivative"": 1, ""derive:l6_path_tag"": 1, ""fmp:news.derived"": 1, ""derive:l6_sens_cashflow"": 1, ""derive:l6_sens_growth_margin"": 1, ""derive:l6_sens_rates"": 1, ""derive:l6_sens_risk_narrative"": 1, ""derive:l7_env_risk_appetite"": 1, ""fmp:beneficial-ownership"": 1, ""futu"": 1, ""derive:l7_mood_fomo"": 1, ""futu:snapshot"": 1, ""derive:l8_industry_demand_supply"": 1, ""derive:l8_industry_price_war"": 1, ""derive:l8_val_priced_in"": 1, ""fmp:insider-trading"": 1, ""fmp:news"": 1, ""fmp:sec-filings"": 1}",company,L2.newbiz.commercialization;L2.newbiz.revenue_contrib;L2.newbiz.tam;L2.newbiz.uncertainty;L2.newbiz.valuation_contrib,L10.val.expansion_compression;L11.long.business_model;L11.long.compete_moat;L11.long.industry_space;L11.long.margin;L11.long.score;L11.mid.eps_upward;L11.mid.margin_guidance;L11.mid.orders_revenue;L11.mid.score;L11.mode;L11.short.event_impact;L11.short.flow_boost;L11.short.score;L11.short.sentiment_shift;L11.short.technical;L11.trade.signal;L5.bs.ar_ap;L5.bs.cash_debt;L5.bs.goodwill_ppe;L5.bs.inventory;L5.bs.leverage;L5.cf.buyback_dividend;L5.cf.capex;L5.cf.fcf;L5.cf.icf_fcf;L5.cf.ocf;L5.fcst.eps_cf;L5.fcst.revenue_margin;L5.fcst.revisions;L5.is.cogs;L5.is.eps;L5.is.gross_margin;L5.is.gross_profit;L5.is.margins;L5.is.net_profit;L5.is.operating_profit;L5.is.revenue;L5.is.revenue_growth;L5.is.sga_rd;L5.surprise.preprice;L5.surprise.sell_side;L6.mult.dcf;L6.mult.ev_ebitda;L6.mult.mcap_fcf;L6.mult.pb;L6.mult.pe;L6.mult.peg;L6.mult.ps;L6.path.second_derivative;L6.path.tag;L6.priced.news_age;L6.sens.cashflow;L6.sens.growth_margin;L6.sens.rates;L6.sens.risk_narrative;L7.env.risk_appetite;L7.holders.institutional;L7.market.l2_quote;L7.mood.fomo;L7.trade.volume_turnover;L8.industry.demand_supply;L8.industry.price_war;L8.val.priced_in;L9.event.insider_trades;L9.event.news_flow;L9.event.recent_filings,
META.US,Meta Platforms,US,AI_COMPUTE,59,1,5,51,2,0,68,0,74,250,29.60,"{""derive:l10_val_expansion_compression"": 1, ""derive:bootstrap_l11_subscore"": 11, ""derive:l11_long_score"": 1, ""derive:l11_mid_score"": 1, ""derive:l11_mode"": 1, ""derive:l11_short_score"": 1, ""derive:l11_trade_signal"": 1, ""fmp:balance-sheet"": 4, ""fmp:balance-sheet.derived"": 1, ""fmp:cash-flow"": 5, ""fmp:analyst-estimates"": 2, ""fmp:analyst-estimates.derived"": 2, ""fmp:income-statement"": 9, ""fmp:financial-growth"": 1, ""fmp:earnings.derived"": 1, ""fmp:discounted-cash-flow"": 1, ""fmp:key-metrics-ttm"": 1, ""fmp:ratios-ttm"": 5, ""derive:l6_path_second_derivative"": 1, ""derive:l6_path_tag"": 1, ""fmp:news.derived"": 1, ""derive:l6_sens_cashflow"": 1, ""derive:l6_sens_growth_margin"": 1, ""derive:l6_sens_rates"": 1, ""derive:l6_sens_risk_narrative"": 1, ""derive:l7_env_risk_appetite"": 1, ""futu:capital_flow"": 1, ""fmp:beneficial-ownership"": 1, ""futu"": 1, ""derive:l7_mood_fomo"": 1, ""futu:snapshot"": 1, ""derive:l8_industry_demand_supply"": 1, ""derive:l8_industry_price_war"": 1, ""derive:l8_val_priced_in"": 1, ""fmp:insider-trading"": 1, ""fmp:news"": 1, ""fmp:sec-filings"": 1}",company,L2.newbiz.commercialization;L2.newbiz.revenue_contrib;L2.newbiz.tam;L2.newbiz.uncertainty;L2.newbiz.valuation_contrib,L10.val.expansion_compression;L11.long.business_model;L11.long.compete_moat;L11.long.industry_space;L11.long.margin;L11.long.score;L11.mid.eps_upward;L11.mid.margin_guidance;L11.mid.orders_revenue;L11.mid.score;L11.mode;L11.short.event_impact;L11.short.flow_boost;L11.short.score;L11.short.sentiment_shift;L11.short.technical;L11.trade.signal;L5.bs.ar_ap;L5.bs.cash_debt;L5.bs.goodwill_ppe;L5.bs.inventory;L5.bs.leverage;L5.cf.buyback_dividend;L5.cf.capex;L5.cf.fcf;L5.cf.icf_fcf;L5.cf.ocf;L5.fcst.eps_cf;L5.fcst.revenue_margin;L5.fcst.revisions;L5.is.cogs;L5.is.eps;L5.is.gross_margin;L5.is.gross_profit;L5.is.margins;L5.is.net_profit;L5.is.operating_profit;L5.is.revenue;L5.is.revenue_growth;L5.is.sga_rd;L5.surprise.preprice;L5.surprise.sell_side;L6.mult.dcf;L6.mult.ev_ebitda;L6.mult.mcap_fcf;L6.mult.pb;L6.mult.pe;L6.mult.peg;L6.mult.ps;L6.path.second_derivative;L6.path.tag;L6.priced.news_age;L6.sens.cashflow;L6.sens.growth_margin;L6.sens.rates;L6.sens.risk_narrative;L7.env.risk_appetite;L7.flow.active_inflow;L7.holders.institutional;L7.market.l2_quote;L7.mood.fomo;L7.trade.volume_turnover;L8.industry.demand_supply;L8.industry.price_war;L8.val.priced_in;L9.event.insider_trades;L9.event.news_flow;L9.event.recent_filings,
MGA.US,Magna,US,EXPORT_MFG,59,1,5,51,2,0,67,0,73,250,29.20,"{""derive:l10_val_expansion_compression"": 1, ""derive:bootstrap_l11_subscore"": 11, ""derive:l11_long_score"": 1, ""derive:l11_mid_score"": 1, ""derive:l11_mode"": 1, ""derive:l11_short_score"": 1, ""derive:l11_trade_signal"": 1, ""fmp:balance-sheet"": 4, ""fmp:balance-sheet.derived"": 1, ""fmp:cash-flow"": 5, ""fmp:analyst-estimates"": 2, ""fmp:analyst-estimates.derived"": 2, ""fmp:income-statement"": 9, ""fmp:financial-growth"": 1, ""fmp:earnings.derived"": 1, ""fmp:discounted-cash-flow"": 1, ""fmp:key-metrics-ttm"": 1, ""fmp:ratios-ttm"": 5, ""derive:l6_path_second_derivative"": 1, ""derive:l6_path_tag"": 1, ""fmp:news.derived"": 1, ""derive:l6_sens_cashflow"": 1, ""derive:l6_sens_growth_margin"": 1, ""derive:l6_sens_rates"": 1, ""derive:l6_sens_risk_narrative"": 1, ""derive:l7_env_risk_appetite"": 1, ""fmp:beneficial-ownership"": 1, ""futu"": 1, ""derive:l7_mood_fomo"": 1, ""futu:snapshot"": 1, ""derive:l8_industry_demand_supply"": 1, ""derive:l8_industry_price_war"": 1, ""derive:l8_val_priced_in"": 1, ""fmp:insider-trading"": 1, ""fmp:news"": 1, ""fmp:sec-filings"": 1}",company,L2.newbiz.commercialization;L2.newbiz.revenue_contrib;L2.newbiz.tam;L2.newbiz.uncertainty;L2.newbiz.valuation_contrib,L10.val.expansion_compression;L11.long.business_model;L11.long.compete_moat;L11.long.industry_space;L11.long.margin;L11.long.score;L11.mid.eps_upward;L11.mid.margin_guidance;L11.mid.orders_revenue;L11.mid.score;L11.mode;L11.short.event_impact;L11.short.flow_boost;L11.short.score;L11.short.sentiment_shift;L11.short.technical;L11.trade.signal;L5.bs.ar_ap;L5.bs.cash_debt;L5.bs.goodwill_ppe;L5.bs.inventory;L5.bs.leverage;L5.cf.buyback_dividend;L5.cf.capex;L5.cf.fcf;L5.cf.icf_fcf;L5.cf.ocf;L5.fcst.eps_cf;L5.fcst.revenue_margin;L5.fcst.revisions;L5.is.cogs;L5.is.eps;L5.is.gross_margin;L5.is.gross_profit;L5.is.margins;L5.is.net_profit;L5.is.operating_profit;L5.is.revenue;L5.is.revenue_growth;L5.is.sga_rd;L5.surprise.preprice;L5.surprise.sell_side;L6.mult.dcf;L6.mult.ev_ebitda;L6.mult.mcap_fcf;L6.mult.pb;L6.mult.pe;L6.mult.peg;L6.mult.ps;L6.path.second_derivative;L6.path.tag;L6.priced.news_age;L6.sens.cashflow;L6.sens.growth_margin;L6.sens.rates;L6.sens.risk_narrative;L7.env.risk_appetite;L7.holders.institutional;L7.market.l2_quote;L7.mood.fomo;L7.trade.volume_turnover;L8.industry.demand_supply;L8.industry.price_war;L8.val.priced_in;L9.event.insider_trades;L9.event.news_flow;L9.event.recent_filings,
MLM.US,Martin Marietta,US,ANTI_INVOLUTION_CYCLICAL,59,1,5,51,2,0,67,0,73,250,29.20,"{""derive:l10_val_expansion_compression"": 1, ""derive:bootstrap_l11_subscore"": 11, ""derive:l11_long_score"": 1, ""derive:l11_mid_score"": 1, ""derive:l11_mode"": 1, ""derive:l11_short_score"": 1, ""derive:l11_trade_signal"": 1, ""fmp:balance-sheet"": 4, ""fmp:balance-sheet.derived"": 1, ""fmp:cash-flow"": 5, ""fmp:analyst-estimates"": 2, ""fmp:analyst-estimates.derived"": 2, ""fmp:income-statement"": 9, ""fmp:financial-growth"": 1, ""fmp:earnings.derived"": 1, ""fmp:discounted-cash-flow"": 1, ""fmp:key-metrics-ttm"": 1, ""fmp:ratios-ttm"": 5, ""derive:l6_path_second_derivative"": 1, ""derive:l6_path_tag"": 1, ""fmp:news.derived"": 1, ""derive:l6_sens_cashflow"": 1, ""derive:l6_sens_growth_margin"": 1, ""derive:l6_sens_rates"": 1, ""derive:l6_sens_risk_narrative"": 1, ""derive:l7_env_risk_appetite"": 1, ""fmp:beneficial-ownership"": 1, ""futu"": 1, ""derive:l7_mood_fomo"": 1, ""futu:snapshot"": 1, ""derive:l8_industry_demand_supply"": 1, ""derive:l8_industry_price_war"": 1, ""derive:l8_val_priced_in"": 1, ""fmp:insider-trading"": 1, ""fmp:news"": 1, ""fmp:sec-filings"": 1}",company,L2.newbiz.commercialization;L2.newbiz.revenue_contrib;L2.newbiz.tam;L2.newbiz.uncertainty;L2.newbiz.valuation_contrib,L10.val.expansion_compression;L11.long.business_model;L11.long.compete_moat;L11.long.industry_space;L11.long.margin;L11.long.score;L11.mid.eps_upward;L11.mid.margin_guidance;L11.mid.orders_revenue;L11.mid.score;L11.mode;L11.short.event_impact;L11.short.flow_boost;L11.short.score;L11.short.sentiment_shift;L11.short.technical;L11.trade.signal;L5.bs.ar_ap;L5.bs.cash_debt;L5.bs.goodwill_ppe;L5.bs.inventory;L5.bs.leverage;L5.cf.buyback_dividend;L5.cf.capex;L5.cf.fcf;L5.cf.icf_fcf;L5.cf.ocf;L5.fcst.eps_cf;L5.fcst.revenue_margin;L5.fcst.revisions;L5.is.cogs;L5.is.eps;L5.is.gross_margin;L5.is.gross_profit;L5.is.margins;L5.is.net_profit;L5.is.operating_profit;L5.is.revenue;L5.is.revenue_growth;L5.is.sga_rd;L5.surprise.preprice;L5.surprise.sell_side;L6.mult.dcf;L6.mult.ev_ebitda;L6.mult.mcap_fcf;L6.mult.pb;L6.mult.pe;L6.mult.peg;L6.mult.ps;L6.path.second_derivative;L6.path.tag;L6.priced.news_age;L6.sens.cashflow;L6.sens.growth_margin;L6.sens.rates;L6.sens.risk_narrative;L7.env.risk_appetite;L7.holders.institutional;L7.market.l2_quote;L7.mood.fomo;L7.trade.volume_turnover;L8.industry.demand_supply;L8.industry.price_war;L8.val.priced_in;L9.event.insider_trades;L9.event.news_flow;L9.event.recent_filings,
MP.US,MP Materials,US,NONFERROUS_METALS,59,1,5,51,2,0,67,0,73,250,29.20,"{""derive:l10_val_expansion_compression"": 1, ""derive:bootstrap_l11_subscore"": 11, ""derive:l11_long_score"": 1, ""derive:l11_mid_score"": 1, ""derive:l11_mode"": 1, ""derive:l11_short_score"": 1, ""derive:l11_trade_signal"": 1, ""fmp:balance-sheet"": 4, ""fmp:balance-sheet.derived"": 1, ""fmp:cash-flow"": 5, ""fmp:analyst-estimates"": 2, ""fmp:analyst-estimates.derived"": 2, ""fmp:income-statement"": 9, ""fmp:financial-growth"": 1, ""fmp:earnings.derived"": 1, ""fmp:discounted-cash-flow"": 1, ""fmp:key-metrics-ttm"": 1, ""fmp:ratios-ttm"": 5, ""derive:l6_path_second_derivative"": 1, ""derive:l6_path_tag"": 1, ""fmp:news.derived"": 1, ""derive:l6_sens_cashflow"": 1, ""derive:l6_sens_growth_margin"": 1, ""derive:l6_sens_rates"": 1, ""derive:l6_sens_risk_narrative"": 1, ""derive:l7_env_risk_appetite"": 1, ""fmp:beneficial-ownership"": 1, ""futu"": 1, ""derive:l7_mood_fomo"": 1, ""futu:snapshot"": 1, ""derive:l8_industry_demand_supply"": 1, ""derive:l8_industry_price_war"": 1, ""derive:l8_val_priced_in"": 1, ""fmp:insider-trading"": 1, ""fmp:news"": 1, ""fmp:sec-filings"": 1}",company,L2.newbiz.commercialization;L2.newbiz.revenue_contrib;L2.newbiz.tam;L2.newbiz.uncertainty;L2.newbiz.valuation_contrib,L10.val.expansion_compression;L11.long.business_model;L11.long.compete_moat;L11.long.industry_space;L11.long.margin;L11.long.score;L11.mid.eps_upward;L11.mid.margin_guidance;L11.mid.orders_revenue;L11.mid.score;L11.mode;L11.short.event_impact;L11.short.flow_boost;L11.short.score;L11.short.sentiment_shift;L11.short.technical;L11.trade.signal;L5.bs.ar_ap;L5.bs.cash_debt;L5.bs.goodwill_ppe;L5.bs.inventory;L5.bs.leverage;L5.cf.buyback_dividend;L5.cf.capex;L5.cf.fcf;L5.cf.icf_fcf;L5.cf.ocf;L5.fcst.eps_cf;L5.fcst.revenue_margin;L5.fcst.revisions;L5.is.cogs;L5.is.eps;L5.is.gross_margin;L5.is.gross_profit;L5.is.margins;L5.is.net_profit;L5.is.operating_profit;L5.is.revenue;L5.is.revenue_growth;L5.is.sga_rd;L5.surprise.preprice;L5.surprise.sell_side;L6.mult.dcf;L6.mult.ev_ebitda;L6.mult.mcap_fcf;L6.mult.pb;L6.mult.pe;L6.mult.peg;L6.mult.ps;L6.path.second_derivative;L6.path.tag;L6.priced.news_age;L6.sens.cashflow;L6.sens.growth_margin;L6.sens.rates;L6.sens.risk_narrative;L7.env.risk_appetite;L7.holders.institutional;L7.market.l2_quote;L7.mood.fomo;L7.trade.volume_turnover;L8.industry.demand_supply;L8.industry.price_war;L8.val.priced_in;L9.event.insider_trades;L9.event.news_flow;L9.event.recent_filings,
MRK.US,Merck,US,INNOVATIVE_PHARMA,59,1,5,51,2,0,67,0,73,250,29.20,"{""derive:l10_val_expansion_compression"": 1, ""derive:bootstrap_l11_subscore"": 11, ""derive:l11_long_score"": 1, ""derive:l11_mid_score"": 1, ""derive:l11_mode"": 1, ""derive:l11_short_score"": 1, ""derive:l11_trade_signal"": 1, ""fmp:balance-sheet"": 4, ""fmp:balance-sheet.derived"": 1, ""fmp:cash-flow"": 5, ""fmp:analyst-estimates"": 2, ""fmp:analyst-estimates.derived"": 2, ""fmp:income-statement"": 9, ""fmp:financial-growth"": 1, ""fmp:earnings.derived"": 1, ""fmp:discounted-cash-flow"": 1, ""fmp:key-metrics-ttm"": 1, ""fmp:ratios-ttm"": 5, ""derive:l6_path_second_derivative"": 1, ""derive:l6_path_tag"": 1, ""fmp:news.derived"": 1, ""derive:l6_sens_cashflow"": 1, ""derive:l6_sens_growth_margin"": 1, ""derive:l6_sens_rates"": 1, ""derive:l6_sens_risk_narrative"": 1, ""derive:l7_env_risk_appetite"": 1, ""fmp:beneficial-ownership"": 1, ""futu"": 1, ""derive:l7_mood_fomo"": 1, ""futu:snapshot"": 1, ""derive:l8_industry_demand_supply"": 1, ""derive:l8_industry_price_war"": 1, ""derive:l8_val_priced_in"": 1, ""fmp:insider-trading"": 1, ""fmp:news"": 1, ""fmp:sec-filings"": 1}",company,L2.newbiz.commercialization;L2.newbiz.revenue_contrib;L2.newbiz.tam;L2.newbiz.uncertainty;L2.newbiz.valuation_contrib,L10.val.expansion_compression;L11.long.business_model;L11.long.compete_moat;L11.long.industry_space;L11.long.margin;L11.long.score;L11.mid.eps_upward;L11.mid.margin_guidance;L11.mid.orders_revenue;L11.mid.score;L11.mode;L11.short.event_impact;L11.short.flow_boost;L11.short.score;L11.short.sentiment_shift;L11.short.technical;L11.trade.signal;L5.bs.ar_ap;L5.bs.cash_debt;L5.bs.goodwill_ppe;L5.bs.inventory;L5.bs.leverage;L5.cf.buyback_dividend;L5.cf.capex;L5.cf.fcf;L5.cf.icf_fcf;L5.cf.ocf;L5.fcst.eps_cf;L5.fcst.revenue_margin;L5.fcst.revisions;L5.is.cogs;L5.is.eps;L5.is.gross_margin;L5.is.gross_profit;L5.is.margins;L5.is.net_profit;L5.is.operating_profit;L5.is.revenue;L5.is.revenue_growth;L5.is.sga_rd;L5.surprise.preprice;L5.surprise.sell_side;L6.mult.dcf;L6.mult.ev_ebitda;L6.mult.mcap_fcf;L6.mult.pb;L6.mult.pe;L6.mult.peg;L6.mult.ps;L6.path.second_derivative;L6.path.tag;L6.priced.news_age;L6.sens.cashflow;L6.sens.growth_margin;L6.sens.rates;L6.sens.risk_narrative;L7.env.risk_appetite;L7.holders.institutional;L7.market.l2_quote;L7.mood.fomo;L7.trade.volume_turnover;L8.industry.demand_supply;L8.industry.price_war;L8.val.priced_in;L9.event.insider_trades;L9.event.news_flow;L9.event.recent_filings,
MRNA.US,Moderna,US,INNOVATIVE_PHARMA,59,1,5,51,2,0,67,0,73,250,29.20,"{""derive:l10_val_expansion_compression"": 1, ""derive:bootstrap_l11_subscore"": 11, ""derive:l11_long_score"": 1, ""derive:l11_mid_score"": 1, ""derive:l11_mode"": 1, ""derive:l11_short_score"": 1, ""derive:l11_trade_signal"": 1, ""fmp:balance-sheet"": 4, ""fmp:balance-sheet.derived"": 1, ""fmp:cash-flow"": 5, ""fmp:analyst-estimates"": 2, ""fmp:analyst-estimates.derived"": 2, ""fmp:income-statement"": 9, ""fmp:financial-growth"": 1, ""fmp:earnings.derived"": 1, ""fmp:discounted-cash-flow"": 1, ""fmp:key-metrics-ttm"": 1, ""fmp:ratios-ttm"": 5, ""derive:l6_path_second_derivative"": 1, ""derive:l6_path_tag"": 1, ""fmp:news.derived"": 1, ""derive:l6_sens_cashflow"": 1, ""derive:l6_sens_growth_margin"": 1, ""derive:l6_sens_rates"": 1, ""derive:l6_sens_risk_narrative"": 1, ""derive:l7_env_risk_appetite"": 1, ""fmp:beneficial-ownership"": 1, ""futu"": 1, ""derive:l7_mood_fomo"": 1, ""futu:snapshot"": 1, ""derive:l8_industry_demand_supply"": 1, ""derive:l8_industry_price_war"": 1, ""derive:l8_val_priced_in"": 1, ""fmp:insider-trading"": 1, ""fmp:news"": 1, ""fmp:sec-filings"": 1}",company,L2.newbiz.commercialization;L2.newbiz.revenue_contrib;L2.newbiz.tam;L2.newbiz.uncertainty;L2.newbiz.valuation_contrib,L10.val.expansion_compression;L11.long.business_model;L11.long.compete_moat;L11.long.industry_space;L11.long.margin;L11.long.score;L11.mid.eps_upward;L11.mid.margin_guidance;L11.mid.orders_revenue;L11.mid.score;L11.mode;L11.short.event_impact;L11.short.flow_boost;L11.short.score;L11.short.sentiment_shift;L11.short.technical;L11.trade.signal;L5.bs.ar_ap;L5.bs.cash_debt;L5.bs.goodwill_ppe;L5.bs.inventory;L5.bs.leverage;L5.cf.buyback_dividend;L5.cf.capex;L5.cf.fcf;L5.cf.icf_fcf;L5.cf.ocf;L5.fcst.eps_cf;L5.fcst.revenue_margin;L5.fcst.revisions;L5.is.cogs;L5.is.eps;L5.is.gross_margin;L5.is.gross_profit;L5.is.margins;L5.is.net_profit;L5.is.operating_profit;L5.is.revenue;L5.is.revenue_growth;L5.is.sga_rd;L5.surprise.preprice;L5.surprise.sell_side;L6.mult.dcf;L6.mult.ev_ebitda;L6.mult.mcap_fcf;L6.mult.pb;L6.mult.pe;L6.mult.peg;L6.mult.ps;L6.path.second_derivative;L6.path.tag;L6.priced.news_age;L6.sens.cashflow;L6.sens.growth_margin;L6.sens.rates;L6.sens.risk_narrative;L7.env.risk_appetite;L7.holders.institutional;L7.market.l2_quote;L7.mood.fomo;L7.trade.volume_turnover;L8.industry.demand_supply;L8.industry.price_war;L8.val.priced_in;L9.event.insider_trades;L9.event.news_flow;L9.event.recent_filings,
MRVL.US,Marvell,US,AI_COMPUTE,59,1,5,51,2,0,68,0,74,250,29.60,"{""derive:l10_val_expansion_compression"": 1, ""derive:bootstrap_l11_subscore"": 11, ""derive:l11_long_score"": 1, ""derive:l11_mid_score"": 1, ""derive:l11_mode"": 1, ""derive:l11_short_score"": 1, ""derive:l11_trade_signal"": 1, ""fmp:balance-sheet"": 4, ""fmp:balance-sheet.derived"": 1, ""fmp:cash-flow"": 5, ""fmp:analyst-estimates"": 2, ""fmp:analyst-estimates.derived"": 2, ""fmp:income-statement"": 9, ""fmp:financial-growth"": 1, ""fmp:earnings.derived"": 1, ""fmp:discounted-cash-flow"": 1, ""fmp:key-metrics-ttm"": 1, ""fmp:ratios-ttm"": 5, ""derive:l6_path_second_derivative"": 1, ""derive:l6_path_tag"": 1, ""fmp:news.derived"": 1, ""derive:l6_sens_cashflow"": 1, ""derive:l6_sens_growth_margin"": 1, ""derive:l6_sens_rates"": 1, ""derive:l6_sens_risk_narrative"": 1, ""derive:l7_env_risk_appetite"": 1, ""futu:capital_flow"": 1, ""fmp:beneficial-ownership"": 1, ""futu"": 1, ""derive:l7_mood_fomo"": 1, ""futu:snapshot"": 1, ""derive:l8_industry_demand_supply"": 1, ""derive:l8_industry_price_war"": 1, ""derive:l8_val_priced_in"": 1, ""fmp:insider-trading"": 1, ""fmp:news"": 1, ""fmp:sec-filings"": 1}",company,L2.newbiz.commercialization;L2.newbiz.revenue_contrib;L2.newbiz.tam;L2.newbiz.uncertainty;L2.newbiz.valuation_contrib,L10.val.expansion_compression;L11.long.business_model;L11.long.compete_moat;L11.long.industry_space;L11.long.margin;L11.long.score;L11.mid.eps_upward;L11.mid.margin_guidance;L11.mid.orders_revenue;L11.mid.score;L11.mode;L11.short.event_impact;L11.short.flow_boost;L11.short.score;L11.short.sentiment_shift;L11.short.technical;L11.trade.signal;L5.bs.ar_ap;L5.bs.cash_debt;L5.bs.goodwill_ppe;L5.bs.inventory;L5.bs.leverage;L5.cf.buyback_dividend;L5.cf.capex;L5.cf.fcf;L5.cf.icf_fcf;L5.cf.ocf;L5.fcst.eps_cf;L5.fcst.revenue_margin;L5.fcst.revisions;L5.is.cogs;L5.is.eps;L5.is.gross_margin;L5.is.gross_profit;L5.is.margins;L5.is.net_profit;L5.is.operating_profit;L5.is.revenue;L5.is.revenue_growth;L5.is.sga_rd;L5.surprise.preprice;L5.surprise.sell_side;L6.mult.dcf;L6.mult.ev_ebitda;L6.mult.mcap_fcf;L6.mult.pb;L6.mult.pe;L6.mult.peg;L6.mult.ps;L6.path.second_derivative;L6.path.tag;L6.priced.news_age;L6.sens.cashflow;L6.sens.growth_margin;L6.sens.rates;L6.sens.risk_narrative;L7.env.risk_appetite;L7.flow.active_inflow;L7.holders.institutional;L7.market.l2_quote;L7.mood.fomo;L7.trade.volume_turnover;L8.industry.demand_supply;L8.industry.price_war;L8.val.priced_in;L9.event.insider_trades;L9.event.news_flow;L9.event.recent_filings,
MS.US,Morgan Stanley,US,FINANCIAL_HIGH_DIVIDEND,59,1,5,51,2,0,67,0,73,250,29.20,"{""derive:l10_val_expansion_compression"": 1, ""derive:bootstrap_l11_subscore"": 11, ""derive:l11_long_score"": 1, ""derive:l11_mid_score"": 1, ""derive:l11_mode"": 1, ""derive:l11_short_score"": 1, ""derive:l11_trade_signal"": 1, ""fmp:balance-sheet"": 4, ""fmp:balance-sheet.derived"": 1, ""fmp:cash-flow"": 5, ""fmp:analyst-estimates"": 2, ""fmp:analyst-estimates.derived"": 2, ""fmp:income-statement"": 9, ""fmp:financial-growth"": 1, ""fmp:earnings.derived"": 1, ""fmp:discounted-cash-flow"": 1, ""fmp:key-metrics-ttm"": 1, ""fmp:ratios-ttm"": 5, ""derive:l6_path_second_derivative"": 1, ""derive:l6_path_tag"": 1, ""fmp:news.derived"": 1, ""derive:l6_sens_cashflow"": 1, ""derive:l6_sens_growth_margin"": 1, ""derive:l6_sens_rates"": 1, ""derive:l6_sens_risk_narrative"": 1, ""derive:l7_env_risk_appetite"": 1, ""fmp:beneficial-ownership"": 1, ""futu"": 1, ""derive:l7_mood_fomo"": 1, ""futu:snapshot"": 1, ""derive:l8_industry_demand_supply"": 1, ""derive:l8_industry_price_war"": 1, ""derive:l8_val_priced_in"": 1, ""fmp:insider-trading"": 1, ""fmp:news"": 1, ""fmp:sec-filings"": 1}",company,L2.newbiz.commercialization;L2.newbiz.revenue_contrib;L2.newbiz.tam;L2.newbiz.uncertainty;L2.newbiz.valuation_contrib,L10.val.expansion_compression;L11.long.business_model;L11.long.compete_moat;L11.long.industry_space;L11.long.margin;L11.long.score;L11.mid.eps_upward;L11.mid.margin_guidance;L11.mid.orders_revenue;L11.mid.score;L11.mode;L11.short.event_impact;L11.short.flow_boost;L11.short.score;L11.short.sentiment_shift;L11.short.technical;L11.trade.signal;L5.bs.ar_ap;L5.bs.cash_debt;L5.bs.goodwill_ppe;L5.bs.inventory;L5.bs.leverage;L5.cf.buyback_dividend;L5.cf.capex;L5.cf.fcf;L5.cf.icf_fcf;L5.cf.ocf;L5.fcst.eps_cf;L5.fcst.revenue_margin;L5.fcst.revisions;L5.is.cogs;L5.is.eps;L5.is.gross_margin;L5.is.gross_profit;L5.is.margins;L5.is.net_profit;L5.is.operating_profit;L5.is.revenue;L5.is.revenue_growth;L5.is.sga_rd;L5.surprise.preprice;L5.surprise.sell_side;L6.mult.dcf;L6.mult.ev_ebitda;L6.mult.mcap_fcf;L6.mult.pb;L6.mult.pe;L6.mult.peg;L6.mult.ps;L6.path.second_derivative;L6.path.tag;L6.priced.news_age;L6.sens.cashflow;L6.sens.growth_margin;L6.sens.rates;L6.sens.risk_narrative;L7.env.risk_appetite;L7.holders.institutional;L7.market.l2_quote;L7.mood.fomo;L7.trade.volume_turnover;L8.industry.demand_supply;L8.industry.price_war;L8.val.priced_in;L9.event.insider_trades;L9.event.news_flow;L9.event.recent_filings,
MSFT.US,Microsoft,US,AI_COMPUTE,59,1,5,51,2,0,68,0,74,250,29.60,"{""derive:l10_val_expansion_compression"": 1, ""derive:bootstrap_l11_subscore"": 11, ""derive:l11_long_score"": 1, ""derive:l11_mid_score"": 1, ""derive:l11_mode"": 1, ""derive:l11_short_score"": 1, ""derive:l11_trade_signal"": 1, ""fmp:balance-sheet"": 4, ""fmp:balance-sheet.derived"": 1, ""fmp:cash-flow"": 5, ""fmp:analyst-estimates"": 2, ""fmp:analyst-estimates.derived"": 2, ""fmp:income-statement"": 9, ""fmp:financial-growth"": 1, ""fmp:earnings.derived"": 1, ""fmp:discounted-cash-flow"": 1, ""fmp:key-metrics-ttm"": 1, ""fmp:ratios-ttm"": 5, ""derive:l6_path_second_derivative"": 1, ""derive:l6_path_tag"": 1, ""fmp:news.derived"": 1, ""derive:l6_sens_cashflow"": 1, ""derive:l6_sens_growth_margin"": 1, ""derive:l6_sens_rates"": 1, ""derive:l6_sens_risk_narrative"": 1, ""derive:l7_env_risk_appetite"": 1, ""futu:capital_flow"": 1, ""fmp:beneficial-ownership"": 1, ""futu"": 1, ""derive:l7_mood_fomo"": 1, ""futu:snapshot"": 1, ""derive:l8_industry_demand_supply"": 1, ""derive:l8_industry_price_war"": 1, ""derive:l8_val_priced_in"": 1, ""fmp:insider-trading"": 1, ""fmp:news"": 1, ""fmp:sec-filings"": 1}",company,L2.newbiz.commercialization;L2.newbiz.revenue_contrib;L2.newbiz.tam;L2.newbiz.uncertainty;L2.newbiz.valuation_contrib,L10.val.expansion_compression;L11.long.business_model;L11.long.compete_moat;L11.long.industry_space;L11.long.margin;L11.long.score;L11.mid.eps_upward;L11.mid.margin_guidance;L11.mid.orders_revenue;L11.mid.score;L11.mode;L11.short.event_impact;L11.short.flow_boost;L11.short.score;L11.short.sentiment_shift;L11.short.technical;L11.trade.signal;L5.bs.ar_ap;L5.bs.cash_debt;L5.bs.goodwill_ppe;L5.bs.inventory;L5.bs.leverage;L5.cf.buyback_dividend;L5.cf.capex;L5.cf.fcf;L5.cf.icf_fcf;L5.cf.ocf;L5.fcst.eps_cf;L5.fcst.revenue_margin;L5.fcst.revisions;L5.is.cogs;L5.is.eps;L5.is.gross_margin;L5.is.gross_profit;L5.is.margins;L5.is.net_profit;L5.is.operating_profit;L5.is.revenue;L5.is.revenue_growth;L5.is.sga_rd;L5.surprise.preprice;L5.surprise.sell_side;L6.mult.dcf;L6.mult.ev_ebitda;L6.mult.mcap_fcf;L6.mult.pb;L6.mult.pe;L6.mult.peg;L6.mult.ps;L6.path.second_derivative;L6.path.tag;L6.priced.news_age;L6.sens.cashflow;L6.sens.growth_margin;L6.sens.rates;L6.sens.risk_narrative;L7.env.risk_appetite;L7.flow.active_inflow;L7.holders.institutional;L7.market.l2_quote;L7.mood.fomo;L7.trade.volume_turnover;L8.industry.demand_supply;L8.industry.price_war;L8.val.priced_in;L9.event.insider_trades;L9.event.news_flow;L9.event.recent_filings,
MU.US,Micron,US,AI_COMPUTE|CONSUMER_ELECTRONICS,59,1,5,51,2,0,68,0,74,250,29.60,"{""derive:l10_val_expansion_compression"": 1, ""derive:bootstrap_l11_subscore"": 11, ""derive:l11_long_score"": 1, ""derive:l11_mid_score"": 1, ""derive:l11_mode"": 1, ""derive:l11_short_score"": 1, ""derive:l11_trade_signal"": 1, ""fmp:balance-sheet"": 4, ""fmp:balance-sheet.derived"": 1, ""fmp:cash-flow"": 5, ""fmp:analyst-estimates"": 2, ""fmp:analyst-estimates.derived"": 2, ""fmp:income-statement"": 9, ""fmp:financial-growth"": 1, ""fmp:earnings.derived"": 1, ""fmp:discounted-cash-flow"": 1, ""fmp:key-metrics-ttm"": 1, ""fmp:ratios-ttm"": 5, ""derive:l6_path_second_derivative"": 1, ""derive:l6_path_tag"": 1, ""fmp:news.derived"": 1, ""derive:l6_sens_cashflow"": 1, ""derive:l6_sens_growth_margin"": 1, ""derive:l6_sens_rates"": 1, ""derive:l6_sens_risk_narrative"": 1, ""derive:l7_env_risk_appetite"": 1, ""futu:capital_flow"": 1, ""fmp:beneficial-ownership"": 1, ""futu"": 1, ""derive:l7_mood_fomo"": 1, ""futu:snapshot"": 1, ""derive:l8_industry_demand_supply"": 1, ""derive:l8_industry_price_war"": 1, ""derive:l8_val_priced_in"": 1, ""fmp:insider-trading"": 1, ""fmp:news"": 1, ""fmp:sec-filings"": 1}",company,L2.newbiz.commercialization;L2.newbiz.revenue_contrib;L2.newbiz.tam;L2.newbiz.uncertainty;L2.newbiz.valuation_contrib,L10.val.expansion_compression;L11.long.business_model;L11.long.compete_moat;L11.long.industry_space;L11.long.margin;L11.long.score;L11.mid.eps_upward;L11.mid.margin_guidance;L11.mid.orders_revenue;L11.mid.score;L11.mode;L11.short.event_impact;L11.short.flow_boost;L11.short.score;L11.short.sentiment_shift;L11.short.technical;L11.trade.signal;L5.bs.ar_ap;L5.bs.cash_debt;L5.bs.goodwill_ppe;L5.bs.inventory;L5.bs.leverage;L5.cf.buyback_dividend;L5.cf.capex;L5.cf.fcf;L5.cf.icf_fcf;L5.cf.ocf;L5.fcst.eps_cf;L5.fcst.revenue_margin;L5.fcst.revisions;L5.is.cogs;L5.is.eps;L5.is.gross_margin;L5.is.gross_profit;L5.is.margins;L5.is.net_profit;L5.is.operating_profit;L5.is.revenue;L5.is.revenue_growth;L5.is.sga_rd;L5.surprise.preprice;L5.surprise.sell_side;L6.mult.dcf;L6.mult.ev_ebitda;L6.mult.mcap_fcf;L6.mult.pb;L6.mult.pe;L6.mult.peg;L6.mult.ps;L6.path.second_derivative;L6.path.tag;L6.priced.news_age;L6.sens.cashflow;L6.sens.growth_margin;L6.sens.rates;L6.sens.risk_narrative;L7.env.risk_appetite;L7.flow.active_inflow;L7.holders.institutional;L7.market.l2_quote;L7.mood.fomo;L7.trade.volume_turnover;L8.industry.demand_supply;L8.industry.price_war;L8.val.priced_in;L9.event.insider_trades;L9.event.news_flow;L9.event.recent_filings,
NEE.US,NextEra Energy,US,STORAGE_GRID,59,1,5,51,2,0,67,0,73,250,29.20,"{""derive:l10_val_expansion_compression"": 1, ""derive:bootstrap_l11_subscore"": 11, ""derive:l11_long_score"": 1, ""derive:l11_mid_score"": 1, ""derive:l11_mode"": 1, ""derive:l11_short_score"": 1, ""derive:l11_trade_signal"": 1, ""fmp:balance-sheet"": 4, ""fmp:balance-sheet.derived"": 1, ""fmp:cash-flow"": 5, ""fmp:analyst-estimates"": 2, ""fmp:analyst-estimates.derived"": 2, ""fmp:income-statement"": 9, ""fmp:financial-growth"": 1, ""fmp:earnings.derived"": 1, ""fmp:discounted-cash-flow"": 1, ""fmp:key-metrics-ttm"": 1, ""fmp:ratios-ttm"": 5, ""derive:l6_path_second_derivative"": 1, ""derive:l6_path_tag"": 1, ""fmp:news.derived"": 1, ""derive:l6_sens_cashflow"": 1, ""derive:l6_sens_growth_margin"": 1, ""derive:l6_sens_rates"": 1, ""derive:l6_sens_risk_narrative"": 1, ""derive:l7_env_risk_appetite"": 1, ""fmp:beneficial-ownership"": 1, ""futu"": 1, ""derive:l7_mood_fomo"": 1, ""futu:snapshot"": 1, ""derive:l8_industry_demand_supply"": 1, ""derive:l8_industry_price_war"": 1, ""derive:l8_val_priced_in"": 1, ""fmp:insider-trading"": 1, ""fmp:news"": 1, ""fmp:sec-filings"": 1}",company,L2.newbiz.commercialization;L2.newbiz.revenue_contrib;L2.newbiz.tam;L2.newbiz.uncertainty;L2.newbiz.valuation_contrib,L10.val.expansion_compression;L11.long.business_model;L11.long.compete_moat;L11.long.industry_space;L11.long.margin;L11.long.score;L11.mid.eps_upward;L11.mid.margin_guidance;L11.mid.orders_revenue;L11.mid.score;L11.mode;L11.short.event_impact;L11.short.flow_boost;L11.short.score;L11.short.sentiment_shift;L11.short.technical;L11.trade.signal;L5.bs.ar_ap;L5.bs.cash_debt;L5.bs.goodwill_ppe;L5.bs.inventory;L5.bs.leverage;L5.cf.buyback_dividend;L5.cf.capex;L5.cf.fcf;L5.cf.icf_fcf;L5.cf.ocf;L5.fcst.eps_cf;L5.fcst.revenue_margin;L5.fcst.revisions;L5.is.cogs;L5.is.eps;L5.is.gross_margin;L5.is.gross_profit;L5.is.margins;L5.is.net_profit;L5.is.operating_profit;L5.is.revenue;L5.is.revenue_growth;L5.is.sga_rd;L5.surprise.preprice;L5.surprise.sell_side;L6.mult.dcf;L6.mult.ev_ebitda;L6.mult.mcap_fcf;L6.mult.pb;L6.mult.pe;L6.mult.peg;L6.mult.ps;L6.path.second_derivative;L6.path.tag;L6.priced.news_age;L6.sens.cashflow;L6.sens.growth_margin;L6.sens.rates;L6.sens.risk_narrative;L7.env.risk_appetite;L7.holders.institutional;L7.market.l2_quote;L7.mood.fomo;L7.trade.volume_turnover;L8.industry.demand_supply;L8.industry.price_war;L8.val.priced_in;L9.event.insider_trades;L9.event.news_flow;L9.event.recent_filings,
NEM.US,Newmont,US,NONFERROUS_METALS,59,1,5,51,2,0,67,0,73,250,29.20,"{""derive:l10_val_expansion_compression"": 1, ""derive:bootstrap_l11_subscore"": 11, ""derive:l11_long_score"": 1, ""derive:l11_mid_score"": 1, ""derive:l11_mode"": 1, ""derive:l11_short_score"": 1, ""derive:l11_trade_signal"": 1, ""fmp:balance-sheet"": 4, ""fmp:balance-sheet.derived"": 1, ""fmp:cash-flow"": 5, ""fmp:analyst-estimates"": 2, ""fmp:analyst-estimates.derived"": 2, ""fmp:income-statement"": 9, ""fmp:financial-growth"": 1, ""fmp:earnings.derived"": 1, ""fmp:discounted-cash-flow"": 1, ""fmp:key-metrics-ttm"": 1, ""fmp:ratios-ttm"": 5, ""derive:l6_path_second_derivative"": 1, ""derive:l6_path_tag"": 1, ""fmp:news.derived"": 1, ""derive:l6_sens_cashflow"": 1, ""derive:l6_sens_growth_margin"": 1, ""derive:l6_sens_rates"": 1, ""derive:l6_sens_risk_narrative"": 1, ""derive:l7_env_risk_appetite"": 1, ""fmp:beneficial-ownership"": 1, ""futu"": 1, ""derive:l7_mood_fomo"": 1, ""futu:snapshot"": 1, ""derive:l8_industry_demand_supply"": 1, ""derive:l8_industry_price_war"": 1, ""derive:l8_val_priced_in"": 1, ""fmp:insider-trading"": 1, ""fmp:news"": 1, ""fmp:sec-filings"": 1}",company,L2.newbiz.commercialization;L2.newbiz.revenue_contrib;L2.newbiz.tam;L2.newbiz.uncertainty;L2.newbiz.valuation_contrib,L10.val.expansion_compression;L11.long.business_model;L11.long.compete_moat;L11.long.industry_space;L11.long.margin;L11.long.score;L11.mid.eps_upward;L11.mid.margin_guidance;L11.mid.orders_revenue;L11.mid.score;L11.mode;L11.short.event_impact;L11.short.flow_boost;L11.short.score;L11.short.sentiment_shift;L11.short.technical;L11.trade.signal;L5.bs.ar_ap;L5.bs.cash_debt;L5.bs.goodwill_ppe;L5.bs.inventory;L5.bs.leverage;L5.cf.buyback_dividend;L5.cf.capex;L5.cf.fcf;L5.cf.icf_fcf;L5.cf.ocf;L5.fcst.eps_cf;L5.fcst.revenue_margin;L5.fcst.revisions;L5.is.cogs;L5.is.eps;L5.is.gross_margin;L5.is.gross_profit;L5.is.margins;L5.is.net_profit;L5.is.operating_profit;L5.is.revenue;L5.is.revenue_growth;L5.is.sga_rd;L5.surprise.preprice;L5.surprise.sell_side;L6.mult.dcf;L6.mult.ev_ebitda;L6.mult.mcap_fcf;L6.mult.pb;L6.mult.pe;L6.mult.peg;L6.mult.ps;L6.path.second_derivative;L6.path.tag;L6.priced.news_age;L6.sens.cashflow;L6.sens.growth_margin;L6.sens.rates;L6.sens.risk_narrative;L7.env.risk_appetite;L7.holders.institutional;L7.market.l2_quote;L7.mood.fomo;L7.trade.volume_turnover;L8.industry.demand_supply;L8.industry.price_war;L8.val.priced_in;L9.event.insider_trades;L9.event.news_flow;L9.event.recent_filings,
NTES.US,NetEase,US,HK_CN_INTERNET,59,1,5,51,2,0,67,0,73,250,29.20,"{""derive:l10_val_expansion_compression"": 1, ""derive:bootstrap_l11_subscore"": 11, ""derive:l11_long_score"": 1, ""derive:l11_mid_score"": 1, ""derive:l11_mode"": 1, ""derive:l11_short_score"": 1, ""derive:l11_trade_signal"": 1, ""fmp:balance-sheet"": 4, ""fmp:balance-sheet.derived"": 1, ""fmp:cash-flow"": 5, ""fmp:analyst-estimates"": 2, ""fmp:analyst-estimates.derived"": 2, ""fmp:income-statement"": 9, ""fmp:financial-growth"": 1, ""fmp:earnings.derived"": 1, ""fmp:discounted-cash-flow"": 1, ""fmp:key-metrics-ttm"": 1, ""fmp:ratios-ttm"": 5, ""derive:l6_path_second_derivative"": 1, ""derive:l6_path_tag"": 1, ""fmp:news.derived"": 1, ""derive:l6_sens_cashflow"": 1, ""derive:l6_sens_growth_margin"": 1, ""derive:l6_sens_rates"": 1, ""derive:l6_sens_risk_narrative"": 1, ""derive:l7_env_risk_appetite"": 1, ""fmp:beneficial-ownership"": 1, ""futu"": 1, ""derive:l7_mood_fomo"": 1, ""futu:snapshot"": 1, ""derive:l8_industry_demand_supply"": 1, ""derive:l8_industry_price_war"": 1, ""derive:l8_val_priced_in"": 1, ""fmp:insider-trading"": 1, ""fmp:news"": 1, ""fmp:sec-filings"": 1}",company,L2.newbiz.commercialization;L2.newbiz.revenue_contrib;L2.newbiz.tam;L2.newbiz.uncertainty;L2.newbiz.valuation_contrib,L10.val.expansion_compression;L11.long.business_model;L11.long.compete_moat;L11.long.industry_space;L11.long.margin;L11.long.score;L11.mid.eps_upward;L11.mid.margin_guidance;L11.mid.orders_revenue;L11.mid.score;L11.mode;L11.short.event_impact;L11.short.flow_boost;L11.short.score;L11.short.sentiment_shift;L11.short.technical;L11.trade.signal;L5.bs.ar_ap;L5.bs.cash_debt;L5.bs.goodwill_ppe;L5.bs.inventory;L5.bs.leverage;L5.cf.buyback_dividend;L5.cf.capex;L5.cf.fcf;L5.cf.icf_fcf;L5.cf.ocf;L5.fcst.eps_cf;L5.fcst.revenue_margin;L5.fcst.revisions;L5.is.cogs;L5.is.eps;L5.is.gross_margin;L5.is.gross_profit;L5.is.margins;L5.is.net_profit;L5.is.operating_profit;L5.is.revenue;L5.is.revenue_growth;L5.is.sga_rd;L5.surprise.preprice;L5.surprise.sell_side;L6.mult.dcf;L6.mult.ev_ebitda;L6.mult.mcap_fcf;L6.mult.pb;L6.mult.pe;L6.mult.peg;L6.mult.ps;L6.path.second_derivative;L6.path.tag;L6.priced.news_age;L6.sens.cashflow;L6.sens.growth_margin;L6.sens.rates;L6.sens.risk_narrative;L7.env.risk_appetite;L7.holders.institutional;L7.market.l2_quote;L7.mood.fomo;L7.trade.volume_turnover;L8.industry.demand_supply;L8.industry.price_war;L8.val.priced_in;L9.event.insider_trades;L9.event.news_flow;L9.event.recent_filings,
NUE.US,Nucor,US,ANTI_INVOLUTION_CYCLICAL,59,1,5,51,2,0,67,0,73,250,29.20,"{""derive:l10_val_expansion_compression"": 1, ""derive:bootstrap_l11_subscore"": 11, ""derive:l11_long_score"": 1, ""derive:l11_mid_score"": 1, ""derive:l11_mode"": 1, ""derive:l11_short_score"": 1, ""derive:l11_trade_signal"": 1, ""fmp:balance-sheet"": 4, ""fmp:balance-sheet.derived"": 1, ""fmp:cash-flow"": 5, ""fmp:analyst-estimates"": 2, ""fmp:analyst-estimates.derived"": 2, ""fmp:income-statement"": 9, ""fmp:financial-growth"": 1, ""fmp:earnings.derived"": 1, ""fmp:discounted-cash-flow"": 1, ""fmp:key-metrics-ttm"": 1, ""fmp:ratios-ttm"": 5, ""derive:l6_path_second_derivative"": 1, ""derive:l6_path_tag"": 1, ""fmp:news.derived"": 1, ""derive:l6_sens_cashflow"": 1, ""derive:l6_sens_growth_margin"": 1, ""derive:l6_sens_rates"": 1, ""derive:l6_sens_risk_narrative"": 1, ""derive:l7_env_risk_appetite"": 1, ""fmp:beneficial-ownership"": 1, ""futu"": 1, ""derive:l7_mood_fomo"": 1, ""futu:snapshot"": 1, ""derive:l8_industry_demand_supply"": 1, ""derive:l8_industry_price_war"": 1, ""derive:l8_val_priced_in"": 1, ""fmp:insider-trading"": 1, ""fmp:news"": 1, ""fmp:sec-filings"": 1}",company,L2.newbiz.commercialization;L2.newbiz.revenue_contrib;L2.newbiz.tam;L2.newbiz.uncertainty;L2.newbiz.valuation_contrib,L10.val.expansion_compression;L11.long.business_model;L11.long.compete_moat;L11.long.industry_space;L11.long.margin;L11.long.score;L11.mid.eps_upward;L11.mid.margin_guidance;L11.mid.orders_revenue;L11.mid.score;L11.mode;L11.short.event_impact;L11.short.flow_boost;L11.short.score;L11.short.sentiment_shift;L11.short.technical;L11.trade.signal;L5.bs.ar_ap;L5.bs.cash_debt;L5.bs.goodwill_ppe;L5.bs.inventory;L5.bs.leverage;L5.cf.buyback_dividend;L5.cf.capex;L5.cf.fcf;L5.cf.icf_fcf;L5.cf.ocf;L5.fcst.eps_cf;L5.fcst.revenue_margin;L5.fcst.revisions;L5.is.cogs;L5.is.eps;L5.is.gross_margin;L5.is.gross_profit;L5.is.margins;L5.is.net_profit;L5.is.operating_profit;L5.is.revenue;L5.is.revenue_growth;L5.is.sga_rd;L5.surprise.preprice;L5.surprise.sell_side;L6.mult.dcf;L6.mult.ev_ebitda;L6.mult.mcap_fcf;L6.mult.pb;L6.mult.pe;L6.mult.peg;L6.mult.ps;L6.path.second_derivative;L6.path.tag;L6.priced.news_age;L6.sens.cashflow;L6.sens.growth_margin;L6.sens.rates;L6.sens.risk_narrative;L7.env.risk_appetite;L7.holders.institutional;L7.market.l2_quote;L7.mood.fomo;L7.trade.volume_turnover;L8.industry.demand_supply;L8.industry.price_war;L8.val.priced_in;L9.event.insider_trades;L9.event.news_flow;L9.event.recent_filings,
NVDA.US,NVIDIA,US,AI_COMPUTE,59,1,5,51,2,0,68,0,74,250,29.60,"{""derive:l10_val_expansion_compression"": 1, ""derive:bootstrap_l11_subscore"": 11, ""derive:l11_long_score"": 1, ""derive:l11_mid_score"": 1, ""derive:l11_mode"": 1, ""derive:l11_short_score"": 1, ""derive:l11_trade_signal"": 1, ""fmp:balance-sheet"": 4, ""fmp:balance-sheet.derived"": 1, ""fmp:cash-flow"": 5, ""fmp:analyst-estimates"": 2, ""fmp:analyst-estimates.derived"": 2, ""fmp:income-statement"": 9, ""fmp:financial-growth"": 1, ""fmp:earnings.derived"": 1, ""fmp:discounted-cash-flow"": 1, ""fmp:key-metrics-ttm"": 1, ""fmp:ratios-ttm"": 5, ""derive:l6_path_second_derivative"": 1, ""derive:l6_path_tag"": 1, ""fmp:news.derived"": 1, ""derive:l6_sens_cashflow"": 1, ""derive:l6_sens_growth_margin"": 1, ""derive:l6_sens_rates"": 1, ""derive:l6_sens_risk_narrative"": 1, ""derive:l7_env_risk_appetite"": 1, ""futu:capital_flow"": 1, ""fmp:beneficial-ownership"": 1, ""futu"": 1, ""derive:l7_mood_fomo"": 1, ""futu:snapshot"": 1, ""derive:l8_industry_demand_supply"": 1, ""derive:l8_industry_price_war"": 1, ""derive:l8_val_priced_in"": 1, ""fmp:insider-trading"": 1, ""fmp:news"": 1, ""fmp:sec-filings"": 1}",company,L2.newbiz.commercialization;L2.newbiz.revenue_contrib;L2.newbiz.tam;L2.newbiz.uncertainty;L2.newbiz.valuation_contrib,L10.val.expansion_compression;L11.long.business_model;L11.long.compete_moat;L11.long.industry_space;L11.long.margin;L11.long.score;L11.mid.eps_upward;L11.mid.margin_guidance;L11.mid.orders_revenue;L11.mid.score;L11.mode;L11.short.event_impact;L11.short.flow_boost;L11.short.score;L11.short.sentiment_shift;L11.short.technical;L11.trade.signal;L5.bs.ar_ap;L5.bs.cash_debt;L5.bs.goodwill_ppe;L5.bs.inventory;L5.bs.leverage;L5.cf.buyback_dividend;L5.cf.capex;L5.cf.fcf;L5.cf.icf_fcf;L5.cf.ocf;L5.fcst.eps_cf;L5.fcst.revenue_margin;L5.fcst.revisions;L5.is.cogs;L5.is.eps;L5.is.gross_margin;L5.is.gross_profit;L5.is.margins;L5.is.net_profit;L5.is.operating_profit;L5.is.revenue;L5.is.revenue_growth;L5.is.sga_rd;L5.surprise.preprice;L5.surprise.sell_side;L6.mult.dcf;L6.mult.ev_ebitda;L6.mult.mcap_fcf;L6.mult.pb;L6.mult.pe;L6.mult.peg;L6.mult.ps;L6.path.second_derivative;L6.path.tag;L6.priced.news_age;L6.sens.cashflow;L6.sens.growth_margin;L6.sens.rates;L6.sens.risk_narrative;L7.env.risk_appetite;L7.flow.active_inflow;L7.holders.institutional;L7.market.l2_quote;L7.mood.fomo;L7.trade.volume_turnover;L8.industry.demand_supply;L8.industry.price_war;L8.val.priced_in;L9.event.insider_trades;L9.event.news_flow;L9.event.recent_filings,
NVO.US,Novo Nordisk,US,INNOVATIVE_PHARMA,59,1,5,51,2,0,67,0,73,250,29.20,"{""derive:l10_val_expansion_compression"": 1, ""derive:bootstrap_l11_subscore"": 11, ""derive:l11_long_score"": 1, ""derive:l11_mid_score"": 1, ""derive:l11_mode"": 1, ""derive:l11_short_score"": 1, ""derive:l11_trade_signal"": 1, ""fmp:balance-sheet"": 4, ""fmp:balance-sheet.derived"": 1, ""fmp:cash-flow"": 5, ""fmp:analyst-estimates"": 2, ""fmp:analyst-estimates.derived"": 2, ""fmp:income-statement"": 9, ""fmp:financial-growth"": 1, ""fmp:earnings.derived"": 1, ""fmp:discounted-cash-flow"": 1, ""fmp:key-metrics-ttm"": 1, ""fmp:ratios-ttm"": 5, ""derive:l6_path_second_derivative"": 1, ""derive:l6_path_tag"": 1, ""fmp:news.derived"": 1, ""derive:l6_sens_cashflow"": 1, ""derive:l6_sens_growth_margin"": 1, ""derive:l6_sens_rates"": 1, ""derive:l6_sens_risk_narrative"": 1, ""derive:l7_env_risk_appetite"": 1, ""fmp:beneficial-ownership"": 1, ""futu"": 1, ""derive:l7_mood_fomo"": 1, ""futu:snapshot"": 1, ""derive:l8_industry_demand_supply"": 1, ""derive:l8_industry_price_war"": 1, ""derive:l8_val_priced_in"": 1, ""fmp:insider-trading"": 1, ""fmp:news"": 1, ""fmp:sec-filings"": 1}",company,L2.newbiz.commercialization;L2.newbiz.revenue_contrib;L2.newbiz.tam;L2.newbiz.uncertainty;L2.newbiz.valuation_contrib,L10.val.expansion_compression;L11.long.business_model;L11.long.compete_moat;L11.long.industry_space;L11.long.margin;L11.long.score;L11.mid.eps_upward;L11.mid.margin_guidance;L11.mid.orders_revenue;L11.mid.score;L11.mode;L11.short.event_impact;L11.short.flow_boost;L11.short.score;L11.short.sentiment_shift;L11.short.technical;L11.trade.signal;L5.bs.ar_ap;L5.bs.cash_debt;L5.bs.goodwill_ppe;L5.bs.inventory;L5.bs.leverage;L5.cf.buyback_dividend;L5.cf.capex;L5.cf.fcf;L5.cf.icf_fcf;L5.cf.ocf;L5.fcst.eps_cf;L5.fcst.revenue_margin;L5.fcst.revisions;L5.is.cogs;L5.is.eps;L5.is.gross_margin;L5.is.gross_profit;L5.is.margins;L5.is.net_profit;L5.is.operating_profit;L5.is.revenue;L5.is.revenue_growth;L5.is.sga_rd;L5.surprise.preprice;L5.surprise.sell_side;L6.mult.dcf;L6.mult.ev_ebitda;L6.mult.mcap_fcf;L6.mult.pb;L6.mult.pe;L6.mult.peg;L6.mult.ps;L6.path.second_derivative;L6.path.tag;L6.priced.news_age;L6.sens.cashflow;L6.sens.growth_margin;L6.sens.rates;L6.sens.risk_narrative;L7.env.risk_appetite;L7.holders.institutional;L7.market.l2_quote;L7.mood.fomo;L7.trade.volume_turnover;L8.industry.demand_supply;L8.industry.price_war;L8.val.priced_in;L9.event.insider_trades;L9.event.news_flow;L9.event.recent_filings,
OC.US,Owens Corning,US,ANTI_INVOLUTION_CYCLICAL,59,1,5,51,2,0,67,0,73,250,29.20,"{""derive:l10_val_expansion_compression"": 1, ""derive:bootstrap_l11_subscore"": 11, ""derive:l11_long_score"": 1, ""derive:l11_mid_score"": 1, ""derive:l11_mode"": 1, ""derive:l11_short_score"": 1, ""derive:l11_trade_signal"": 1, ""fmp:balance-sheet"": 4, ""fmp:balance-sheet.derived"": 1, ""fmp:cash-flow"": 5, ""fmp:analyst-estimates"": 2, ""fmp:analyst-estimates.derived"": 2, ""fmp:income-statement"": 9, ""fmp:financial-growth"": 1, ""fmp:earnings.derived"": 1, ""fmp:discounted-cash-flow"": 1, ""fmp:key-metrics-ttm"": 1, ""fmp:ratios-ttm"": 5, ""derive:l6_path_second_derivative"": 1, ""derive:l6_path_tag"": 1, ""fmp:news.derived"": 1, ""derive:l6_sens_cashflow"": 1, ""derive:l6_sens_growth_margin"": 1, ""derive:l6_sens_rates"": 1, ""derive:l6_sens_risk_narrative"": 1, ""derive:l7_env_risk_appetite"": 1, ""fmp:beneficial-ownership"": 1, ""futu"": 1, ""derive:l7_mood_fomo"": 1, ""futu:snapshot"": 1, ""derive:l8_industry_demand_supply"": 1, ""derive:l8_industry_price_war"": 1, ""derive:l8_val_priced_in"": 1, ""fmp:insider-trading"": 1, ""fmp:news"": 1, ""fmp:sec-filings"": 1}",company,L2.newbiz.commercialization;L2.newbiz.revenue_contrib;L2.newbiz.tam;L2.newbiz.uncertainty;L2.newbiz.valuation_contrib,L10.val.expansion_compression;L11.long.business_model;L11.long.compete_moat;L11.long.industry_space;L11.long.margin;L11.long.score;L11.mid.eps_upward;L11.mid.margin_guidance;L11.mid.orders_revenue;L11.mid.score;L11.mode;L11.short.event_impact;L11.short.flow_boost;L11.short.score;L11.short.sentiment_shift;L11.short.technical;L11.trade.signal;L5.bs.ar_ap;L5.bs.cash_debt;L5.bs.goodwill_ppe;L5.bs.inventory;L5.bs.leverage;L5.cf.buyback_dividend;L5.cf.capex;L5.cf.fcf;L5.cf.icf_fcf;L5.cf.ocf;L5.fcst.eps_cf;L5.fcst.revenue_margin;L5.fcst.revisions;L5.is.cogs;L5.is.eps;L5.is.gross_margin;L5.is.gross_profit;L5.is.margins;L5.is.net_profit;L5.is.operating_profit;L5.is.revenue;L5.is.revenue_growth;L5.is.sga_rd;L5.surprise.preprice;L5.surprise.sell_side;L6.mult.dcf;L6.mult.ev_ebitda;L6.mult.mcap_fcf;L6.mult.pb;L6.mult.pe;L6.mult.peg;L6.mult.ps;L6.path.second_derivative;L6.path.tag;L6.priced.news_age;L6.sens.cashflow;L6.sens.growth_margin;L6.sens.rates;L6.sens.risk_narrative;L7.env.risk_appetite;L7.holders.institutional;L7.market.l2_quote;L7.mood.fomo;L7.trade.volume_turnover;L8.industry.demand_supply;L8.industry.price_war;L8.val.priced_in;L9.event.insider_trades;L9.event.news_flow;L9.event.recent_filings,
PDD.US,PDD,US,HK_CN_INTERNET,59,1,5,51,2,0,67,0,73,250,29.20,"{""derive:l10_val_expansion_compression"": 1, ""derive:bootstrap_l11_subscore"": 11, ""derive:l11_long_score"": 1, ""derive:l11_mid_score"": 1, ""derive:l11_mode"": 1, ""derive:l11_short_score"": 1, ""derive:l11_trade_signal"": 1, ""fmp:balance-sheet"": 4, ""fmp:balance-sheet.derived"": 1, ""fmp:cash-flow"": 5, ""fmp:analyst-estimates"": 2, ""fmp:analyst-estimates.derived"": 2, ""fmp:income-statement"": 9, ""fmp:financial-growth"": 1, ""fmp:earnings.derived"": 1, ""fmp:discounted-cash-flow"": 1, ""fmp:key-metrics-ttm"": 1, ""fmp:ratios-ttm"": 5, ""derive:l6_path_second_derivative"": 1, ""derive:l6_path_tag"": 1, ""fmp:news.derived"": 1, ""derive:l6_sens_cashflow"": 1, ""derive:l6_sens_growth_margin"": 1, ""derive:l6_sens_rates"": 1, ""derive:l6_sens_risk_narrative"": 1, ""derive:l7_env_risk_appetite"": 1, ""fmp:beneficial-ownership"": 1, ""futu"": 1, ""derive:l7_mood_fomo"": 1, ""futu:snapshot"": 1, ""derive:l8_industry_demand_supply"": 1, ""derive:l8_industry_price_war"": 1, ""derive:l8_val_priced_in"": 1, ""fmp:insider-trading"": 1, ""fmp:news"": 1, ""fmp:sec-filings"": 1}",company,L2.newbiz.commercialization;L2.newbiz.revenue_contrib;L2.newbiz.tam;L2.newbiz.uncertainty;L2.newbiz.valuation_contrib,L10.val.expansion_compression;L11.long.business_model;L11.long.compete_moat;L11.long.industry_space;L11.long.margin;L11.long.score;L11.mid.eps_upward;L11.mid.margin_guidance;L11.mid.orders_revenue;L11.mid.score;L11.mode;L11.short.event_impact;L11.short.flow_boost;L11.short.score;L11.short.sentiment_shift;L11.short.technical;L11.trade.signal;L5.bs.ar_ap;L5.bs.cash_debt;L5.bs.goodwill_ppe;L5.bs.inventory;L5.bs.leverage;L5.cf.buyback_dividend;L5.cf.capex;L5.cf.fcf;L5.cf.icf_fcf;L5.cf.ocf;L5.fcst.eps_cf;L5.fcst.revenue_margin;L5.fcst.revisions;L5.is.cogs;L5.is.eps;L5.is.gross_margin;L5.is.gross_profit;L5.is.margins;L5.is.net_profit;L5.is.operating_profit;L5.is.revenue;L5.is.revenue_growth;L5.is.sga_rd;L5.surprise.preprice;L5.surprise.sell_side;L6.mult.dcf;L6.mult.ev_ebitda;L6.mult.mcap_fcf;L6.mult.pb;L6.mult.pe;L6.mult.peg;L6.mult.ps;L6.path.second_derivative;L6.path.tag;L6.priced.news_age;L6.sens.cashflow;L6.sens.growth_margin;L6.sens.rates;L6.sens.risk_narrative;L7.env.risk_appetite;L7.holders.institutional;L7.market.l2_quote;L7.mood.fomo;L7.trade.volume_turnover;L8.industry.demand_supply;L8.industry.price_war;L8.val.priced_in;L9.event.insider_trades;L9.event.news_flow;L9.event.recent_filings,
PGR.US,Progressive,US,FINANCIAL_HIGH_DIVIDEND,59,1,5,51,2,0,67,0,73,250,29.20,"{""derive:l10_val_expansion_compression"": 1, ""derive:bootstrap_l11_subscore"": 11, ""derive:l11_long_score"": 1, ""derive:l11_mid_score"": 1, ""derive:l11_mode"": 1, ""derive:l11_short_score"": 1, ""derive:l11_trade_signal"": 1, ""fmp:balance-sheet"": 4, ""fmp:balance-sheet.derived"": 1, ""fmp:cash-flow"": 5, ""fmp:analyst-estimates"": 2, ""fmp:analyst-estimates.derived"": 2, ""fmp:income-statement"": 9, ""fmp:financial-growth"": 1, ""fmp:earnings.derived"": 1, ""fmp:discounted-cash-flow"": 1, ""fmp:key-metrics-ttm"": 1, ""fmp:ratios-ttm"": 5, ""derive:l6_path_second_derivative"": 1, ""derive:l6_path_tag"": 1, ""fmp:news.derived"": 1, ""derive:l6_sens_cashflow"": 1, ""derive:l6_sens_growth_margin"": 1, ""derive:l6_sens_rates"": 1, ""derive:l6_sens_risk_narrative"": 1, ""derive:l7_env_risk_appetite"": 1, ""fmp:beneficial-ownership"": 1, ""futu"": 1, ""derive:l7_mood_fomo"": 1, ""futu:snapshot"": 1, ""derive:l8_industry_demand_supply"": 1, ""derive:l8_industry_price_war"": 1, ""derive:l8_val_priced_in"": 1, ""fmp:insider-trading"": 1, ""fmp:news"": 1, ""fmp:sec-filings"": 1}",company,L2.newbiz.commercialization;L2.newbiz.revenue_contrib;L2.newbiz.tam;L2.newbiz.uncertainty;L2.newbiz.valuation_contrib,L10.val.expansion_compression;L11.long.business_model;L11.long.compete_moat;L11.long.industry_space;L11.long.margin;L11.long.score;L11.mid.eps_upward;L11.mid.margin_guidance;L11.mid.orders_revenue;L11.mid.score;L11.mode;L11.short.event_impact;L11.short.flow_boost;L11.short.score;L11.short.sentiment_shift;L11.short.technical;L11.trade.signal;L5.bs.ar_ap;L5.bs.cash_debt;L5.bs.goodwill_ppe;L5.bs.inventory;L5.bs.leverage;L5.cf.buyback_dividend;L5.cf.capex;L5.cf.fcf;L5.cf.icf_fcf;L5.cf.ocf;L5.fcst.eps_cf;L5.fcst.revenue_margin;L5.fcst.revisions;L5.is.cogs;L5.is.eps;L5.is.gross_margin;L5.is.gross_profit;L5.is.margins;L5.is.net_profit;L5.is.operating_profit;L5.is.revenue;L5.is.revenue_growth;L5.is.sga_rd;L5.surprise.preprice;L5.surprise.sell_side;L6.mult.dcf;L6.mult.ev_ebitda;L6.mult.mcap_fcf;L6.mult.pb;L6.mult.pe;L6.mult.peg;L6.mult.ps;L6.path.second_derivative;L6.path.tag;L6.priced.news_age;L6.sens.cashflow;L6.sens.growth_margin;L6.sens.rates;L6.sens.risk_narrative;L7.env.risk_appetite;L7.holders.institutional;L7.market.l2_quote;L7.mood.fomo;L7.trade.volume_turnover;L8.industry.demand_supply;L8.industry.price_war;L8.val.priced_in;L9.event.insider_trades;L9.event.news_flow;L9.event.recent_filings,
PWR.US,Quanta Services,US,STORAGE_GRID,59,1,5,51,2,0,67,0,73,250,29.20,"{""derive:l10_val_expansion_compression"": 1, ""derive:bootstrap_l11_subscore"": 11, ""derive:l11_long_score"": 1, ""derive:l11_mid_score"": 1, ""derive:l11_mode"": 1, ""derive:l11_short_score"": 1, ""derive:l11_trade_signal"": 1, ""fmp:balance-sheet"": 4, ""fmp:balance-sheet.derived"": 1, ""fmp:cash-flow"": 5, ""fmp:analyst-estimates"": 2, ""fmp:analyst-estimates.derived"": 2, ""fmp:income-statement"": 9, ""fmp:financial-growth"": 1, ""fmp:earnings.derived"": 1, ""fmp:discounted-cash-flow"": 1, ""fmp:key-metrics-ttm"": 1, ""fmp:ratios-ttm"": 5, ""derive:l6_path_second_derivative"": 1, ""derive:l6_path_tag"": 1, ""fmp:news.derived"": 1, ""derive:l6_sens_cashflow"": 1, ""derive:l6_sens_growth_margin"": 1, ""derive:l6_sens_rates"": 1, ""derive:l6_sens_risk_narrative"": 1, ""derive:l7_env_risk_appetite"": 1, ""fmp:beneficial-ownership"": 1, ""futu"": 1, ""derive:l7_mood_fomo"": 1, ""futu:snapshot"": 1, ""derive:l8_industry_demand_supply"": 1, ""derive:l8_industry_price_war"": 1, ""derive:l8_val_priced_in"": 1, ""fmp:insider-trading"": 1, ""fmp:news"": 1, ""fmp:sec-filings"": 1}",company,L2.newbiz.commercialization;L2.newbiz.revenue_contrib;L2.newbiz.tam;L2.newbiz.uncertainty;L2.newbiz.valuation_contrib,L10.val.expansion_compression;L11.long.business_model;L11.long.compete_moat;L11.long.industry_space;L11.long.margin;L11.long.score;L11.mid.eps_upward;L11.mid.margin_guidance;L11.mid.orders_revenue;L11.mid.score;L11.mode;L11.short.event_impact;L11.short.flow_boost;L11.short.score;L11.short.sentiment_shift;L11.short.technical;L11.trade.signal;L5.bs.ar_ap;L5.bs.cash_debt;L5.bs.goodwill_ppe;L5.bs.inventory;L5.bs.leverage;L5.cf.buyback_dividend;L5.cf.capex;L5.cf.fcf;L5.cf.icf_fcf;L5.cf.ocf;L5.fcst.eps_cf;L5.fcst.revenue_margin;L5.fcst.revisions;L5.is.cogs;L5.is.eps;L5.is.gross_margin;L5.is.gross_profit;L5.is.margins;L5.is.net_profit;L5.is.operating_profit;L5.is.revenue;L5.is.revenue_growth;L5.is.sga_rd;L5.surprise.preprice;L5.surprise.sell_side;L6.mult.dcf;L6.mult.ev_ebitda;L6.mult.mcap_fcf;L6.mult.pb;L6.mult.pe;L6.mult.peg;L6.mult.ps;L6.path.second_derivative;L6.path.tag;L6.priced.news_age;L6.sens.cashflow;L6.sens.growth_margin;L6.sens.rates;L6.sens.risk_narrative;L7.env.risk_appetite;L7.holders.institutional;L7.market.l2_quote;L7.mood.fomo;L7.trade.volume_turnover;L8.industry.demand_supply;L8.industry.price_war;L8.val.priced_in;L9.event.insider_trades;L9.event.news_flow;L9.event.recent_filings,
QCOM.US,Qualcomm,US,CONSUMER_ELECTRONICS,59,1,5,51,2,0,67,0,73,250,29.20,"{""derive:l10_val_expansion_compression"": 1, ""derive:bootstrap_l11_subscore"": 11, ""derive:l11_long_score"": 1, ""derive:l11_mid_score"": 1, ""derive:l11_mode"": 1, ""derive:l11_short_score"": 1, ""derive:l11_trade_signal"": 1, ""fmp:balance-sheet"": 4, ""fmp:balance-sheet.derived"": 1, ""fmp:cash-flow"": 5, ""fmp:analyst-estimates"": 2, ""fmp:analyst-estimates.derived"": 2, ""fmp:income-statement"": 9, ""fmp:financial-growth"": 1, ""fmp:earnings.derived"": 1, ""fmp:discounted-cash-flow"": 1, ""fmp:key-metrics-ttm"": 1, ""fmp:ratios-ttm"": 5, ""derive:l6_path_second_derivative"": 1, ""derive:l6_path_tag"": 1, ""fmp:news.derived"": 1, ""derive:l6_sens_cashflow"": 1, ""derive:l6_sens_growth_margin"": 1, ""derive:l6_sens_rates"": 1, ""derive:l6_sens_risk_narrative"": 1, ""derive:l7_env_risk_appetite"": 1, ""fmp:beneficial-ownership"": 1, ""futu"": 1, ""derive:l7_mood_fomo"": 1, ""futu:snapshot"": 1, ""derive:l8_industry_demand_supply"": 1, ""derive:l8_industry_price_war"": 1, ""derive:l8_val_priced_in"": 1, ""fmp:insider-trading"": 1, ""fmp:news"": 1, ""fmp:sec-filings"": 1}",company,L2.newbiz.commercialization;L2.newbiz.revenue_contrib;L2.newbiz.tam;L2.newbiz.uncertainty;L2.newbiz.valuation_contrib,L10.val.expansion_compression;L11.long.business_model;L11.long.compete_moat;L11.long.industry_space;L11.long.margin;L11.long.score;L11.mid.eps_upward;L11.mid.margin_guidance;L11.mid.orders_revenue;L11.mid.score;L11.mode;L11.short.event_impact;L11.short.flow_boost;L11.short.score;L11.short.sentiment_shift;L11.short.technical;L11.trade.signal;L5.bs.ar_ap;L5.bs.cash_debt;L5.bs.goodwill_ppe;L5.bs.inventory;L5.bs.leverage;L5.cf.buyback_dividend;L5.cf.capex;L5.cf.fcf;L5.cf.icf_fcf;L5.cf.ocf;L5.fcst.eps_cf;L5.fcst.revenue_margin;L5.fcst.revisions;L5.is.cogs;L5.is.eps;L5.is.gross_margin;L5.is.gross_profit;L5.is.margins;L5.is.net_profit;L5.is.operating_profit;L5.is.revenue;L5.is.revenue_growth;L5.is.sga_rd;L5.surprise.preprice;L5.surprise.sell_side;L6.mult.dcf;L6.mult.ev_ebitda;L6.mult.mcap_fcf;L6.mult.pb;L6.mult.pe;L6.mult.peg;L6.mult.ps;L6.path.second_derivative;L6.path.tag;L6.priced.news_age;L6.sens.cashflow;L6.sens.growth_margin;L6.sens.rates;L6.sens.risk_narrative;L7.env.risk_appetite;L7.holders.institutional;L7.market.l2_quote;L7.mood.fomo;L7.trade.volume_turnover;L8.industry.demand_supply;L8.industry.price_war;L8.val.priced_in;L9.event.insider_trades;L9.event.news_flow;L9.event.recent_filings,
QS.US,QuantumScape,US,STORAGE_GRID,59,1,5,51,2,0,65,0,71,250,28.40,"{""derive:l10_val_expansion_compression"": 1, ""derive:bootstrap_l11_subscore"": 11, ""derive:l11_long_score"": 1, ""derive:l11_mid_score"": 1, ""derive:l11_mode"": 1, ""derive:l11_short_score"": 1, ""derive:l11_trade_signal"": 1, ""fmp:balance-sheet"": 4, ""fmp:balance-sheet.derived"": 1, ""fmp:cash-flow"": 5, ""fmp:analyst-estimates"": 2, ""fmp:analyst-estimates.derived"": 2, ""fmp:income-statement"": 7, ""fmp:financial-growth"": 1, ""fmp:earnings.derived"": 1, ""fmp:discounted-cash-flow"": 1, ""fmp:key-metrics-ttm"": 1, ""fmp:ratios-ttm"": 5, ""derive:l6_path_second_derivative"": 1, ""derive:l6_path_tag"": 1, ""fmp:news.derived"": 1, ""derive:l6_sens_cashflow"": 1, ""derive:l6_sens_growth_margin"": 1, ""derive:l6_sens_rates"": 1, ""derive:l6_sens_risk_narrative"": 1, ""derive:l7_env_risk_appetite"": 1, ""fmp:beneficial-ownership"": 1, ""futu"": 1, ""derive:l7_mood_fomo"": 1, ""futu:snapshot"": 1, ""derive:l8_industry_demand_supply"": 1, ""derive:l8_industry_price_war"": 1, ""derive:l8_val_priced_in"": 1, ""fmp:insider-trading"": 1, ""fmp:news"": 1, ""fmp:sec-filings"": 1}",company,L2.newbiz.commercialization;L2.newbiz.revenue_contrib;L2.newbiz.tam;L2.newbiz.uncertainty;L2.newbiz.valuation_contrib,L10.val.expansion_compression;L11.long.business_model;L11.long.compete_moat;L11.long.industry_space;L11.long.margin;L11.long.score;L11.mid.eps_upward;L11.mid.margin_guidance;L11.mid.orders_revenue;L11.mid.score;L11.mode;L11.short.event_impact;L11.short.flow_boost;L11.short.score;L11.short.sentiment_shift;L11.short.technical;L11.trade.signal;L5.bs.ar_ap;L5.bs.cash_debt;L5.bs.goodwill_ppe;L5.bs.inventory;L5.bs.leverage;L5.cf.buyback_dividend;L5.cf.capex;L5.cf.fcf;L5.cf.icf_fcf;L5.cf.ocf;L5.fcst.eps_cf;L5.fcst.revenue_margin;L5.fcst.revisions;L5.is.cogs;L5.is.eps;L5.is.gross_profit;L5.is.net_profit;L5.is.operating_profit;L5.is.revenue;L5.is.revenue_growth;L5.is.sga_rd;L5.surprise.preprice;L5.surprise.sell_side;L6.mult.dcf;L6.mult.ev_ebitda;L6.mult.mcap_fcf;L6.mult.pb;L6.mult.pe;L6.mult.peg;L6.mult.ps;L6.path.second_derivative;L6.path.tag;L6.priced.news_age;L6.sens.cashflow;L6.sens.growth_margin;L6.sens.rates;L6.sens.risk_narrative;L7.env.risk_appetite;L7.holders.institutional;L7.market.l2_quote;L7.mood.fomo;L7.trade.volume_turnover;L8.industry.demand_supply;L8.industry.price_war;L8.val.priced_in;L9.event.insider_trades;L9.event.news_flow;L9.event.recent_filings,
REGN.US,Regeneron,US,INNOVATIVE_PHARMA,59,1,5,51,2,0,67,0,73,250,29.20,"{""derive:l10_val_expansion_compression"": 1, ""derive:bootstrap_l11_subscore"": 11, ""derive:l11_long_score"": 1, ""derive:l11_mid_score"": 1, ""derive:l11_mode"": 1, ""derive:l11_short_score"": 1, ""derive:l11_trade_signal"": 1, ""fmp:balance-sheet"": 4, ""fmp:balance-sheet.derived"": 1, ""fmp:cash-flow"": 5, ""fmp:analyst-estimates"": 2, ""fmp:analyst-estimates.derived"": 2, ""fmp:income-statement"": 9, ""fmp:financial-growth"": 1, ""fmp:earnings.derived"": 1, ""fmp:discounted-cash-flow"": 1, ""fmp:key-metrics-ttm"": 1, ""fmp:ratios-ttm"": 5, ""derive:l6_path_second_derivative"": 1, ""derive:l6_path_tag"": 1, ""fmp:news.derived"": 1, ""derive:l6_sens_cashflow"": 1, ""derive:l6_sens_growth_margin"": 1, ""derive:l6_sens_rates"": 1, ""derive:l6_sens_risk_narrative"": 1, ""derive:l7_env_risk_appetite"": 1, ""fmp:beneficial-ownership"": 1, ""futu"": 1, ""derive:l7_mood_fomo"": 1, ""futu:snapshot"": 1, ""derive:l8_industry_demand_supply"": 1, ""derive:l8_industry_price_war"": 1, ""derive:l8_val_priced_in"": 1, ""fmp:insider-trading"": 1, ""fmp:news"": 1, ""fmp:sec-filings"": 1}",company,L2.newbiz.commercialization;L2.newbiz.revenue_contrib;L2.newbiz.tam;L2.newbiz.uncertainty;L2.newbiz.valuation_contrib,L10.val.expansion_compression;L11.long.business_model;L11.long.compete_moat;L11.long.industry_space;L11.long.margin;L11.long.score;L11.mid.eps_upward;L11.mid.margin_guidance;L11.mid.orders_revenue;L11.mid.score;L11.mode;L11.short.event_impact;L11.short.flow_boost;L11.short.score;L11.short.sentiment_shift;L11.short.technical;L11.trade.signal;L5.bs.ar_ap;L5.bs.cash_debt;L5.bs.goodwill_ppe;L5.bs.inventory;L5.bs.leverage;L5.cf.buyback_dividend;L5.cf.capex;L5.cf.fcf;L5.cf.icf_fcf;L5.cf.ocf;L5.fcst.eps_cf;L5.fcst.revenue_margin;L5.fcst.revisions;L5.is.cogs;L5.is.eps;L5.is.gross_margin;L5.is.gross_profit;L5.is.margins;L5.is.net_profit;L5.is.operating_profit;L5.is.revenue;L5.is.revenue_growth;L5.is.sga_rd;L5.surprise.preprice;L5.surprise.sell_side;L6.mult.dcf;L6.mult.ev_ebitda;L6.mult.mcap_fcf;L6.mult.pb;L6.mult.pe;L6.mult.peg;L6.mult.ps;L6.path.second_derivative;L6.path.tag;L6.priced.news_age;L6.sens.cashflow;L6.sens.growth_margin;L6.sens.rates;L6.sens.risk_narrative;L7.env.risk_appetite;L7.holders.institutional;L7.market.l2_quote;L7.mood.fomo;L7.trade.volume_turnover;L8.industry.demand_supply;L8.industry.price_war;L8.val.priced_in;L9.event.insider_trades;L9.event.news_flow;L9.event.recent_filings,
RIO.US,Rio Tinto,US,NONFERROUS_METALS,59,1,5,51,2,0,67,0,73,250,29.20,"{""derive:l10_val_expansion_compression"": 1, ""derive:bootstrap_l11_subscore"": 11, ""derive:l11_long_score"": 1, ""derive:l11_mid_score"": 1, ""derive:l11_mode"": 1, ""derive:l11_short_score"": 1, ""derive:l11_trade_signal"": 1, ""fmp:balance-sheet"": 4, ""fmp:balance-sheet.derived"": 1, ""fmp:cash-flow"": 5, ""fmp:analyst-estimates"": 2, ""fmp:analyst-estimates.derived"": 2, ""fmp:income-statement"": 9, ""fmp:financial-growth"": 1, ""fmp:earnings.derived"": 1, ""fmp:discounted-cash-flow"": 1, ""fmp:key-metrics-ttm"": 1, ""fmp:ratios-ttm"": 5, ""derive:l6_path_second_derivative"": 1, ""derive:l6_path_tag"": 1, ""fmp:news.derived"": 1, ""derive:l6_sens_cashflow"": 1, ""derive:l6_sens_growth_margin"": 1, ""derive:l6_sens_rates"": 1, ""derive:l6_sens_risk_narrative"": 1, ""derive:l7_env_risk_appetite"": 1, ""fmp:beneficial-ownership"": 1, ""futu"": 1, ""derive:l7_mood_fomo"": 1, ""futu:snapshot"": 1, ""derive:l8_industry_demand_supply"": 1, ""derive:l8_industry_price_war"": 1, ""derive:l8_val_priced_in"": 1, ""fmp:insider-trading"": 1, ""fmp:news"": 1, ""fmp:sec-filings"": 1}",company,L2.newbiz.commercialization;L2.newbiz.revenue_contrib;L2.newbiz.tam;L2.newbiz.uncertainty;L2.newbiz.valuation_contrib,L10.val.expansion_compression;L11.long.business_model;L11.long.compete_moat;L11.long.industry_space;L11.long.margin;L11.long.score;L11.mid.eps_upward;L11.mid.margin_guidance;L11.mid.orders_revenue;L11.mid.score;L11.mode;L11.short.event_impact;L11.short.flow_boost;L11.short.score;L11.short.sentiment_shift;L11.short.technical;L11.trade.signal;L5.bs.ar_ap;L5.bs.cash_debt;L5.bs.goodwill_ppe;L5.bs.inventory;L5.bs.leverage;L5.cf.buyback_dividend;L5.cf.capex;L5.cf.fcf;L5.cf.icf_fcf;L5.cf.ocf;L5.fcst.eps_cf;L5.fcst.revenue_margin;L5.fcst.revisions;L5.is.cogs;L5.is.eps;L5.is.gross_margin;L5.is.gross_profit;L5.is.margins;L5.is.net_profit;L5.is.operating_profit;L5.is.revenue;L5.is.revenue_growth;L5.is.sga_rd;L5.surprise.preprice;L5.surprise.sell_side;L6.mult.dcf;L6.mult.ev_ebitda;L6.mult.mcap_fcf;L6.mult.pb;L6.mult.pe;L6.mult.peg;L6.mult.ps;L6.path.second_derivative;L6.path.tag;L6.priced.news_age;L6.sens.cashflow;L6.sens.growth_margin;L6.sens.rates;L6.sens.risk_narrative;L7.env.risk_appetite;L7.holders.institutional;L7.market.l2_quote;L7.mood.fomo;L7.trade.volume_turnover;L8.industry.demand_supply;L8.industry.price_war;L8.val.priced_in;L9.event.insider_trades;L9.event.news_flow;L9.event.recent_filings,
ROK.US,Rockwell Automation,US,ROBOTICS,59,1,5,51,2,0,67,0,73,250,29.20,"{""derive:l10_val_expansion_compression"": 1, ""derive:bootstrap_l11_subscore"": 11, ""derive:l11_long_score"": 1, ""derive:l11_mid_score"": 1, ""derive:l11_mode"": 1, ""derive:l11_short_score"": 1, ""derive:l11_trade_signal"": 1, ""fmp:balance-sheet"": 4, ""fmp:balance-sheet.derived"": 1, ""fmp:cash-flow"": 5, ""fmp:analyst-estimates"": 2, ""fmp:analyst-estimates.derived"": 2, ""fmp:income-statement"": 9, ""fmp:financial-growth"": 1, ""fmp:earnings.derived"": 1, ""fmp:discounted-cash-flow"": 1, ""fmp:key-metrics-ttm"": 1, ""fmp:ratios-ttm"": 5, ""derive:l6_path_second_derivative"": 1, ""derive:l6_path_tag"": 1, ""fmp:news.derived"": 1, ""derive:l6_sens_cashflow"": 1, ""derive:l6_sens_growth_margin"": 1, ""derive:l6_sens_rates"": 1, ""derive:l6_sens_risk_narrative"": 1, ""derive:l7_env_risk_appetite"": 1, ""fmp:beneficial-ownership"": 1, ""futu"": 1, ""derive:l7_mood_fomo"": 1, ""futu:snapshot"": 1, ""derive:l8_industry_demand_supply"": 1, ""derive:l8_industry_price_war"": 1, ""derive:l8_val_priced_in"": 1, ""fmp:insider-trading"": 1, ""fmp:news"": 1, ""fmp:sec-filings"": 1}",company,L2.newbiz.commercialization;L2.newbiz.revenue_contrib;L2.newbiz.tam;L2.newbiz.uncertainty;L2.newbiz.valuation_contrib,L10.val.expansion_compression;L11.long.business_model;L11.long.compete_moat;L11.long.industry_space;L11.long.margin;L11.long.score;L11.mid.eps_upward;L11.mid.margin_guidance;L11.mid.orders_revenue;L11.mid.score;L11.mode;L11.short.event_impact;L11.short.flow_boost;L11.short.score;L11.short.sentiment_shift;L11.short.technical;L11.trade.signal;L5.bs.ar_ap;L5.bs.cash_debt;L5.bs.goodwill_ppe;L5.bs.inventory;L5.bs.leverage;L5.cf.buyback_dividend;L5.cf.capex;L5.cf.fcf;L5.cf.icf_fcf;L5.cf.ocf;L5.fcst.eps_cf;L5.fcst.revenue_margin;L5.fcst.revisions;L5.is.cogs;L5.is.eps;L5.is.gross_margin;L5.is.gross_profit;L5.is.margins;L5.is.net_profit;L5.is.operating_profit;L5.is.revenue;L5.is.revenue_growth;L5.is.sga_rd;L5.surprise.preprice;L5.surprise.sell_side;L6.mult.dcf;L6.mult.ev_ebitda;L6.mult.mcap_fcf;L6.mult.pb;L6.mult.pe;L6.mult.peg;L6.mult.ps;L6.path.second_derivative;L6.path.tag;L6.priced.news_age;L6.sens.cashflow;L6.sens.growth_margin;L6.sens.rates;L6.sens.risk_narrative;L7.env.risk_appetite;L7.holders.institutional;L7.market.l2_quote;L7.mood.fomo;L7.trade.volume_turnover;L8.industry.demand_supply;L8.industry.price_war;L8.val.priced_in;L9.event.insider_trades;L9.event.news_flow;L9.event.recent_filings,
RS.US,Reliance,US,ANTI_INVOLUTION_CYCLICAL,59,1,5,51,2,0,67,0,73,250,29.20,"{""derive:l10_val_expansion_compression"": 1, ""derive:bootstrap_l11_subscore"": 11, ""derive:l11_long_score"": 1, ""derive:l11_mid_score"": 1, ""derive:l11_mode"": 1, ""derive:l11_short_score"": 1, ""derive:l11_trade_signal"": 1, ""fmp:balance-sheet"": 4, ""fmp:balance-sheet.derived"": 1, ""fmp:cash-flow"": 5, ""fmp:analyst-estimates"": 2, ""fmp:analyst-estimates.derived"": 2, ""fmp:income-statement"": 9, ""fmp:financial-growth"": 1, ""fmp:earnings.derived"": 1, ""fmp:discounted-cash-flow"": 1, ""fmp:key-metrics-ttm"": 1, ""fmp:ratios-ttm"": 5, ""derive:l6_path_second_derivative"": 1, ""derive:l6_path_tag"": 1, ""fmp:news.derived"": 1, ""derive:l6_sens_cashflow"": 1, ""derive:l6_sens_growth_margin"": 1, ""derive:l6_sens_rates"": 1, ""derive:l6_sens_risk_narrative"": 1, ""derive:l7_env_risk_appetite"": 1, ""fmp:beneficial-ownership"": 1, ""futu"": 1, ""derive:l7_mood_fomo"": 1, ""futu:snapshot"": 1, ""derive:l8_industry_demand_supply"": 1, ""derive:l8_industry_price_war"": 1, ""derive:l8_val_priced_in"": 1, ""fmp:insider-trading"": 1, ""fmp:news"": 1, ""fmp:sec-filings"": 1}",company,L2.newbiz.commercialization;L2.newbiz.revenue_contrib;L2.newbiz.tam;L2.newbiz.uncertainty;L2.newbiz.valuation_contrib,L10.val.expansion_compression;L11.long.business_model;L11.long.compete_moat;L11.long.industry_space;L11.long.margin;L11.long.score;L11.mid.eps_upward;L11.mid.margin_guidance;L11.mid.orders_revenue;L11.mid.score;L11.mode;L11.short.event_impact;L11.short.flow_boost;L11.short.score;L11.short.sentiment_shift;L11.short.technical;L11.trade.signal;L5.bs.ar_ap;L5.bs.cash_debt;L5.bs.goodwill_ppe;L5.bs.inventory;L5.bs.leverage;L5.cf.buyback_dividend;L5.cf.capex;L5.cf.fcf;L5.cf.icf_fcf;L5.cf.ocf;L5.fcst.eps_cf;L5.fcst.revenue_margin;L5.fcst.revisions;L5.is.cogs;L5.is.eps;L5.is.gross_margin;L5.is.gross_profit;L5.is.margins;L5.is.net_profit;L5.is.operating_profit;L5.is.revenue;L5.is.revenue_growth;L5.is.sga_rd;L5.surprise.preprice;L5.surprise.sell_side;L6.mult.dcf;L6.mult.ev_ebitda;L6.mult.mcap_fcf;L6.mult.pb;L6.mult.pe;L6.mult.peg;L6.mult.ps;L6.path.second_derivative;L6.path.tag;L6.priced.news_age;L6.sens.cashflow;L6.sens.growth_margin;L6.sens.rates;L6.sens.risk_narrative;L7.env.risk_appetite;L7.holders.institutional;L7.market.l2_quote;L7.mood.fomo;L7.trade.volume_turnover;L8.industry.demand_supply;L8.industry.price_war;L8.val.priced_in;L9.event.insider_trades;L9.event.news_flow;L9.event.recent_filings,
SBUX.US,Starbucks,US,DOMESTIC_CONSUMPTION,59,1,5,51,2,0,67,0,73,250,29.20,"{""derive:l10_val_expansion_compression"": 1, ""derive:bootstrap_l11_subscore"": 11, ""derive:l11_long_score"": 1, ""derive:l11_mid_score"": 1, ""derive:l11_mode"": 1, ""derive:l11_short_score"": 1, ""derive:l11_trade_signal"": 1, ""fmp:balance-sheet"": 4, ""fmp:balance-sheet.derived"": 1, ""fmp:cash-flow"": 5, ""fmp:analyst-estimates"": 2, ""fmp:analyst-estimates.derived"": 2, ""fmp:income-statement"": 9, ""fmp:financial-growth"": 1, ""fmp:earnings.derived"": 1, ""fmp:discounted-cash-flow"": 1, ""fmp:key-metrics-ttm"": 1, ""fmp:ratios-ttm"": 5, ""derive:l6_path_second_derivative"": 1, ""derive:l6_path_tag"": 1, ""fmp:news.derived"": 1, ""derive:l6_sens_cashflow"": 1, ""derive:l6_sens_growth_margin"": 1, ""derive:l6_sens_rates"": 1, ""derive:l6_sens_risk_narrative"": 1, ""derive:l7_env_risk_appetite"": 1, ""fmp:beneficial-ownership"": 1, ""futu"": 1, ""derive:l7_mood_fomo"": 1, ""futu:snapshot"": 1, ""derive:l8_industry_demand_supply"": 1, ""derive:l8_industry_price_war"": 1, ""derive:l8_val_priced_in"": 1, ""fmp:insider-trading"": 1, ""fmp:news"": 1, ""fmp:sec-filings"": 1}",company,L2.newbiz.commercialization;L2.newbiz.revenue_contrib;L2.newbiz.tam;L2.newbiz.uncertainty;L2.newbiz.valuation_contrib,L10.val.expansion_compression;L11.long.business_model;L11.long.compete_moat;L11.long.industry_space;L11.long.margin;L11.long.score;L11.mid.eps_upward;L11.mid.margin_guidance;L11.mid.orders_revenue;L11.mid.score;L11.mode;L11.short.event_impact;L11.short.flow_boost;L11.short.score;L11.short.sentiment_shift;L11.short.technical;L11.trade.signal;L5.bs.ar_ap;L5.bs.cash_debt;L5.bs.goodwill_ppe;L5.bs.inventory;L5.bs.leverage;L5.cf.buyback_dividend;L5.cf.capex;L5.cf.fcf;L5.cf.icf_fcf;L5.cf.ocf;L5.fcst.eps_cf;L5.fcst.revenue_margin;L5.fcst.revisions;L5.is.cogs;L5.is.eps;L5.is.gross_margin;L5.is.gross_profit;L5.is.margins;L5.is.net_profit;L5.is.operating_profit;L5.is.revenue;L5.is.revenue_growth;L5.is.sga_rd;L5.surprise.preprice;L5.surprise.sell_side;L6.mult.dcf;L6.mult.ev_ebitda;L6.mult.mcap_fcf;L6.mult.pb;L6.mult.pe;L6.mult.peg;L6.mult.ps;L6.path.second_derivative;L6.path.tag;L6.priced.news_age;L6.sens.cashflow;L6.sens.growth_margin;L6.sens.rates;L6.sens.risk_narrative;L7.env.risk_appetite;L7.holders.institutional;L7.market.l2_quote;L7.mood.fomo;L7.trade.volume_turnover;L8.industry.demand_supply;L8.industry.price_war;L8.val.priced_in;L9.event.insider_trades;L9.event.news_flow;L9.event.recent_filings,
SCCO.US,Southern Copper,US,NONFERROUS_METALS,59,1,5,51,2,0,67,0,73,250,29.20,"{""derive:l10_val_expansion_compression"": 1, ""derive:bootstrap_l11_subscore"": 11, ""derive:l11_long_score"": 1, ""derive:l11_mid_score"": 1, ""derive:l11_mode"": 1, ""derive:l11_short_score"": 1, ""derive:l11_trade_signal"": 1, ""fmp:balance-sheet"": 4, ""fmp:balance-sheet.derived"": 1, ""fmp:cash-flow"": 5, ""fmp:analyst-estimates"": 2, ""fmp:analyst-estimates.derived"": 2, ""fmp:income-statement"": 9, ""fmp:financial-growth"": 1, ""fmp:earnings.derived"": 1, ""fmp:discounted-cash-flow"": 1, ""fmp:key-metrics-ttm"": 1, ""fmp:ratios-ttm"": 5, ""derive:l6_path_second_derivative"": 1, ""derive:l6_path_tag"": 1, ""fmp:news.derived"": 1, ""derive:l6_sens_cashflow"": 1, ""derive:l6_sens_growth_margin"": 1, ""derive:l6_sens_rates"": 1, ""derive:l6_sens_risk_narrative"": 1, ""derive:l7_env_risk_appetite"": 1, ""fmp:beneficial-ownership"": 1, ""futu"": 1, ""derive:l7_mood_fomo"": 1, ""futu:snapshot"": 1, ""derive:l8_industry_demand_supply"": 1, ""derive:l8_industry_price_war"": 1, ""derive:l8_val_priced_in"": 1, ""fmp:insider-trading"": 1, ""fmp:news"": 1, ""fmp:sec-filings"": 1}",company,L2.newbiz.commercialization;L2.newbiz.revenue_contrib;L2.newbiz.tam;L2.newbiz.uncertainty;L2.newbiz.valuation_contrib,L10.val.expansion_compression;L11.long.business_model;L11.long.compete_moat;L11.long.industry_space;L11.long.margin;L11.long.score;L11.mid.eps_upward;L11.mid.margin_guidance;L11.mid.orders_revenue;L11.mid.score;L11.mode;L11.short.event_impact;L11.short.flow_boost;L11.short.score;L11.short.sentiment_shift;L11.short.technical;L11.trade.signal;L5.bs.ar_ap;L5.bs.cash_debt;L5.bs.goodwill_ppe;L5.bs.inventory;L5.bs.leverage;L5.cf.buyback_dividend;L5.cf.capex;L5.cf.fcf;L5.cf.icf_fcf;L5.cf.ocf;L5.fcst.eps_cf;L5.fcst.revenue_margin;L5.fcst.revisions;L5.is.cogs;L5.is.eps;L5.is.gross_margin;L5.is.gross_profit;L5.is.margins;L5.is.net_profit;L5.is.operating_profit;L5.is.revenue;L5.is.revenue_growth;L5.is.sga_rd;L5.surprise.preprice;L5.surprise.sell_side;L6.mult.dcf;L6.mult.ev_ebitda;L6.mult.mcap_fcf;L6.mult.pb;L6.mult.pe;L6.mult.peg;L6.mult.ps;L6.path.second_derivative;L6.path.tag;L6.priced.news_age;L6.sens.cashflow;L6.sens.growth_margin;L6.sens.rates;L6.sens.risk_narrative;L7.env.risk_appetite;L7.holders.institutional;L7.market.l2_quote;L7.mood.fomo;L7.trade.volume_turnover;L8.industry.demand_supply;L8.industry.price_war;L8.val.priced_in;L9.event.insider_trades;L9.event.news_flow;L9.event.recent_filings,
SLDP.US,Solid Power,US,STORAGE_GRID,59,1,5,51,2,0,67,0,73,250,29.20,"{""derive:l10_val_expansion_compression"": 1, ""derive:bootstrap_l11_subscore"": 11, ""derive:l11_long_score"": 1, ""derive:l11_mid_score"": 1, ""derive:l11_mode"": 1, ""derive:l11_short_score"": 1, ""derive:l11_trade_signal"": 1, ""fmp:balance-sheet"": 4, ""fmp:balance-sheet.derived"": 1, ""fmp:cash-flow"": 5, ""fmp:analyst-estimates"": 2, ""fmp:analyst-estimates.derived"": 2, ""fmp:income-statement"": 9, ""fmp:financial-growth"": 1, ""fmp:earnings.derived"": 1, ""fmp:discounted-cash-flow"": 1, ""fmp:key-metrics-ttm"": 1, ""fmp:ratios-ttm"": 5, ""derive:l6_path_second_derivative"": 1, ""derive:l6_path_tag"": 1, ""fmp:news.derived"": 1, ""derive:l6_sens_cashflow"": 1, ""derive:l6_sens_growth_margin"": 1, ""derive:l6_sens_rates"": 1, ""derive:l6_sens_risk_narrative"": 1, ""derive:l7_env_risk_appetite"": 1, ""fmp:beneficial-ownership"": 1, ""futu"": 1, ""derive:l7_mood_fomo"": 1, ""futu:snapshot"": 1, ""derive:l8_industry_demand_supply"": 1, ""derive:l8_industry_price_war"": 1, ""derive:l8_val_priced_in"": 1, ""fmp:insider-trading"": 1, ""fmp:news"": 1, ""fmp:sec-filings"": 1}",company,L2.newbiz.commercialization;L2.newbiz.revenue_contrib;L2.newbiz.tam;L2.newbiz.uncertainty;L2.newbiz.valuation_contrib,L10.val.expansion_compression;L11.long.business_model;L11.long.compete_moat;L11.long.industry_space;L11.long.margin;L11.long.score;L11.mid.eps_upward;L11.mid.margin_guidance;L11.mid.orders_revenue;L11.mid.score;L11.mode;L11.short.event_impact;L11.short.flow_boost;L11.short.score;L11.short.sentiment_shift;L11.short.technical;L11.trade.signal;L5.bs.ar_ap;L5.bs.cash_debt;L5.bs.goodwill_ppe;L5.bs.inventory;L5.bs.leverage;L5.cf.buyback_dividend;L5.cf.capex;L5.cf.fcf;L5.cf.icf_fcf;L5.cf.ocf;L5.fcst.eps_cf;L5.fcst.revenue_margin;L5.fcst.revisions;L5.is.cogs;L5.is.eps;L5.is.gross_margin;L5.is.gross_profit;L5.is.margins;L5.is.net_profit;L5.is.operating_profit;L5.is.revenue;L5.is.revenue_growth;L5.is.sga_rd;L5.surprise.preprice;L5.surprise.sell_side;L6.mult.dcf;L6.mult.ev_ebitda;L6.mult.mcap_fcf;L6.mult.pb;L6.mult.pe;L6.mult.peg;L6.mult.ps;L6.path.second_derivative;L6.path.tag;L6.priced.news_age;L6.sens.cashflow;L6.sens.growth_margin;L6.sens.rates;L6.sens.risk_narrative;L7.env.risk_appetite;L7.holders.institutional;L7.market.l2_quote;L7.mood.fomo;L7.trade.volume_turnover;L8.industry.demand_supply;L8.industry.price_war;L8.val.priced_in;L9.event.insider_trades;L9.event.news_flow;L9.event.recent_filings,
SMCI.US,Super Micro,US,AI_COMPUTE,59,1,5,51,2,0,68,0,74,250,29.60,"{""derive:l10_val_expansion_compression"": 1, ""derive:bootstrap_l11_subscore"": 11, ""derive:l11_long_score"": 1, ""derive:l11_mid_score"": 1, ""derive:l11_mode"": 1, ""derive:l11_short_score"": 1, ""derive:l11_trade_signal"": 1, ""fmp:balance-sheet"": 4, ""fmp:balance-sheet.derived"": 1, ""fmp:cash-flow"": 5, ""fmp:analyst-estimates"": 2, ""fmp:analyst-estimates.derived"": 2, ""fmp:income-statement"": 9, ""fmp:financial-growth"": 1, ""fmp:earnings.derived"": 1, ""fmp:discounted-cash-flow"": 1, ""fmp:key-metrics-ttm"": 1, ""fmp:ratios-ttm"": 5, ""derive:l6_path_second_derivative"": 1, ""derive:l6_path_tag"": 1, ""fmp:news.derived"": 1, ""derive:l6_sens_cashflow"": 1, ""derive:l6_sens_growth_margin"": 1, ""derive:l6_sens_rates"": 1, ""derive:l6_sens_risk_narrative"": 1, ""derive:l7_env_risk_appetite"": 1, ""futu:capital_flow"": 1, ""fmp:beneficial-ownership"": 1, ""futu"": 1, ""derive:l7_mood_fomo"": 1, ""futu:snapshot"": 1, ""derive:l8_industry_demand_supply"": 1, ""derive:l8_industry_price_war"": 1, ""derive:l8_val_priced_in"": 1, ""fmp:insider-trading"": 1, ""fmp:news"": 1, ""fmp:sec-filings"": 1}",company,L2.newbiz.commercialization;L2.newbiz.revenue_contrib;L2.newbiz.tam;L2.newbiz.uncertainty;L2.newbiz.valuation_contrib,L10.val.expansion_compression;L11.long.business_model;L11.long.compete_moat;L11.long.industry_space;L11.long.margin;L11.long.score;L11.mid.eps_upward;L11.mid.margin_guidance;L11.mid.orders_revenue;L11.mid.score;L11.mode;L11.short.event_impact;L11.short.flow_boost;L11.short.score;L11.short.sentiment_shift;L11.short.technical;L11.trade.signal;L5.bs.ar_ap;L5.bs.cash_debt;L5.bs.goodwill_ppe;L5.bs.inventory;L5.bs.leverage;L5.cf.buyback_dividend;L5.cf.capex;L5.cf.fcf;L5.cf.icf_fcf;L5.cf.ocf;L5.fcst.eps_cf;L5.fcst.revenue_margin;L5.fcst.revisions;L5.is.cogs;L5.is.eps;L5.is.gross_margin;L5.is.gross_profit;L5.is.margins;L5.is.net_profit;L5.is.operating_profit;L5.is.revenue;L5.is.revenue_growth;L5.is.sga_rd;L5.surprise.preprice;L5.surprise.sell_side;L6.mult.dcf;L6.mult.ev_ebitda;L6.mult.mcap_fcf;L6.mult.pb;L6.mult.pe;L6.mult.peg;L6.mult.ps;L6.path.second_derivative;L6.path.tag;L6.priced.news_age;L6.sens.cashflow;L6.sens.growth_margin;L6.sens.rates;L6.sens.risk_narrative;L7.env.risk_appetite;L7.flow.active_inflow;L7.holders.institutional;L7.market.l2_quote;L7.mood.fomo;L7.trade.volume_turnover;L8.industry.demand_supply;L8.industry.price_war;L8.val.priced_in;L9.event.insider_trades;L9.event.news_flow;L9.event.recent_filings,
STLD.US,Steel Dynamics,US,ANTI_INVOLUTION_CYCLICAL,59,1,5,51,2,0,67,0,73,250,29.20,"{""derive:l10_val_expansion_compression"": 1, ""derive:bootstrap_l11_subscore"": 11, ""derive:l11_long_score"": 1, ""derive:l11_mid_score"": 1, ""derive:l11_mode"": 1, ""derive:l11_short_score"": 1, ""derive:l11_trade_signal"": 1, ""fmp:balance-sheet"": 4, ""fmp:balance-sheet.derived"": 1, ""fmp:cash-flow"": 5, ""fmp:analyst-estimates"": 2, ""fmp:analyst-estimates.derived"": 2, ""fmp:income-statement"": 9, ""fmp:financial-growth"": 1, ""fmp:earnings.derived"": 1, ""fmp:discounted-cash-flow"": 1, ""fmp:key-metrics-ttm"": 1, ""fmp:ratios-ttm"": 5, ""derive:l6_path_second_derivative"": 1, ""derive:l6_path_tag"": 1, ""fmp:news.derived"": 1, ""derive:l6_sens_cashflow"": 1, ""derive:l6_sens_growth_margin"": 1, ""derive:l6_sens_rates"": 1, ""derive:l6_sens_risk_narrative"": 1, ""derive:l7_env_risk_appetite"": 1, ""fmp:beneficial-ownership"": 1, ""futu"": 1, ""derive:l7_mood_fomo"": 1, ""futu:snapshot"": 1, ""derive:l8_industry_demand_supply"": 1, ""derive:l8_industry_price_war"": 1, ""derive:l8_val_priced_in"": 1, ""fmp:insider-trading"": 1, ""fmp:news"": 1, ""fmp:sec-filings"": 1}",company,L2.newbiz.commercialization;L2.newbiz.revenue_contrib;L2.newbiz.tam;L2.newbiz.uncertainty;L2.newbiz.valuation_contrib,L10.val.expansion_compression;L11.long.business_model;L11.long.compete_moat;L11.long.industry_space;L11.long.margin;L11.long.score;L11.mid.eps_upward;L11.mid.margin_guidance;L11.mid.orders_revenue;L11.mid.score;L11.mode;L11.short.event_impact;L11.short.flow_boost;L11.short.score;L11.short.sentiment_shift;L11.short.technical;L11.trade.signal;L5.bs.ar_ap;L5.bs.cash_debt;L5.bs.goodwill_ppe;L5.bs.inventory;L5.bs.leverage;L5.cf.buyback_dividend;L5.cf.capex;L5.cf.fcf;L5.cf.icf_fcf;L5.cf.ocf;L5.fcst.eps_cf;L5.fcst.revenue_margin;L5.fcst.revisions;L5.is.cogs;L5.is.eps;L5.is.gross_margin;L5.is.gross_profit;L5.is.margins;L5.is.net_profit;L5.is.operating_profit;L5.is.revenue;L5.is.revenue_growth;L5.is.sga_rd;L5.surprise.preprice;L5.surprise.sell_side;L6.mult.dcf;L6.mult.ev_ebitda;L6.mult.mcap_fcf;L6.mult.pb;L6.mult.pe;L6.mult.peg;L6.mult.ps;L6.path.second_derivative;L6.path.tag;L6.priced.news_age;L6.sens.cashflow;L6.sens.growth_margin;L6.sens.rates;L6.sens.risk_narrative;L7.env.risk_appetite;L7.holders.institutional;L7.market.l2_quote;L7.mood.fomo;L7.trade.volume_turnover;L8.industry.demand_supply;L8.industry.price_war;L8.val.priced_in;L9.event.insider_trades;L9.event.news_flow;L9.event.recent_filings,
SYM.US,Symbotic,US,ROBOTICS,59,1,5,51,2,0,67,0,73,250,29.20,"{""derive:l10_val_expansion_compression"": 1, ""derive:bootstrap_l11_subscore"": 11, ""derive:l11_long_score"": 1, ""derive:l11_mid_score"": 1, ""derive:l11_mode"": 1, ""derive:l11_short_score"": 1, ""derive:l11_trade_signal"": 1, ""fmp:balance-sheet"": 4, ""fmp:balance-sheet.derived"": 1, ""fmp:cash-flow"": 5, ""fmp:analyst-estimates"": 2, ""fmp:analyst-estimates.derived"": 2, ""fmp:income-statement"": 9, ""fmp:financial-growth"": 1, ""fmp:earnings.derived"": 1, ""fmp:discounted-cash-flow"": 1, ""fmp:key-metrics-ttm"": 1, ""fmp:ratios-ttm"": 5, ""derive:l6_path_second_derivative"": 1, ""derive:l6_path_tag"": 1, ""fmp:news.derived"": 1, ""derive:l6_sens_cashflow"": 1, ""derive:l6_sens_growth_margin"": 1, ""derive:l6_sens_rates"": 1, ""derive:l6_sens_risk_narrative"": 1, ""derive:l7_env_risk_appetite"": 1, ""fmp:beneficial-ownership"": 1, ""futu"": 1, ""derive:l7_mood_fomo"": 1, ""futu:snapshot"": 1, ""derive:l8_industry_demand_supply"": 1, ""derive:l8_industry_price_war"": 1, ""derive:l8_val_priced_in"": 1, ""fmp:insider-trading"": 1, ""fmp:news"": 1, ""fmp:sec-filings"": 1}",company,L2.newbiz.commercialization;L2.newbiz.revenue_contrib;L2.newbiz.tam;L2.newbiz.uncertainty;L2.newbiz.valuation_contrib,L10.val.expansion_compression;L11.long.business_model;L11.long.compete_moat;L11.long.industry_space;L11.long.margin;L11.long.score;L11.mid.eps_upward;L11.mid.margin_guidance;L11.mid.orders_revenue;L11.mid.score;L11.mode;L11.short.event_impact;L11.short.flow_boost;L11.short.score;L11.short.sentiment_shift;L11.short.technical;L11.trade.signal;L5.bs.ar_ap;L5.bs.cash_debt;L5.bs.goodwill_ppe;L5.bs.inventory;L5.bs.leverage;L5.cf.buyback_dividend;L5.cf.capex;L5.cf.fcf;L5.cf.icf_fcf;L5.cf.ocf;L5.fcst.eps_cf;L5.fcst.revenue_margin;L5.fcst.revisions;L5.is.cogs;L5.is.eps;L5.is.gross_margin;L5.is.gross_profit;L5.is.margins;L5.is.net_profit;L5.is.operating_profit;L5.is.revenue;L5.is.revenue_growth;L5.is.sga_rd;L5.surprise.preprice;L5.surprise.sell_side;L6.mult.dcf;L6.mult.ev_ebitda;L6.mult.mcap_fcf;L6.mult.pb;L6.mult.pe;L6.mult.peg;L6.mult.ps;L6.path.second_derivative;L6.path.tag;L6.priced.news_age;L6.sens.cashflow;L6.sens.growth_margin;L6.sens.rates;L6.sens.risk_narrative;L7.env.risk_appetite;L7.holders.institutional;L7.market.l2_quote;L7.mood.fomo;L7.trade.volume_turnover;L8.industry.demand_supply;L8.industry.price_war;L8.val.priced_in;L9.event.insider_trades;L9.event.news_flow;L9.event.recent_filings,
TCOM.US,Trip.com,US,HK_CN_INTERNET,59,1,5,51,2,0,67,0,73,250,29.20,"{""derive:l10_val_expansion_compression"": 1, ""derive:bootstrap_l11_subscore"": 11, ""derive:l11_long_score"": 1, ""derive:l11_mid_score"": 1, ""derive:l11_mode"": 1, ""derive:l11_short_score"": 1, ""derive:l11_trade_signal"": 1, ""fmp:balance-sheet"": 4, ""fmp:balance-sheet.derived"": 1, ""fmp:cash-flow"": 5, ""fmp:analyst-estimates"": 2, ""fmp:analyst-estimates.derived"": 2, ""fmp:income-statement"": 9, ""fmp:financial-growth"": 1, ""fmp:earnings.derived"": 1, ""fmp:discounted-cash-flow"": 1, ""fmp:key-metrics-ttm"": 1, ""fmp:ratios-ttm"": 5, ""derive:l6_path_second_derivative"": 1, ""derive:l6_path_tag"": 1, ""fmp:news.derived"": 1, ""derive:l6_sens_cashflow"": 1, ""derive:l6_sens_growth_margin"": 1, ""derive:l6_sens_rates"": 1, ""derive:l6_sens_risk_narrative"": 1, ""derive:l7_env_risk_appetite"": 1, ""fmp:beneficial-ownership"": 1, ""futu"": 1, ""derive:l7_mood_fomo"": 1, ""futu:snapshot"": 1, ""derive:l8_industry_demand_supply"": 1, ""derive:l8_industry_price_war"": 1, ""derive:l8_val_priced_in"": 1, ""fmp:insider-trading"": 1, ""fmp:news"": 1, ""fmp:sec-filings"": 1}",company,L2.newbiz.commercialization;L2.newbiz.revenue_contrib;L2.newbiz.tam;L2.newbiz.uncertainty;L2.newbiz.valuation_contrib,L10.val.expansion_compression;L11.long.business_model;L11.long.compete_moat;L11.long.industry_space;L11.long.margin;L11.long.score;L11.mid.eps_upward;L11.mid.margin_guidance;L11.mid.orders_revenue;L11.mid.score;L11.mode;L11.short.event_impact;L11.short.flow_boost;L11.short.score;L11.short.sentiment_shift;L11.short.technical;L11.trade.signal;L5.bs.ar_ap;L5.bs.cash_debt;L5.bs.goodwill_ppe;L5.bs.inventory;L5.bs.leverage;L5.cf.buyback_dividend;L5.cf.capex;L5.cf.fcf;L5.cf.icf_fcf;L5.cf.ocf;L5.fcst.eps_cf;L5.fcst.revenue_margin;L5.fcst.revisions;L5.is.cogs;L5.is.eps;L5.is.gross_margin;L5.is.gross_profit;L5.is.margins;L5.is.net_profit;L5.is.operating_profit;L5.is.revenue;L5.is.revenue_growth;L5.is.sga_rd;L5.surprise.preprice;L5.surprise.sell_side;L6.mult.dcf;L6.mult.ev_ebitda;L6.mult.mcap_fcf;L6.mult.pb;L6.mult.pe;L6.mult.peg;L6.mult.ps;L6.path.second_derivative;L6.path.tag;L6.priced.news_age;L6.sens.cashflow;L6.sens.growth_margin;L6.sens.rates;L6.sens.risk_narrative;L7.env.risk_appetite;L7.holders.institutional;L7.market.l2_quote;L7.mood.fomo;L7.trade.volume_turnover;L8.industry.demand_supply;L8.industry.price_war;L8.val.priced_in;L9.event.insider_trades;L9.event.news_flow;L9.event.recent_filings,
TECK.US,Teck,US,NONFERROUS_METALS,59,1,5,51,2,0,67,0,73,250,29.20,"{""derive:l10_val_expansion_compression"": 1, ""derive:bootstrap_l11_subscore"": 11, ""derive:l11_long_score"": 1, ""derive:l11_mid_score"": 1, ""derive:l11_mode"": 1, ""derive:l11_short_score"": 1, ""derive:l11_trade_signal"": 1, ""fmp:balance-sheet"": 4, ""fmp:balance-sheet.derived"": 1, ""fmp:cash-flow"": 5, ""fmp:analyst-estimates"": 2, ""fmp:analyst-estimates.derived"": 2, ""fmp:income-statement"": 9, ""fmp:financial-growth"": 1, ""fmp:earnings.derived"": 1, ""fmp:discounted-cash-flow"": 1, ""fmp:key-metrics-ttm"": 1, ""fmp:ratios-ttm"": 5, ""derive:l6_path_second_derivative"": 1, ""derive:l6_path_tag"": 1, ""fmp:news.derived"": 1, ""derive:l6_sens_cashflow"": 1, ""derive:l6_sens_growth_margin"": 1, ""derive:l6_sens_rates"": 1, ""derive:l6_sens_risk_narrative"": 1, ""derive:l7_env_risk_appetite"": 1, ""fmp:beneficial-ownership"": 1, ""futu"": 1, ""derive:l7_mood_fomo"": 1, ""futu:snapshot"": 1, ""derive:l8_industry_demand_supply"": 1, ""derive:l8_industry_price_war"": 1, ""derive:l8_val_priced_in"": 1, ""fmp:insider-trading"": 1, ""fmp:news"": 1, ""fmp:sec-filings"": 1}",company,L2.newbiz.commercialization;L2.newbiz.revenue_contrib;L2.newbiz.tam;L2.newbiz.uncertainty;L2.newbiz.valuation_contrib,L10.val.expansion_compression;L11.long.business_model;L11.long.compete_moat;L11.long.industry_space;L11.long.margin;L11.long.score;L11.mid.eps_upward;L11.mid.margin_guidance;L11.mid.orders_revenue;L11.mid.score;L11.mode;L11.short.event_impact;L11.short.flow_boost;L11.short.score;L11.short.sentiment_shift;L11.short.technical;L11.trade.signal;L5.bs.ar_ap;L5.bs.cash_debt;L5.bs.goodwill_ppe;L5.bs.inventory;L5.bs.leverage;L5.cf.buyback_dividend;L5.cf.capex;L5.cf.fcf;L5.cf.icf_fcf;L5.cf.ocf;L5.fcst.eps_cf;L5.fcst.revenue_margin;L5.fcst.revisions;L5.is.cogs;L5.is.eps;L5.is.gross_margin;L5.is.gross_profit;L5.is.margins;L5.is.net_profit;L5.is.operating_profit;L5.is.revenue;L5.is.revenue_growth;L5.is.sga_rd;L5.surprise.preprice;L5.surprise.sell_side;L6.mult.dcf;L6.mult.ev_ebitda;L6.mult.mcap_fcf;L6.mult.pb;L6.mult.pe;L6.mult.peg;L6.mult.ps;L6.path.second_derivative;L6.path.tag;L6.priced.news_age;L6.sens.cashflow;L6.sens.growth_margin;L6.sens.rates;L6.sens.risk_narrative;L7.env.risk_appetite;L7.holders.institutional;L7.market.l2_quote;L7.mood.fomo;L7.trade.volume_turnover;L8.industry.demand_supply;L8.industry.price_war;L8.val.priced_in;L9.event.insider_trades;L9.event.news_flow;L9.event.recent_filings,
TER.US,Teradyne,US,SEMI_EQUIPMENT|ROBOTICS,59,1,5,51,2,0,67,0,73,250,29.20,"{""derive:l10_val_expansion_compression"": 1, ""derive:bootstrap_l11_subscore"": 11, ""derive:l11_long_score"": 1, ""derive:l11_mid_score"": 1, ""derive:l11_mode"": 1, ""derive:l11_short_score"": 1, ""derive:l11_trade_signal"": 1, ""fmp:balance-sheet"": 4, ""fmp:balance-sheet.derived"": 1, ""fmp:cash-flow"": 5, ""fmp:analyst-estimates"": 2, ""fmp:analyst-estimates.derived"": 2, ""fmp:income-statement"": 9, ""fmp:financial-growth"": 1, ""fmp:earnings.derived"": 1, ""fmp:discounted-cash-flow"": 1, ""fmp:key-metrics-ttm"": 1, ""fmp:ratios-ttm"": 5, ""derive:l6_path_second_derivative"": 1, ""derive:l6_path_tag"": 1, ""fmp:news.derived"": 1, ""derive:l6_sens_cashflow"": 1, ""derive:l6_sens_growth_margin"": 1, ""derive:l6_sens_rates"": 1, ""derive:l6_sens_risk_narrative"": 1, ""derive:l7_env_risk_appetite"": 1, ""fmp:beneficial-ownership"": 1, ""futu"": 1, ""derive:l7_mood_fomo"": 1, ""futu:snapshot"": 1, ""derive:l8_industry_demand_supply"": 1, ""derive:l8_industry_price_war"": 1, ""derive:l8_val_priced_in"": 1, ""fmp:insider-trading"": 1, ""fmp:news"": 1, ""fmp:sec-filings"": 1}",company,L2.newbiz.commercialization;L2.newbiz.revenue_contrib;L2.newbiz.tam;L2.newbiz.uncertainty;L2.newbiz.valuation_contrib,L10.val.expansion_compression;L11.long.business_model;L11.long.compete_moat;L11.long.industry_space;L11.long.margin;L11.long.score;L11.mid.eps_upward;L11.mid.margin_guidance;L11.mid.orders_revenue;L11.mid.score;L11.mode;L11.short.event_impact;L11.short.flow_boost;L11.short.score;L11.short.sentiment_shift;L11.short.technical;L11.trade.signal;L5.bs.ar_ap;L5.bs.cash_debt;L5.bs.goodwill_ppe;L5.bs.inventory;L5.bs.leverage;L5.cf.buyback_dividend;L5.cf.capex;L5.cf.fcf;L5.cf.icf_fcf;L5.cf.ocf;L5.fcst.eps_cf;L5.fcst.revenue_margin;L5.fcst.revisions;L5.is.cogs;L5.is.eps;L5.is.gross_margin;L5.is.gross_profit;L5.is.margins;L5.is.net_profit;L5.is.operating_profit;L5.is.revenue;L5.is.revenue_growth;L5.is.sga_rd;L5.surprise.preprice;L5.surprise.sell_side;L6.mult.dcf;L6.mult.ev_ebitda;L6.mult.mcap_fcf;L6.mult.pb;L6.mult.pe;L6.mult.peg;L6.mult.ps;L6.path.second_derivative;L6.path.tag;L6.priced.news_age;L6.sens.cashflow;L6.sens.growth_margin;L6.sens.rates;L6.sens.risk_narrative;L7.env.risk_appetite;L7.holders.institutional;L7.market.l2_quote;L7.mood.fomo;L7.trade.volume_turnover;L8.industry.demand_supply;L8.industry.price_war;L8.val.priced_in;L9.event.insider_trades;L9.event.news_flow;L9.event.recent_filings,
TME.US,Tencent Music,US,HK_CN_INTERNET,59,1,5,51,2,0,67,0,73,250,29.20,"{""derive:l10_val_expansion_compression"": 1, ""derive:bootstrap_l11_subscore"": 11, ""derive:l11_long_score"": 1, ""derive:l11_mid_score"": 1, ""derive:l11_mode"": 1, ""derive:l11_short_score"": 1, ""derive:l11_trade_signal"": 1, ""fmp:balance-sheet"": 4, ""fmp:balance-sheet.derived"": 1, ""fmp:cash-flow"": 5, ""fmp:analyst-estimates"": 2, ""fmp:analyst-estimates.derived"": 2, ""fmp:income-statement"": 9, ""fmp:financial-growth"": 1, ""fmp:earnings.derived"": 1, ""fmp:discounted-cash-flow"": 1, ""fmp:key-metrics-ttm"": 1, ""fmp:ratios-ttm"": 5, ""derive:l6_path_second_derivative"": 1, ""derive:l6_path_tag"": 1, ""fmp:news.derived"": 1, ""derive:l6_sens_cashflow"": 1, ""derive:l6_sens_growth_margin"": 1, ""derive:l6_sens_rates"": 1, ""derive:l6_sens_risk_narrative"": 1, ""derive:l7_env_risk_appetite"": 1, ""fmp:beneficial-ownership"": 1, ""futu"": 1, ""derive:l7_mood_fomo"": 1, ""futu:snapshot"": 1, ""derive:l8_industry_demand_supply"": 1, ""derive:l8_industry_price_war"": 1, ""derive:l8_val_priced_in"": 1, ""fmp:insider-trading"": 1, ""fmp:news"": 1, ""fmp:sec-filings"": 1}",company,L2.newbiz.commercialization;L2.newbiz.revenue_contrib;L2.newbiz.tam;L2.newbiz.uncertainty;L2.newbiz.valuation_contrib,L10.val.expansion_compression;L11.long.business_model;L11.long.compete_moat;L11.long.industry_space;L11.long.margin;L11.long.score;L11.mid.eps_upward;L11.mid.margin_guidance;L11.mid.orders_revenue;L11.mid.score;L11.mode;L11.short.event_impact;L11.short.flow_boost;L11.short.score;L11.short.sentiment_shift;L11.short.technical;L11.trade.signal;L5.bs.ar_ap;L5.bs.cash_debt;L5.bs.goodwill_ppe;L5.bs.inventory;L5.bs.leverage;L5.cf.buyback_dividend;L5.cf.capex;L5.cf.fcf;L5.cf.icf_fcf;L5.cf.ocf;L5.fcst.eps_cf;L5.fcst.revenue_margin;L5.fcst.revisions;L5.is.cogs;L5.is.eps;L5.is.gross_margin;L5.is.gross_profit;L5.is.margins;L5.is.net_profit;L5.is.operating_profit;L5.is.revenue;L5.is.revenue_growth;L5.is.sga_rd;L5.surprise.preprice;L5.surprise.sell_side;L6.mult.dcf;L6.mult.ev_ebitda;L6.mult.mcap_fcf;L6.mult.pb;L6.mult.pe;L6.mult.peg;L6.mult.ps;L6.path.second_derivative;L6.path.tag;L6.priced.news_age;L6.sens.cashflow;L6.sens.growth_margin;L6.sens.rates;L6.sens.risk_narrative;L7.env.risk_appetite;L7.holders.institutional;L7.market.l2_quote;L7.mood.fomo;L7.trade.volume_turnover;L8.industry.demand_supply;L8.industry.price_war;L8.val.priced_in;L9.event.insider_trades;L9.event.news_flow;L9.event.recent_filings,
TMO.US,Thermo Fisher,US,INNOVATIVE_PHARMA,59,1,5,51,2,0,67,0,73,250,29.20,"{""derive:l10_val_expansion_compression"": 1, ""derive:bootstrap_l11_subscore"": 11, ""derive:l11_long_score"": 1, ""derive:l11_mid_score"": 1, ""derive:l11_mode"": 1, ""derive:l11_short_score"": 1, ""derive:l11_trade_signal"": 1, ""fmp:balance-sheet"": 4, ""fmp:balance-sheet.derived"": 1, ""fmp:cash-flow"": 5, ""fmp:analyst-estimates"": 2, ""fmp:analyst-estimates.derived"": 2, ""fmp:income-statement"": 9, ""fmp:financial-growth"": 1, ""fmp:earnings.derived"": 1, ""fmp:discounted-cash-flow"": 1, ""fmp:key-metrics-ttm"": 1, ""fmp:ratios-ttm"": 5, ""derive:l6_path_second_derivative"": 1, ""derive:l6_path_tag"": 1, ""fmp:news.derived"": 1, ""derive:l6_sens_cashflow"": 1, ""derive:l6_sens_growth_margin"": 1, ""derive:l6_sens_rates"": 1, ""derive:l6_sens_risk_narrative"": 1, ""derive:l7_env_risk_appetite"": 1, ""fmp:beneficial-ownership"": 1, ""futu"": 1, ""derive:l7_mood_fomo"": 1, ""futu:snapshot"": 1, ""derive:l8_industry_demand_supply"": 1, ""derive:l8_industry_price_war"": 1, ""derive:l8_val_priced_in"": 1, ""fmp:insider-trading"": 1, ""fmp:news"": 1, ""fmp:sec-filings"": 1}",company,L2.newbiz.commercialization;L2.newbiz.revenue_contrib;L2.newbiz.tam;L2.newbiz.uncertainty;L2.newbiz.valuation_contrib,L10.val.expansion_compression;L11.long.business_model;L11.long.compete_moat;L11.long.industry_space;L11.long.margin;L11.long.score;L11.mid.eps_upward;L11.mid.margin_guidance;L11.mid.orders_revenue;L11.mid.score;L11.mode;L11.short.event_impact;L11.short.flow_boost;L11.short.score;L11.short.sentiment_shift;L11.short.technical;L11.trade.signal;L5.bs.ar_ap;L5.bs.cash_debt;L5.bs.goodwill_ppe;L5.bs.inventory;L5.bs.leverage;L5.cf.buyback_dividend;L5.cf.capex;L5.cf.fcf;L5.cf.icf_fcf;L5.cf.ocf;L5.fcst.eps_cf;L5.fcst.revenue_margin;L5.fcst.revisions;L5.is.cogs;L5.is.eps;L5.is.gross_margin;L5.is.gross_profit;L5.is.margins;L5.is.net_profit;L5.is.operating_profit;L5.is.revenue;L5.is.revenue_growth;L5.is.sga_rd;L5.surprise.preprice;L5.surprise.sell_side;L6.mult.dcf;L6.mult.ev_ebitda;L6.mult.mcap_fcf;L6.mult.pb;L6.mult.pe;L6.mult.peg;L6.mult.ps;L6.path.second_derivative;L6.path.tag;L6.priced.news_age;L6.sens.cashflow;L6.sens.growth_margin;L6.sens.rates;L6.sens.risk_narrative;L7.env.risk_appetite;L7.holders.institutional;L7.market.l2_quote;L7.mood.fomo;L7.trade.volume_turnover;L8.industry.demand_supply;L8.industry.price_war;L8.val.priced_in;L9.event.insider_trades;L9.event.news_flow;L9.event.recent_filings,
TSLA.US,Tesla,US,ROBOTICS|STORAGE_GRID,59,1,5,51,2,0,67,0,73,250,29.20,"{""derive:l10_val_expansion_compression"": 1, ""derive:bootstrap_l11_subscore"": 11, ""derive:l11_long_score"": 1, ""derive:l11_mid_score"": 1, ""derive:l11_mode"": 1, ""derive:l11_short_score"": 1, ""derive:l11_trade_signal"": 1, ""fmp:balance-sheet"": 4, ""fmp:balance-sheet.derived"": 1, ""fmp:cash-flow"": 5, ""fmp:analyst-estimates"": 2, ""fmp:analyst-estimates.derived"": 2, ""fmp:income-statement"": 9, ""fmp:financial-growth"": 1, ""fmp:earnings.derived"": 1, ""fmp:discounted-cash-flow"": 1, ""fmp:key-metrics-ttm"": 1, ""fmp:ratios-ttm"": 5, ""derive:l6_path_second_derivative"": 1, ""derive:l6_path_tag"": 1, ""fmp:news.derived"": 1, ""derive:l6_sens_cashflow"": 1, ""derive:l6_sens_growth_margin"": 1, ""derive:l6_sens_rates"": 1, ""derive:l6_sens_risk_narrative"": 1, ""derive:l7_env_risk_appetite"": 1, ""fmp:beneficial-ownership"": 1, ""futu"": 1, ""derive:l7_mood_fomo"": 1, ""futu:snapshot"": 1, ""derive:l8_industry_demand_supply"": 1, ""derive:l8_industry_price_war"": 1, ""derive:l8_val_priced_in"": 1, ""fmp:insider-trading"": 1, ""fmp:news"": 1, ""fmp:sec-filings"": 1}",company,L2.newbiz.commercialization;L2.newbiz.revenue_contrib;L2.newbiz.tam;L2.newbiz.uncertainty;L2.newbiz.valuation_contrib,L10.val.expansion_compression;L11.long.business_model;L11.long.compete_moat;L11.long.industry_space;L11.long.margin;L11.long.score;L11.mid.eps_upward;L11.mid.margin_guidance;L11.mid.orders_revenue;L11.mid.score;L11.mode;L11.short.event_impact;L11.short.flow_boost;L11.short.score;L11.short.sentiment_shift;L11.short.technical;L11.trade.signal;L5.bs.ar_ap;L5.bs.cash_debt;L5.bs.goodwill_ppe;L5.bs.inventory;L5.bs.leverage;L5.cf.buyback_dividend;L5.cf.capex;L5.cf.fcf;L5.cf.icf_fcf;L5.cf.ocf;L5.fcst.eps_cf;L5.fcst.revenue_margin;L5.fcst.revisions;L5.is.cogs;L5.is.eps;L5.is.gross_margin;L5.is.gross_profit;L5.is.margins;L5.is.net_profit;L5.is.operating_profit;L5.is.revenue;L5.is.revenue_growth;L5.is.sga_rd;L5.surprise.preprice;L5.surprise.sell_side;L6.mult.dcf;L6.mult.ev_ebitda;L6.mult.mcap_fcf;L6.mult.pb;L6.mult.pe;L6.mult.peg;L6.mult.ps;L6.path.second_derivative;L6.path.tag;L6.priced.news_age;L6.sens.cashflow;L6.sens.growth_margin;L6.sens.rates;L6.sens.risk_narrative;L7.env.risk_appetite;L7.holders.institutional;L7.market.l2_quote;L7.mood.fomo;L7.trade.volume_turnover;L8.industry.demand_supply;L8.industry.price_war;L8.val.priced_in;L9.event.insider_trades;L9.event.news_flow;L9.event.recent_filings,
TSM.US,TSMC (ADR),US,AI_COMPUTE|SEMI_EQUIPMENT,59,1,5,51,2,0,68,0,74,250,29.60,"{""derive:l10_val_expansion_compression"": 1, ""derive:bootstrap_l11_subscore"": 11, ""derive:l11_long_score"": 1, ""derive:l11_mid_score"": 1, ""derive:l11_mode"": 1, ""derive:l11_short_score"": 1, ""derive:l11_trade_signal"": 1, ""fmp:balance-sheet"": 4, ""fmp:balance-sheet.derived"": 1, ""fmp:cash-flow"": 5, ""fmp:analyst-estimates"": 2, ""fmp:analyst-estimates.derived"": 2, ""fmp:income-statement"": 9, ""fmp:financial-growth"": 1, ""fmp:earnings.derived"": 1, ""fmp:discounted-cash-flow"": 1, ""fmp:key-metrics-ttm"": 1, ""fmp:ratios-ttm"": 5, ""derive:l6_path_second_derivative"": 1, ""derive:l6_path_tag"": 1, ""fmp:news.derived"": 1, ""derive:l6_sens_cashflow"": 1, ""derive:l6_sens_growth_margin"": 1, ""derive:l6_sens_rates"": 1, ""derive:l6_sens_risk_narrative"": 1, ""derive:l7_env_risk_appetite"": 1, ""futu:capital_flow"": 1, ""fmp:beneficial-ownership"": 1, ""futu"": 1, ""derive:l7_mood_fomo"": 1, ""futu:snapshot"": 1, ""derive:l8_industry_demand_supply"": 1, ""derive:l8_industry_price_war"": 1, ""derive:l8_val_priced_in"": 1, ""fmp:insider-trading"": 1, ""fmp:news"": 1, ""fmp:sec-filings"": 1}",company,L2.newbiz.commercialization;L2.newbiz.revenue_contrib;L2.newbiz.tam;L2.newbiz.uncertainty;L2.newbiz.valuation_contrib,L10.val.expansion_compression;L11.long.business_model;L11.long.compete_moat;L11.long.industry_space;L11.long.margin;L11.long.score;L11.mid.eps_upward;L11.mid.margin_guidance;L11.mid.orders_revenue;L11.mid.score;L11.mode;L11.short.event_impact;L11.short.flow_boost;L11.short.score;L11.short.sentiment_shift;L11.short.technical;L11.trade.signal;L5.bs.ar_ap;L5.bs.cash_debt;L5.bs.goodwill_ppe;L5.bs.inventory;L5.bs.leverage;L5.cf.buyback_dividend;L5.cf.capex;L5.cf.fcf;L5.cf.icf_fcf;L5.cf.ocf;L5.fcst.eps_cf;L5.fcst.revenue_margin;L5.fcst.revisions;L5.is.cogs;L5.is.eps;L5.is.gross_margin;L5.is.gross_profit;L5.is.margins;L5.is.net_profit;L5.is.operating_profit;L5.is.revenue;L5.is.revenue_growth;L5.is.sga_rd;L5.surprise.preprice;L5.surprise.sell_side;L6.mult.dcf;L6.mult.ev_ebitda;L6.mult.mcap_fcf;L6.mult.pb;L6.mult.pe;L6.mult.peg;L6.mult.ps;L6.path.second_derivative;L6.path.tag;L6.priced.news_age;L6.sens.cashflow;L6.sens.growth_margin;L6.sens.rates;L6.sens.risk_narrative;L7.env.risk_appetite;L7.flow.active_inflow;L7.holders.institutional;L7.market.l2_quote;L7.mood.fomo;L7.trade.volume_turnover;L8.industry.demand_supply;L8.industry.price_war;L8.val.priced_in;L9.event.insider_trades;L9.event.news_flow;L9.event.recent_filings,
TTMI.US,TTM Technologies,US,CONSUMER_ELECTRONICS,59,1,5,51,2,0,67,0,73,250,29.20,"{""derive:l10_val_expansion_compression"": 1, ""derive:bootstrap_l11_subscore"": 11, ""derive:l11_long_score"": 1, ""derive:l11_mid_score"": 1, ""derive:l11_mode"": 1, ""derive:l11_short_score"": 1, ""derive:l11_trade_signal"": 1, ""fmp:balance-sheet"": 4, ""fmp:balance-sheet.derived"": 1, ""fmp:cash-flow"": 5, ""fmp:analyst-estimates"": 2, ""fmp:analyst-estimates.derived"": 2, ""fmp:income-statement"": 9, ""fmp:financial-growth"": 1, ""fmp:earnings.derived"": 1, ""fmp:discounted-cash-flow"": 1, ""fmp:key-metrics-ttm"": 1, ""fmp:ratios-ttm"": 5, ""derive:l6_path_second_derivative"": 1, ""derive:l6_path_tag"": 1, ""fmp:news.derived"": 1, ""derive:l6_sens_cashflow"": 1, ""derive:l6_sens_growth_margin"": 1, ""derive:l6_sens_rates"": 1, ""derive:l6_sens_risk_narrative"": 1, ""derive:l7_env_risk_appetite"": 1, ""fmp:beneficial-ownership"": 1, ""futu"": 1, ""derive:l7_mood_fomo"": 1, ""futu:snapshot"": 1, ""derive:l8_industry_demand_supply"": 1, ""derive:l8_industry_price_war"": 1, ""derive:l8_val_priced_in"": 1, ""fmp:insider-trading"": 1, ""fmp:news"": 1, ""fmp:sec-filings"": 1}",company,L2.newbiz.commercialization;L2.newbiz.revenue_contrib;L2.newbiz.tam;L2.newbiz.uncertainty;L2.newbiz.valuation_contrib,L10.val.expansion_compression;L11.long.business_model;L11.long.compete_moat;L11.long.industry_space;L11.long.margin;L11.long.score;L11.mid.eps_upward;L11.mid.margin_guidance;L11.mid.orders_revenue;L11.mid.score;L11.mode;L11.short.event_impact;L11.short.flow_boost;L11.short.score;L11.short.sentiment_shift;L11.short.technical;L11.trade.signal;L5.bs.ar_ap;L5.bs.cash_debt;L5.bs.goodwill_ppe;L5.bs.inventory;L5.bs.leverage;L5.cf.buyback_dividend;L5.cf.capex;L5.cf.fcf;L5.cf.icf_fcf;L5.cf.ocf;L5.fcst.eps_cf;L5.fcst.revenue_margin;L5.fcst.revisions;L5.is.cogs;L5.is.eps;L5.is.gross_margin;L5.is.gross_profit;L5.is.margins;L5.is.net_profit;L5.is.operating_profit;L5.is.revenue;L5.is.revenue_growth;L5.is.sga_rd;L5.surprise.preprice;L5.surprise.sell_side;L6.mult.dcf;L6.mult.ev_ebitda;L6.mult.mcap_fcf;L6.mult.pb;L6.mult.pe;L6.mult.peg;L6.mult.ps;L6.path.second_derivative;L6.path.tag;L6.priced.news_age;L6.sens.cashflow;L6.sens.growth_margin;L6.sens.rates;L6.sens.risk_narrative;L7.env.risk_appetite;L7.holders.institutional;L7.market.l2_quote;L7.mood.fomo;L7.trade.volume_turnover;L8.industry.demand_supply;L8.industry.price_war;L8.val.priced_in;L9.event.insider_trades;L9.event.news_flow;L9.event.recent_filings,
UAL.US,United Airlines,US,DOMESTIC_CONSUMPTION,59,1,5,51,2,0,67,0,73,250,29.20,"{""derive:l10_val_expansion_compression"": 1, ""derive:bootstrap_l11_subscore"": 11, ""derive:l11_long_score"": 1, ""derive:l11_mid_score"": 1, ""derive:l11_mode"": 1, ""derive:l11_short_score"": 1, ""derive:l11_trade_signal"": 1, ""fmp:balance-sheet"": 4, ""fmp:balance-sheet.derived"": 1, ""fmp:cash-flow"": 5, ""fmp:analyst-estimates"": 2, ""fmp:analyst-estimates.derived"": 2, ""fmp:income-statement"": 9, ""fmp:financial-growth"": 1, ""fmp:earnings.derived"": 1, ""fmp:discounted-cash-flow"": 1, ""fmp:key-metrics-ttm"": 1, ""fmp:ratios-ttm"": 5, ""derive:l6_path_second_derivative"": 1, ""derive:l6_path_tag"": 1, ""fmp:news.derived"": 1, ""derive:l6_sens_cashflow"": 1, ""derive:l6_sens_growth_margin"": 1, ""derive:l6_sens_rates"": 1, ""derive:l6_sens_risk_narrative"": 1, ""derive:l7_env_risk_appetite"": 1, ""fmp:beneficial-ownership"": 1, ""futu"": 1, ""derive:l7_mood_fomo"": 1, ""futu:snapshot"": 1, ""derive:l8_industry_demand_supply"": 1, ""derive:l8_industry_price_war"": 1, ""derive:l8_val_priced_in"": 1, ""fmp:insider-trading"": 1, ""fmp:news"": 1, ""fmp:sec-filings"": 1}",company,L2.newbiz.commercialization;L2.newbiz.revenue_contrib;L2.newbiz.tam;L2.newbiz.uncertainty;L2.newbiz.valuation_contrib,L10.val.expansion_compression;L11.long.business_model;L11.long.compete_moat;L11.long.industry_space;L11.long.margin;L11.long.score;L11.mid.eps_upward;L11.mid.margin_guidance;L11.mid.orders_revenue;L11.mid.score;L11.mode;L11.short.event_impact;L11.short.flow_boost;L11.short.score;L11.short.sentiment_shift;L11.short.technical;L11.trade.signal;L5.bs.ar_ap;L5.bs.cash_debt;L5.bs.goodwill_ppe;L5.bs.inventory;L5.bs.leverage;L5.cf.buyback_dividend;L5.cf.capex;L5.cf.fcf;L5.cf.icf_fcf;L5.cf.ocf;L5.fcst.eps_cf;L5.fcst.revenue_margin;L5.fcst.revisions;L5.is.cogs;L5.is.eps;L5.is.gross_margin;L5.is.gross_profit;L5.is.margins;L5.is.net_profit;L5.is.operating_profit;L5.is.revenue;L5.is.revenue_growth;L5.is.sga_rd;L5.surprise.preprice;L5.surprise.sell_side;L6.mult.dcf;L6.mult.ev_ebitda;L6.mult.mcap_fcf;L6.mult.pb;L6.mult.pe;L6.mult.peg;L6.mult.ps;L6.path.second_derivative;L6.path.tag;L6.priced.news_age;L6.sens.cashflow;L6.sens.growth_margin;L6.sens.rates;L6.sens.risk_narrative;L7.env.risk_appetite;L7.holders.institutional;L7.market.l2_quote;L7.mood.fomo;L7.trade.volume_turnover;L8.industry.demand_supply;L8.industry.price_war;L8.val.priced_in;L9.event.insider_trades;L9.event.news_flow;L9.event.recent_filings,
V.US,Visa,US,FINANCIAL_HIGH_DIVIDEND,59,1,5,51,2,0,67,0,73,250,29.20,"{""derive:l10_val_expansion_compression"": 1, ""derive:bootstrap_l11_subscore"": 11, ""derive:l11_long_score"": 1, ""derive:l11_mid_score"": 1, ""derive:l11_mode"": 1, ""derive:l11_short_score"": 1, ""derive:l11_trade_signal"": 1, ""fmp:balance-sheet"": 4, ""fmp:balance-sheet.derived"": 1, ""fmp:cash-flow"": 5, ""fmp:analyst-estimates"": 2, ""fmp:analyst-estimates.derived"": 2, ""fmp:income-statement"": 9, ""fmp:financial-growth"": 1, ""fmp:earnings.derived"": 1, ""fmp:discounted-cash-flow"": 1, ""fmp:key-metrics-ttm"": 1, ""fmp:ratios-ttm"": 5, ""derive:l6_path_second_derivative"": 1, ""derive:l6_path_tag"": 1, ""fmp:news.derived"": 1, ""derive:l6_sens_cashflow"": 1, ""derive:l6_sens_growth_margin"": 1, ""derive:l6_sens_rates"": 1, ""derive:l6_sens_risk_narrative"": 1, ""derive:l7_env_risk_appetite"": 1, ""fmp:beneficial-ownership"": 1, ""futu"": 1, ""derive:l7_mood_fomo"": 1, ""futu:snapshot"": 1, ""derive:l8_industry_demand_supply"": 1, ""derive:l8_industry_price_war"": 1, ""derive:l8_val_priced_in"": 1, ""fmp:insider-trading"": 1, ""fmp:news"": 1, ""fmp:sec-filings"": 1}",company,L2.newbiz.commercialization;L2.newbiz.revenue_contrib;L2.newbiz.tam;L2.newbiz.uncertainty;L2.newbiz.valuation_contrib,L10.val.expansion_compression;L11.long.business_model;L11.long.compete_moat;L11.long.industry_space;L11.long.margin;L11.long.score;L11.mid.eps_upward;L11.mid.margin_guidance;L11.mid.orders_revenue;L11.mid.score;L11.mode;L11.short.event_impact;L11.short.flow_boost;L11.short.score;L11.short.sentiment_shift;L11.short.technical;L11.trade.signal;L5.bs.ar_ap;L5.bs.cash_debt;L5.bs.goodwill_ppe;L5.bs.inventory;L5.bs.leverage;L5.cf.buyback_dividend;L5.cf.capex;L5.cf.fcf;L5.cf.icf_fcf;L5.cf.ocf;L5.fcst.eps_cf;L5.fcst.revenue_margin;L5.fcst.revisions;L5.is.cogs;L5.is.eps;L5.is.gross_margin;L5.is.gross_profit;L5.is.margins;L5.is.net_profit;L5.is.operating_profit;L5.is.revenue;L5.is.revenue_growth;L5.is.sga_rd;L5.surprise.preprice;L5.surprise.sell_side;L6.mult.dcf;L6.mult.ev_ebitda;L6.mult.mcap_fcf;L6.mult.pb;L6.mult.pe;L6.mult.peg;L6.mult.ps;L6.path.second_derivative;L6.path.tag;L6.priced.news_age;L6.sens.cashflow;L6.sens.growth_margin;L6.sens.rates;L6.sens.risk_narrative;L7.env.risk_appetite;L7.holders.institutional;L7.market.l2_quote;L7.mood.fomo;L7.trade.volume_turnover;L8.industry.demand_supply;L8.industry.price_war;L8.val.priced_in;L9.event.insider_trades;L9.event.news_flow;L9.event.recent_filings,
VMC.US,Vulcan Materials,US,ANTI_INVOLUTION_CYCLICAL,59,1,5,51,2,0,67,0,73,250,29.20,"{""derive:l10_val_expansion_compression"": 1, ""derive:bootstrap_l11_subscore"": 11, ""derive:l11_long_score"": 1, ""derive:l11_mid_score"": 1, ""derive:l11_mode"": 1, ""derive:l11_short_score"": 1, ""derive:l11_trade_signal"": 1, ""fmp:balance-sheet"": 4, ""fmp:balance-sheet.derived"": 1, ""fmp:cash-flow"": 5, ""fmp:analyst-estimates"": 2, ""fmp:analyst-estimates.derived"": 2, ""fmp:income-statement"": 9, ""fmp:financial-growth"": 1, ""fmp:earnings.derived"": 1, ""fmp:discounted-cash-flow"": 1, ""fmp:key-metrics-ttm"": 1, ""fmp:ratios-ttm"": 5, ""derive:l6_path_second_derivative"": 1, ""derive:l6_path_tag"": 1, ""fmp:news.derived"": 1, ""derive:l6_sens_cashflow"": 1, ""derive:l6_sens_growth_margin"": 1, ""derive:l6_sens_rates"": 1, ""derive:l6_sens_risk_narrative"": 1, ""derive:l7_env_risk_appetite"": 1, ""fmp:beneficial-ownership"": 1, ""futu"": 1, ""derive:l7_mood_fomo"": 1, ""futu:snapshot"": 1, ""derive:l8_industry_demand_supply"": 1, ""derive:l8_industry_price_war"": 1, ""derive:l8_val_priced_in"": 1, ""fmp:insider-trading"": 1, ""fmp:news"": 1, ""fmp:sec-filings"": 1}",company,L2.newbiz.commercialization;L2.newbiz.revenue_contrib;L2.newbiz.tam;L2.newbiz.uncertainty;L2.newbiz.valuation_contrib,L10.val.expansion_compression;L11.long.business_model;L11.long.compete_moat;L11.long.industry_space;L11.long.margin;L11.long.score;L11.mid.eps_upward;L11.mid.margin_guidance;L11.mid.orders_revenue;L11.mid.score;L11.mode;L11.short.event_impact;L11.short.flow_boost;L11.short.score;L11.short.sentiment_shift;L11.short.technical;L11.trade.signal;L5.bs.ar_ap;L5.bs.cash_debt;L5.bs.goodwill_ppe;L5.bs.inventory;L5.bs.leverage;L5.cf.buyback_dividend;L5.cf.capex;L5.cf.fcf;L5.cf.icf_fcf;L5.cf.ocf;L5.fcst.eps_cf;L5.fcst.revenue_margin;L5.fcst.revisions;L5.is.cogs;L5.is.eps;L5.is.gross_margin;L5.is.gross_profit;L5.is.margins;L5.is.net_profit;L5.is.operating_profit;L5.is.revenue;L5.is.revenue_growth;L5.is.sga_rd;L5.surprise.preprice;L5.surprise.sell_side;L6.mult.dcf;L6.mult.ev_ebitda;L6.mult.mcap_fcf;L6.mult.pb;L6.mult.pe;L6.mult.peg;L6.mult.ps;L6.path.second_derivative;L6.path.tag;L6.priced.news_age;L6.sens.cashflow;L6.sens.growth_margin;L6.sens.rates;L6.sens.risk_narrative;L7.env.risk_appetite;L7.holders.institutional;L7.market.l2_quote;L7.mood.fomo;L7.trade.volume_turnover;L8.industry.demand_supply;L8.industry.price_war;L8.val.priced_in;L9.event.insider_trades;L9.event.news_flow;L9.event.recent_filings,
VRTX.US,Vertex,US,INNOVATIVE_PHARMA,59,1,5,51,2,0,67,0,73,250,29.20,"{""derive:l10_val_expansion_compression"": 1, ""derive:bootstrap_l11_subscore"": 11, ""derive:l11_long_score"": 1, ""derive:l11_mid_score"": 1, ""derive:l11_mode"": 1, ""derive:l11_short_score"": 1, ""derive:l11_trade_signal"": 1, ""fmp:balance-sheet"": 4, ""fmp:balance-sheet.derived"": 1, ""fmp:cash-flow"": 5, ""fmp:analyst-estimates"": 2, ""fmp:analyst-estimates.derived"": 2, ""fmp:income-statement"": 9, ""fmp:financial-growth"": 1, ""fmp:earnings.derived"": 1, ""fmp:discounted-cash-flow"": 1, ""fmp:key-metrics-ttm"": 1, ""fmp:ratios-ttm"": 5, ""derive:l6_path_second_derivative"": 1, ""derive:l6_path_tag"": 1, ""fmp:news.derived"": 1, ""derive:l6_sens_cashflow"": 1, ""derive:l6_sens_growth_margin"": 1, ""derive:l6_sens_rates"": 1, ""derive:l6_sens_risk_narrative"": 1, ""derive:l7_env_risk_appetite"": 1, ""fmp:beneficial-ownership"": 1, ""futu"": 1, ""derive:l7_mood_fomo"": 1, ""futu:snapshot"": 1, ""derive:l8_industry_demand_supply"": 1, ""derive:l8_industry_price_war"": 1, ""derive:l8_val_priced_in"": 1, ""fmp:insider-trading"": 1, ""fmp:news"": 1, ""fmp:sec-filings"": 1}",company,L2.newbiz.commercialization;L2.newbiz.revenue_contrib;L2.newbiz.tam;L2.newbiz.uncertainty;L2.newbiz.valuation_contrib,L10.val.expansion_compression;L11.long.business_model;L11.long.compete_moat;L11.long.industry_space;L11.long.margin;L11.long.score;L11.mid.eps_upward;L11.mid.margin_guidance;L11.mid.orders_revenue;L11.mid.score;L11.mode;L11.short.event_impact;L11.short.flow_boost;L11.short.score;L11.short.sentiment_shift;L11.short.technical;L11.trade.signal;L5.bs.ar_ap;L5.bs.cash_debt;L5.bs.goodwill_ppe;L5.bs.inventory;L5.bs.leverage;L5.cf.buyback_dividend;L5.cf.capex;L5.cf.fcf;L5.cf.icf_fcf;L5.cf.ocf;L5.fcst.eps_cf;L5.fcst.revenue_margin;L5.fcst.revisions;L5.is.cogs;L5.is.eps;L5.is.gross_margin;L5.is.gross_profit;L5.is.margins;L5.is.net_profit;L5.is.operating_profit;L5.is.revenue;L5.is.revenue_growth;L5.is.sga_rd;L5.surprise.preprice;L5.surprise.sell_side;L6.mult.dcf;L6.mult.ev_ebitda;L6.mult.mcap_fcf;L6.mult.pb;L6.mult.pe;L6.mult.peg;L6.mult.ps;L6.path.second_derivative;L6.path.tag;L6.priced.news_age;L6.sens.cashflow;L6.sens.growth_margin;L6.sens.rates;L6.sens.risk_narrative;L7.env.risk_appetite;L7.holders.institutional;L7.market.l2_quote;L7.mood.fomo;L7.trade.volume_turnover;L8.industry.demand_supply;L8.industry.price_war;L8.val.priced_in;L9.event.insider_trades;L9.event.news_flow;L9.event.recent_filings,
WFC.US,Wells Fargo,US,FINANCIAL_HIGH_DIVIDEND,59,1,5,51,2,0,67,0,73,250,29.20,"{""derive:l10_val_expansion_compression"": 1, ""derive:bootstrap_l11_subscore"": 11, ""derive:l11_long_score"": 1, ""derive:l11_mid_score"": 1, ""derive:l11_mode"": 1, ""derive:l11_short_score"": 1, ""derive:l11_trade_signal"": 1, ""fmp:balance-sheet"": 4, ""fmp:balance-sheet.derived"": 1, ""fmp:cash-flow"": 5, ""fmp:analyst-estimates"": 2, ""fmp:analyst-estimates.derived"": 2, ""fmp:income-statement"": 9, ""fmp:financial-growth"": 1, ""fmp:earnings.derived"": 1, ""fmp:discounted-cash-flow"": 1, ""fmp:key-metrics-ttm"": 1, ""fmp:ratios-ttm"": 5, ""derive:l6_path_second_derivative"": 1, ""derive:l6_path_tag"": 1, ""fmp:news.derived"": 1, ""derive:l6_sens_cashflow"": 1, ""derive:l6_sens_growth_margin"": 1, ""derive:l6_sens_rates"": 1, ""derive:l6_sens_risk_narrative"": 1, ""derive:l7_env_risk_appetite"": 1, ""fmp:beneficial-ownership"": 1, ""futu"": 1, ""derive:l7_mood_fomo"": 1, ""futu:snapshot"": 1, ""derive:l8_industry_demand_supply"": 1, ""derive:l8_industry_price_war"": 1, ""derive:l8_val_priced_in"": 1, ""fmp:insider-trading"": 1, ""fmp:news"": 1, ""fmp:sec-filings"": 1}",company,L2.newbiz.commercialization;L2.newbiz.revenue_contrib;L2.newbiz.tam;L2.newbiz.uncertainty;L2.newbiz.valuation_contrib,L10.val.expansion_compression;L11.long.business_model;L11.long.compete_moat;L11.long.industry_space;L11.long.margin;L11.long.score;L11.mid.eps_upward;L11.mid.margin_guidance;L11.mid.orders_revenue;L11.mid.score;L11.mode;L11.short.event_impact;L11.short.flow_boost;L11.short.score;L11.short.sentiment_shift;L11.short.technical;L11.trade.signal;L5.bs.ar_ap;L5.bs.cash_debt;L5.bs.goodwill_ppe;L5.bs.inventory;L5.bs.leverage;L5.cf.buyback_dividend;L5.cf.capex;L5.cf.fcf;L5.cf.icf_fcf;L5.cf.ocf;L5.fcst.eps_cf;L5.fcst.revenue_margin;L5.fcst.revisions;L5.is.cogs;L5.is.eps;L5.is.gross_margin;L5.is.gross_profit;L5.is.margins;L5.is.net_profit;L5.is.operating_profit;L5.is.revenue;L5.is.revenue_growth;L5.is.sga_rd;L5.surprise.preprice;L5.surprise.sell_side;L6.mult.dcf;L6.mult.ev_ebitda;L6.mult.mcap_fcf;L6.mult.pb;L6.mult.pe;L6.mult.peg;L6.mult.ps;L6.path.second_derivative;L6.path.tag;L6.priced.news_age;L6.sens.cashflow;L6.sens.growth_margin;L6.sens.rates;L6.sens.risk_narrative;L7.env.risk_appetite;L7.holders.institutional;L7.market.l2_quote;L7.mood.fomo;L7.trade.volume_turnover;L8.industry.demand_supply;L8.industry.price_war;L8.val.priced_in;L9.event.insider_trades;L9.event.news_flow;L9.event.recent_filings,
WHR.US,Whirlpool,US,EXPORT_MFG,59,1,5,51,2,0,67,0,73,250,29.20,"{""derive:l10_val_expansion_compression"": 1, ""derive:bootstrap_l11_subscore"": 11, ""derive:l11_long_score"": 1, ""derive:l11_mid_score"": 1, ""derive:l11_mode"": 1, ""derive:l11_short_score"": 1, ""derive:l11_trade_signal"": 1, ""fmp:balance-sheet"": 4, ""fmp:balance-sheet.derived"": 1, ""fmp:cash-flow"": 5, ""fmp:analyst-estimates"": 2, ""fmp:analyst-estimates.derived"": 2, ""fmp:income-statement"": 9, ""fmp:financial-growth"": 1, ""fmp:earnings.derived"": 1, ""fmp:discounted-cash-flow"": 1, ""fmp:key-metrics-ttm"": 1, ""fmp:ratios-ttm"": 5, ""derive:l6_path_second_derivative"": 1, ""derive:l6_path_tag"": 1, ""fmp:news.derived"": 1, ""derive:l6_sens_cashflow"": 1, ""derive:l6_sens_growth_margin"": 1, ""derive:l6_sens_rates"": 1, ""derive:l6_sens_risk_narrative"": 1, ""derive:l7_env_risk_appetite"": 1, ""fmp:beneficial-ownership"": 1, ""futu"": 1, ""derive:l7_mood_fomo"": 1, ""futu:snapshot"": 1, ""derive:l8_industry_demand_supply"": 1, ""derive:l8_industry_price_war"": 1, ""derive:l8_val_priced_in"": 1, ""fmp:insider-trading"": 1, ""fmp:news"": 1, ""fmp:sec-filings"": 1}",company,L2.newbiz.commercialization;L2.newbiz.revenue_contrib;L2.newbiz.tam;L2.newbiz.uncertainty;L2.newbiz.valuation_contrib,L10.val.expansion_compression;L11.long.business_model;L11.long.compete_moat;L11.long.industry_space;L11.long.margin;L11.long.score;L11.mid.eps_upward;L11.mid.margin_guidance;L11.mid.orders_revenue;L11.mid.score;L11.mode;L11.short.event_impact;L11.short.flow_boost;L11.short.score;L11.short.sentiment_shift;L11.short.technical;L11.trade.signal;L5.bs.ar_ap;L5.bs.cash_debt;L5.bs.goodwill_ppe;L5.bs.inventory;L5.bs.leverage;L5.cf.buyback_dividend;L5.cf.capex;L5.cf.fcf;L5.cf.icf_fcf;L5.cf.ocf;L5.fcst.eps_cf;L5.fcst.revenue_margin;L5.fcst.revisions;L5.is.cogs;L5.is.eps;L5.is.gross_margin;L5.is.gross_profit;L5.is.margins;L5.is.net_profit;L5.is.operating_profit;L5.is.revenue;L5.is.revenue_growth;L5.is.sga_rd;L5.surprise.preprice;L5.surprise.sell_side;L6.mult.dcf;L6.mult.ev_ebitda;L6.mult.mcap_fcf;L6.mult.pb;L6.mult.pe;L6.mult.peg;L6.mult.ps;L6.path.second_derivative;L6.path.tag;L6.priced.news_age;L6.sens.cashflow;L6.sens.growth_margin;L6.sens.rates;L6.sens.risk_narrative;L7.env.risk_appetite;L7.holders.institutional;L7.market.l2_quote;L7.mood.fomo;L7.trade.volume_turnover;L8.industry.demand_supply;L8.industry.price_war;L8.val.priced_in;L9.event.insider_trades;L9.event.news_flow;L9.event.recent_filings,
ZBRA.US,Zebra,US,ROBOTICS,59,1,5,51,2,0,67,0,73,250,29.20,"{""derive:l10_val_expansion_compression"": 1, ""derive:bootstrap_l11_subscore"": 11, ""derive:l11_long_score"": 1, ""derive:l11_mid_score"": 1, ""derive:l11_mode"": 1, ""derive:l11_short_score"": 1, ""derive:l11_trade_signal"": 1, ""fmp:balance-sheet"": 4, ""fmp:balance-sheet.derived"": 1, ""fmp:cash-flow"": 5, ""fmp:analyst-estimates"": 2, ""fmp:analyst-estimates.derived"": 2, ""fmp:income-statement"": 9, ""fmp:financial-growth"": 1, ""fmp:earnings.derived"": 1, ""fmp:discounted-cash-flow"": 1, ""fmp:key-metrics-ttm"": 1, ""fmp:ratios-ttm"": 5, ""derive:l6_path_second_derivative"": 1, ""derive:l6_path_tag"": 1, ""fmp:news.derived"": 1, ""derive:l6_sens_cashflow"": 1, ""derive:l6_sens_growth_margin"": 1, ""derive:l6_sens_rates"": 1, ""derive:l6_sens_risk_narrative"": 1, ""derive:l7_env_risk_appetite"": 1, ""fmp:beneficial-ownership"": 1, ""futu"": 1, ""derive:l7_mood_fomo"": 1, ""futu:snapshot"": 1, ""derive:l8_industry_demand_supply"": 1, ""derive:l8_industry_price_war"": 1, ""derive:l8_val_priced_in"": 1, ""fmp:insider-trading"": 1, ""fmp:news"": 1, ""fmp:sec-filings"": 1}",company,L2.newbiz.commercialization;L2.newbiz.revenue_contrib;L2.newbiz.tam;L2.newbiz.uncertainty;L2.newbiz.valuation_contrib,L10.val.expansion_compression;L11.long.business_model;L11.long.compete_moat;L11.long.industry_space;L11.long.margin;L11.long.score;L11.mid.eps_upward;L11.mid.margin_guidance;L11.mid.orders_revenue;L11.mid.score;L11.mode;L11.short.event_impact;L11.short.flow_boost;L11.short.score;L11.short.sentiment_shift;L11.short.technical;L11.trade.signal;L5.bs.ar_ap;L5.bs.cash_debt;L5.bs.goodwill_ppe;L5.bs.inventory;L5.bs.leverage;L5.cf.buyback_dividend;L5.cf.capex;L5.cf.fcf;L5.cf.icf_fcf;L5.cf.ocf;L5.fcst.eps_cf;L5.fcst.revenue_margin;L5.fcst.revisions;L5.is.cogs;L5.is.eps;L5.is.gross_margin;L5.is.gross_profit;L5.is.margins;L5.is.net_profit;L5.is.operating_profit;L5.is.revenue;L5.is.revenue_growth;L5.is.sga_rd;L5.surprise.preprice;L5.surprise.sell_side;L6.mult.dcf;L6.mult.ev_ebitda;L6.mult.mcap_fcf;L6.mult.pb;L6.mult.pe;L6.mult.peg;L6.mult.ps;L6.path.second_derivative;L6.path.tag;L6.priced.news_age;L6.sens.cashflow;L6.sens.growth_margin;L6.sens.rates;L6.sens.risk_narrative;L7.env.risk_appetite;L7.holders.institutional;L7.market.l2_quote;L7.mood.fomo;L7.trade.volume_turnover;L8.industry.demand_supply;L8.industry.price_war;L8.val.priced_in;L9.event.insider_trades;L9.event.news_flow;L9.event.recent_filings,
